institution_name,field_name,field_code,status,country_of_origin,year,student_count,source_file
Australian Catholic University,"Agriculture, Environmental and Related Studies",05,domestic,,2020,3,bronze/education-higher-ed/education_he-student-enrolments-pivot_2024.xlsx
Australian Catholic University,"Agriculture, Environmental and Related Studies",05,domestic,,2021,0,bronze/education-higher-ed/education_he-student-enrolments-pivot_2024.xlsx
Australian Catholic University,Creative Arts,10,domestic,,2020,195,bronze/education-higher-ed/education_he-student-enrolments-pivot_2024.xlsx
Australian Catholic University,Creative Arts,10,domestic,,2021,176,bronze/education-higher-ed/education_he-student-enrolments-pivot_2024.xlsx
Australian Catholic University,Creative Arts,10,domestic,,2022,190,bronze/education-higher-ed/education_he-student-enrolments-pivot_2024.xlsx
Australian Catholic University,Creative Arts,10,domestic,,2023,171,bronze/education-higher-ed/education_he-student-enrolments-pivot_2024.xlsx
Australian Catholic University,Creative Arts,10,domestic,,2024,153,bronze/education-higher-ed/education_he-student-enrolments-pivot_2024.xlsx
Australian Catholic University,Creative Arts,10,international,,2020,11,bronze/education-higher-ed/education_he-student-enrolments-pivot_2024.xlsx
Australian Catholic University,Creative Arts,10,international,,2021,5,bronze/education-higher-ed/education_he-student-enrolments-pivot_2024.xlsx
Australian Catholic University,Creative Arts,10,international,,2022,14,bronze/education-higher-ed/education_he-student-enrolments-pivot_2024.xlsx
Australian Catholic University,Creative Arts,10,international,,2023,25,bronze/education-higher-ed/education_he-student-enrolments-pivot_2024.xlsx
Australian Catholic University,Creative Arts,10,international,,2024,28,bronze/education-higher-ed/education_he-student-enrolments-pivot_2024.xlsx
Australian Catholic University,Education,07,domestic,,2020,9314,bronze/education-higher-ed/education_he-student-enrolments-pivot_2024.xlsx
Australian Catholic University,Education,07,domestic,,2021,9802,bronze/education-higher-ed/education_he-student-enrolments-pivot_2024.xlsx
Australian Catholic University,Education,07,domestic,,2022,9560,bronze/education-higher-ed/education_he-student-enrolments-pivot_2024.xlsx
Australian Catholic University,Education,07,domestic,,2023,9411,bronze/education-higher-ed/education_he-student-enrolments-pivot_2024.xlsx
Australian Catholic University,Education,07,domestic,,2024,9738,bronze/education-higher-ed/education_he-student-enrolments-pivot_2024.xlsx
Australian Catholic University,Education,07,international,,2020,471,bronze/education-higher-ed/education_he-student-enrolments-pivot_2024.xlsx
Australian Catholic University,Education,07,international,,2021,381,bronze/education-higher-ed/education_he-student-enrolments-pivot_2024.xlsx
Australian Catholic University,Education,07,international,,2022,431,bronze/education-higher-ed/education_he-student-enrolments-pivot_2024.xlsx
Australian Catholic University,Education,07,international,,2023,505,bronze/education-higher-ed/education_he-student-enrolments-pivot_2024.xlsx
Australian Catholic University,Education,07,international,,2024,837,bronze/education-higher-ed/education_he-student-enrolments-pivot_2024.xlsx
Australian Catholic University,Engineering and Related Technologies,03,domestic,,2021,3,bronze/education-higher-ed/education_he-student-enrolments-pivot_2024.xlsx
Australian Catholic University,Health,06,domestic,,2020,12310,bronze/education-higher-ed/education_he-student-enrolments-pivot_2024.xlsx
Australian Catholic University,Health,06,domestic,,2021,12619,bronze/education-higher-ed/education_he-student-enrolments-pivot_2024.xlsx
Australian Catholic University,Health,06,domestic,,2022,12389,bronze/education-higher-ed/education_he-student-enrolments-pivot_2024.xlsx
Australian Catholic University,Health,06,domestic,,2023,12255,bronze/education-higher-ed/education_he-student-enrolments-pivot_2024.xlsx
Australian Catholic University,Health,06,domestic,,2024,12475,bronze/education-higher-ed/education_he-student-enrolments-pivot_2024.xlsx
Australian Catholic University,Health,06,international,,2020,2333,bronze/education-higher-ed/education_he-student-enrolments-pivot_2024.xlsx
Australian Catholic University,Health,06,international,,2021,2396,bronze/education-higher-ed/education_he-student-enrolments-pivot_2024.xlsx
Australian Catholic University,Health,06,international,,2022,2342,bronze/education-higher-ed/education_he-student-enrolments-pivot_2024.xlsx
Australian Catholic University,Health,06,international,,2023,2091,bronze/education-higher-ed/education_he-student-enrolments-pivot_2024.xlsx
Australian Catholic University,Health,06,international,,2024,2629,bronze/education-higher-ed/education_he-student-enrolments-pivot_2024.xlsx
Australian Catholic University,Information Technology,02,domestic,,2020,96,bronze/education-higher-ed/education_he-student-enrolments-pivot_2024.xlsx
Australian Catholic University,Information Technology,02,domestic,,2021,87,bronze/education-higher-ed/education_he-student-enrolments-pivot_2024.xlsx
Australian Catholic University,Information Technology,02,domestic,,2022,108,bronze/education-higher-ed/education_he-student-enrolments-pivot_2024.xlsx
Australian Catholic University,Information Technology,02,domestic,,2023,91,bronze/education-higher-ed/education_he-student-enrolments-pivot_2024.xlsx
Australian Catholic University,Information Technology,02,domestic,,2024,101,bronze/education-higher-ed/education_he-student-enrolments-pivot_2024.xlsx
Australian Catholic University,Information Technology,02,international,,2020,170,bronze/education-higher-ed/education_he-student-enrolments-pivot_2024.xlsx
Australian Catholic University,Information Technology,02,international,,2021,71,bronze/education-higher-ed/education_he-student-enrolments-pivot_2024.xlsx
Australian Catholic University,Information Technology,02,international,,2022,152,bronze/education-higher-ed/education_he-student-enrolments-pivot_2024.xlsx
Australian Catholic University,Information Technology,02,international,,2023,210,bronze/education-higher-ed/education_he-student-enrolments-pivot_2024.xlsx
Australian Catholic University,Information Technology,02,international,,2024,588,bronze/education-higher-ed/education_he-student-enrolments-pivot_2024.xlsx
Australian Catholic University,Management and Commerce,08,domestic,,2020,1231,bronze/education-higher-ed/education_he-student-enrolments-pivot_2024.xlsx
Australian Catholic University,Management and Commerce,08,domestic,,2021,1076,bronze/education-higher-ed/education_he-student-enrolments-pivot_2024.xlsx
Australian Catholic University,Management and Commerce,08,domestic,,2022,942,bronze/education-higher-ed/education_he-student-enrolments-pivot_2024.xlsx
Australian Catholic University,Management and Commerce,08,domestic,,2023,836,bronze/education-higher-ed/education_he-student-enrolments-pivot_2024.xlsx
Australian Catholic University,Management and Commerce,08,domestic,,2024,866,bronze/education-higher-ed/education_he-student-enrolments-pivot_2024.xlsx
Australian Catholic University,Management and Commerce,08,international,,2020,349,bronze/education-higher-ed/education_he-student-enrolments-pivot_2024.xlsx
Australian Catholic University,Management and Commerce,08,international,,2021,179,bronze/education-higher-ed/education_he-student-enrolments-pivot_2024.xlsx
Australian Catholic University,Management and Commerce,08,international,,2022,326,bronze/education-higher-ed/education_he-student-enrolments-pivot_2024.xlsx
Australian Catholic University,Management and Commerce,08,international,,2023,479,bronze/education-higher-ed/education_he-student-enrolments-pivot_2024.xlsx
Australian Catholic University,Management and Commerce,08,international,,2024,941,bronze/education-higher-ed/education_he-student-enrolments-pivot_2024.xlsx
Australian Catholic University,Natural and Physical Sciences,01,domestic,,2020,393,bronze/education-higher-ed/education_he-student-enrolments-pivot_2024.xlsx
Australian Catholic University,Natural and Physical Sciences,01,domestic,,2021,392,bronze/education-higher-ed/education_he-student-enrolments-pivot_2024.xlsx
Australian Catholic University,Natural and Physical Sciences,01,domestic,,2022,393,bronze/education-higher-ed/education_he-student-enrolments-pivot_2024.xlsx
Australian Catholic University,Natural and Physical Sciences,01,domestic,,2023,330,bronze/education-higher-ed/education_he-student-enrolments-pivot_2024.xlsx
Australian Catholic University,Natural and Physical Sciences,01,domestic,,2024,285,bronze/education-higher-ed/education_he-student-enrolments-pivot_2024.xlsx
Australian Catholic University,Natural and Physical Sciences,01,international,,2020,36,bronze/education-higher-ed/education_he-student-enrolments-pivot_2024.xlsx
Australian Catholic University,Natural and Physical Sciences,01,international,,2021,35,bronze/education-higher-ed/education_he-student-enrolments-pivot_2024.xlsx
Australian Catholic University,Natural and Physical Sciences,01,international,,2022,52,bronze/education-higher-ed/education_he-student-enrolments-pivot_2024.xlsx
Australian Catholic University,Natural and Physical Sciences,01,international,,2023,72,bronze/education-higher-ed/education_he-student-enrolments-pivot_2024.xlsx
Australian Catholic University,Natural and Physical Sciences,01,international,,2024,108,bronze/education-higher-ed/education_he-student-enrolments-pivot_2024.xlsx
Australian Catholic University,Non-Award Courses,,domestic,,2020,303,bronze/education-higher-ed/education_he-student-enrolments-pivot_2024.xlsx
Australian Catholic University,Non-Award Courses,,domestic,,2021,531,bronze/education-higher-ed/education_he-student-enrolments-pivot_2024.xlsx
Australian Catholic University,Non-Award Courses,,domestic,,2022,582,bronze/education-higher-ed/education_he-student-enrolments-pivot_2024.xlsx
Australian Catholic University,Non-Award Courses,,domestic,,2023,749,bronze/education-higher-ed/education_he-student-enrolments-pivot_2024.xlsx
Australian Catholic University,Non-Award Courses,,domestic,,2024,974,bronze/education-higher-ed/education_he-student-enrolments-pivot_2024.xlsx
Australian Catholic University,Non-Award Courses,,international,,2020,429,bronze/education-higher-ed/education_he-student-enrolments-pivot_2024.xlsx
Australian Catholic University,Non-Award Courses,,international,,2021,111,bronze/education-higher-ed/education_he-student-enrolments-pivot_2024.xlsx
Australian Catholic University,Non-Award Courses,,international,,2022,270,bronze/education-higher-ed/education_he-student-enrolments-pivot_2024.xlsx
Australian Catholic University,Non-Award Courses,,international,,2023,373,bronze/education-higher-ed/education_he-student-enrolments-pivot_2024.xlsx
Australian Catholic University,Non-Award Courses,,international,,2024,228,bronze/education-higher-ed/education_he-student-enrolments-pivot_2024.xlsx
Australian Catholic University,Not provided,,domestic,,2021,20,bronze/education-higher-ed/education_he-student-enrolments-pivot_2024.xlsx
Australian Catholic University,Society and Culture,09,domestic,,2020,4385,bronze/education-higher-ed/education_he-student-enrolments-pivot_2024.xlsx
Australian Catholic University,Society and Culture,09,domestic,,2021,4504,bronze/education-higher-ed/education_he-student-enrolments-pivot_2024.xlsx
Australian Catholic University,Society and Culture,09,domestic,,2022,4440,bronze/education-higher-ed/education_he-student-enrolments-pivot_2024.xlsx
Australian Catholic University,Society and Culture,09,domestic,,2023,4320,bronze/education-higher-ed/education_he-student-enrolments-pivot_2024.xlsx
Australian Catholic University,Society and Culture,09,domestic,,2024,4446,bronze/education-higher-ed/education_he-student-enrolments-pivot_2024.xlsx
Australian Catholic University,Society and Culture,09,international,,2020,317,bronze/education-higher-ed/education_he-student-enrolments-pivot_2024.xlsx
Australian Catholic University,Society and Culture,09,international,,2021,349,bronze/education-higher-ed/education_he-student-enrolments-pivot_2024.xlsx
Australian Catholic University,Society and Culture,09,international,,2022,309,bronze/education-higher-ed/education_he-student-enrolments-pivot_2024.xlsx
Australian Catholic University,Society and Culture,09,international,,2023,363,bronze/education-higher-ed/education_he-student-enrolments-pivot_2024.xlsx
Australian Catholic University,Society and Culture,09,international,,2024,396,bronze/education-higher-ed/education_he-student-enrolments-pivot_2024.xlsx
Avondale University,Creative Arts,10,domestic,,2020,83,bronze/education-higher-ed/education_he-student-enrolments-pivot_2024.xlsx
Avondale University,Creative Arts,10,domestic,,2021,104,bronze/education-higher-ed/education_he-student-enrolments-pivot_2024.xlsx
Avondale University,Creative Arts,10,domestic,,2022,49,bronze/education-higher-ed/education_he-student-enrolments-pivot_2024.xlsx
Avondale University,Creative Arts,10,domestic,,2023,56,bronze/education-higher-ed/education_he-student-enrolments-pivot_2024.xlsx
Avondale University,Creative Arts,10,domestic,,2024,31,bronze/education-higher-ed/education_he-student-enrolments-pivot_2024.xlsx
Avondale University,Creative Arts,10,international,,2020,0,bronze/education-higher-ed/education_he-student-enrolments-pivot_2024.xlsx
Avondale University,Creative Arts,10,international,,2021,4,bronze/education-higher-ed/education_he-student-enrolments-pivot_2024.xlsx
Avondale University,Creative Arts,10,international,,2022,0,bronze/education-higher-ed/education_he-student-enrolments-pivot_2024.xlsx
Avondale University,Creative Arts,10,international,,2023,0,bronze/education-higher-ed/education_he-student-enrolments-pivot_2024.xlsx
Avondale University,Education,07,domestic,,2020,358,bronze/education-higher-ed/education_he-student-enrolments-pivot_2024.xlsx
Avondale University,Education,07,domestic,,2021,383,bronze/education-higher-ed/education_he-student-enrolments-pivot_2024.xlsx
Avondale University,Education,07,domestic,,2022,318,bronze/education-higher-ed/education_he-student-enrolments-pivot_2024.xlsx
Avondale University,Education,07,domestic,,2023,308,bronze/education-higher-ed/education_he-student-enrolments-pivot_2024.xlsx
Avondale University,Education,07,domestic,,2024,312,bronze/education-higher-ed/education_he-student-enrolments-pivot_2024.xlsx
Avondale University,Education,07,international,,2020,14,bronze/education-higher-ed/education_he-student-enrolments-pivot_2024.xlsx
Avondale University,Education,07,international,,2021,9,bronze/education-higher-ed/education_he-student-enrolments-pivot_2024.xlsx
Avondale University,Education,07,international,,2022,12,bronze/education-higher-ed/education_he-student-enrolments-pivot_2024.xlsx
Avondale University,Education,07,international,,2023,5,bronze/education-higher-ed/education_he-student-enrolments-pivot_2024.xlsx
Avondale University,Education,07,international,,2024,9,bronze/education-higher-ed/education_he-student-enrolments-pivot_2024.xlsx
Avondale University,Health,06,domestic,,2020,360,bronze/education-higher-ed/education_he-student-enrolments-pivot_2024.xlsx
Avondale University,Health,06,domestic,,2021,403,bronze/education-higher-ed/education_he-student-enrolments-pivot_2024.xlsx
Avondale University,Health,06,domestic,,2022,373,bronze/education-higher-ed/education_he-student-enrolments-pivot_2024.xlsx
Avondale University,Health,06,domestic,,2023,345,bronze/education-higher-ed/education_he-student-enrolments-pivot_2024.xlsx
Avondale University,Health,06,domestic,,2024,329,bronze/education-higher-ed/education_he-student-enrolments-pivot_2024.xlsx
Avondale University,Health,06,international,,2020,96,bronze/education-higher-ed/education_he-student-enrolments-pivot_2024.xlsx
Avondale University,Health,06,international,,2021,87,bronze/education-higher-ed/education_he-student-enrolments-pivot_2024.xlsx
Avondale University,Health,06,international,,2022,70,bronze/education-higher-ed/education_he-student-enrolments-pivot_2024.xlsx
Avondale University,Health,06,international,,2023,56,bronze/education-higher-ed/education_he-student-enrolments-pivot_2024.xlsx
Avondale University,Health,06,international,,2024,54,bronze/education-higher-ed/education_he-student-enrolments-pivot_2024.xlsx
Avondale University,Management and Commerce,08,domestic,,2020,62,bronze/education-higher-ed/education_he-student-enrolments-pivot_2024.xlsx
Avondale University,Management and Commerce,08,domestic,,2021,63,bronze/education-higher-ed/education_he-student-enrolments-pivot_2024.xlsx
Avondale University,Management and Commerce,08,domestic,,2022,56,bronze/education-higher-ed/education_he-student-enrolments-pivot_2024.xlsx
Avondale University,Management and Commerce,08,domestic,,2023,45,bronze/education-higher-ed/education_he-student-enrolments-pivot_2024.xlsx
Avondale University,Management and Commerce,08,domestic,,2024,66,bronze/education-higher-ed/education_he-student-enrolments-pivot_2024.xlsx
Avondale University,Management and Commerce,08,international,,2020,15,bronze/education-higher-ed/education_he-student-enrolments-pivot_2024.xlsx
Avondale University,Management and Commerce,08,international,,2021,11,bronze/education-higher-ed/education_he-student-enrolments-pivot_2024.xlsx
Avondale University,Management and Commerce,08,international,,2022,12,bronze/education-higher-ed/education_he-student-enrolments-pivot_2024.xlsx
Avondale University,Management and Commerce,08,international,,2023,0,bronze/education-higher-ed/education_he-student-enrolments-pivot_2024.xlsx
Avondale University,Management and Commerce,08,international,,2024,6,bronze/education-higher-ed/education_he-student-enrolments-pivot_2024.xlsx
Avondale University,Natural and Physical Sciences,01,domestic,,2020,6,bronze/education-higher-ed/education_he-student-enrolments-pivot_2024.xlsx
Avondale University,Natural and Physical Sciences,01,domestic,,2021,1,bronze/education-higher-ed/education_he-student-enrolments-pivot_2024.xlsx
Avondale University,Natural and Physical Sciences,01,domestic,,2022,2,bronze/education-higher-ed/education_he-student-enrolments-pivot_2024.xlsx
Avondale University,Non-Award Courses,,domestic,,2020,5,bronze/education-higher-ed/education_he-student-enrolments-pivot_2024.xlsx
Avondale University,Non-Award Courses,,domestic,,2021,11,bronze/education-higher-ed/education_he-student-enrolments-pivot_2024.xlsx
Avondale University,Non-Award Courses,,domestic,,2022,31,bronze/education-higher-ed/education_he-student-enrolments-pivot_2024.xlsx
Avondale University,Non-Award Courses,,domestic,,2023,12,bronze/education-higher-ed/education_he-student-enrolments-pivot_2024.xlsx
Avondale University,Non-Award Courses,,domestic,,2024,6,bronze/education-higher-ed/education_he-student-enrolments-pivot_2024.xlsx
Avondale University,Non-Award Courses,,international,,2022,2,bronze/education-higher-ed/education_he-student-enrolments-pivot_2024.xlsx
Avondale University,Society and Culture,09,domestic,,2020,189,bronze/education-higher-ed/education_he-student-enrolments-pivot_2024.xlsx
Avondale University,Society and Culture,09,domestic,,2021,181,bronze/education-higher-ed/education_he-student-enrolments-pivot_2024.xlsx
Avondale University,Society and Culture,09,domestic,,2022,183,bronze/education-higher-ed/education_he-student-enrolments-pivot_2024.xlsx
Avondale University,Society and Culture,09,domestic,,2023,197,bronze/education-higher-ed/education_he-student-enrolments-pivot_2024.xlsx
Avondale University,Society and Culture,09,domestic,,2024,275,bronze/education-higher-ed/education_he-student-enrolments-pivot_2024.xlsx
Avondale University,Society and Culture,09,international,,2020,9,bronze/education-higher-ed/education_he-student-enrolments-pivot_2024.xlsx
Avondale University,Society and Culture,09,international,,2021,7,bronze/education-higher-ed/education_he-student-enrolments-pivot_2024.xlsx
Avondale University,Society and Culture,09,international,,2022,3,bronze/education-higher-ed/education_he-student-enrolments-pivot_2024.xlsx
Avondale University,Society and Culture,09,international,,2023,14,bronze/education-higher-ed/education_he-student-enrolments-pivot_2024.xlsx
Avondale University,Society and Culture,09,international,,2024,18,bronze/education-higher-ed/education_he-student-enrolments-pivot_2024.xlsx
Bond University,"Agriculture, Environmental and Related Studies",05,domestic,,2020,4,bronze/education-higher-ed/education_he-student-enrolments-pivot_2024.xlsx
Bond University,"Agriculture, Environmental and Related Studies",05,domestic,,2021,2,bronze/education-higher-ed/education_he-student-enrolments-pivot_2024.xlsx
Bond University,"Agriculture, Environmental and Related Studies",05,domestic,,2022,3,bronze/education-higher-ed/education_he-student-enrolments-pivot_2024.xlsx
Bond University,"Agriculture, Environmental and Related Studies",05,domestic,,2023,5,bronze/education-higher-ed/education_he-student-enrolments-pivot_2024.xlsx
Bond University,"Agriculture, Environmental and Related Studies",05,domestic,,2024,3,bronze/education-higher-ed/education_he-student-enrolments-pivot_2024.xlsx
Bond University,"Agriculture, Environmental and Related Studies",05,international,,2020,9,bronze/education-higher-ed/education_he-student-enrolments-pivot_2024.xlsx
Bond University,"Agriculture, Environmental and Related Studies",05,international,,2024,0,bronze/education-higher-ed/education_he-student-enrolments-pivot_2024.xlsx
Bond University,Architecture and Building,04,domestic,,2020,168,bronze/education-higher-ed/education_he-student-enrolments-pivot_2024.xlsx
Bond University,Architecture and Building,04,domestic,,2021,198,bronze/education-higher-ed/education_he-student-enrolments-pivot_2024.xlsx
Bond University,Architecture and Building,04,domestic,,2022,180,bronze/education-higher-ed/education_he-student-enrolments-pivot_2024.xlsx
Bond University,Architecture and Building,04,domestic,,2023,164,bronze/education-higher-ed/education_he-student-enrolments-pivot_2024.xlsx
Bond University,Architecture and Building,04,domestic,,2024,163,bronze/education-higher-ed/education_he-student-enrolments-pivot_2024.xlsx
Bond University,Architecture and Building,04,international,,2020,507,bronze/education-higher-ed/education_he-student-enrolments-pivot_2024.xlsx
Bond University,Architecture and Building,04,international,,2021,322,bronze/education-higher-ed/education_he-student-enrolments-pivot_2024.xlsx
Bond University,Architecture and Building,04,international,,2022,256,bronze/education-higher-ed/education_he-student-enrolments-pivot_2024.xlsx
Bond University,Architecture and Building,04,international,,2023,270,bronze/education-higher-ed/education_he-student-enrolments-pivot_2024.xlsx
Bond University,Architecture and Building,04,international,,2024,350,bronze/education-higher-ed/education_he-student-enrolments-pivot_2024.xlsx
Bond University,Creative Arts,10,domestic,,2020,163,bronze/education-higher-ed/education_he-student-enrolments-pivot_2024.xlsx
Bond University,Creative Arts,10,domestic,,2021,172,bronze/education-higher-ed/education_he-student-enrolments-pivot_2024.xlsx
Bond University,Creative Arts,10,domestic,,2022,173,bronze/education-higher-ed/education_he-student-enrolments-pivot_2024.xlsx
Bond University,Creative Arts,10,domestic,,2023,166,bronze/education-higher-ed/education_he-student-enrolments-pivot_2024.xlsx
Bond University,Creative Arts,10,domestic,,2024,170,bronze/education-higher-ed/education_he-student-enrolments-pivot_2024.xlsx
Bond University,Creative Arts,10,international,,2020,67,bronze/education-higher-ed/education_he-student-enrolments-pivot_2024.xlsx
Bond University,Creative Arts,10,international,,2021,32,bronze/education-higher-ed/education_he-student-enrolments-pivot_2024.xlsx
Bond University,Creative Arts,10,international,,2022,44,bronze/education-higher-ed/education_he-student-enrolments-pivot_2024.xlsx
Bond University,Creative Arts,10,international,,2023,51,bronze/education-higher-ed/education_he-student-enrolments-pivot_2024.xlsx
Bond University,Creative Arts,10,international,,2024,52,bronze/education-higher-ed/education_he-student-enrolments-pivot_2024.xlsx
Bond University,Education,07,domestic,,2020,57,bronze/education-higher-ed/education_he-student-enrolments-pivot_2024.xlsx
Bond University,Education,07,domestic,,2021,53,bronze/education-higher-ed/education_he-student-enrolments-pivot_2024.xlsx
Bond University,Education,07,domestic,,2022,32,bronze/education-higher-ed/education_he-student-enrolments-pivot_2024.xlsx
Bond University,Education,07,domestic,,2023,25,bronze/education-higher-ed/education_he-student-enrolments-pivot_2024.xlsx
Bond University,Education,07,domestic,,2024,6,bronze/education-higher-ed/education_he-student-enrolments-pivot_2024.xlsx
Bond University,Education,07,international,,2020,12,bronze/education-higher-ed/education_he-student-enrolments-pivot_2024.xlsx
Bond University,Education,07,international,,2021,11,bronze/education-higher-ed/education_he-student-enrolments-pivot_2024.xlsx
Bond University,Education,07,international,,2022,9,bronze/education-higher-ed/education_he-student-enrolments-pivot_2024.xlsx
Bond University,Education,07,international,,2023,5,bronze/education-higher-ed/education_he-student-enrolments-pivot_2024.xlsx
Bond University,Education,07,international,,2024,3,bronze/education-higher-ed/education_he-student-enrolments-pivot_2024.xlsx
Bond University,Health,06,domestic,,2020,1005,bronze/education-higher-ed/education_he-student-enrolments-pivot_2024.xlsx
Bond University,Health,06,domestic,,2021,1118,bronze/education-higher-ed/education_he-student-enrolments-pivot_2024.xlsx
Bond University,Health,06,domestic,,2022,1207,bronze/education-higher-ed/education_he-student-enrolments-pivot_2024.xlsx
Bond University,Health,06,domestic,,2023,1292,bronze/education-higher-ed/education_he-student-enrolments-pivot_2024.xlsx
Bond University,Health,06,domestic,,2024,1346,bronze/education-higher-ed/education_he-student-enrolments-pivot_2024.xlsx
Bond University,Health,06,international,,2020,179,bronze/education-higher-ed/education_he-student-enrolments-pivot_2024.xlsx
Bond University,Health,06,international,,2021,212,bronze/education-higher-ed/education_he-student-enrolments-pivot_2024.xlsx
Bond University,Health,06,international,,2022,221,bronze/education-higher-ed/education_he-student-enrolments-pivot_2024.xlsx
Bond University,Health,06,international,,2023,235,bronze/education-higher-ed/education_he-student-enrolments-pivot_2024.xlsx
Bond University,Health,06,international,,2024,272,bronze/education-higher-ed/education_he-student-enrolments-pivot_2024.xlsx
Bond University,Information Technology,02,domestic,,2020,7,bronze/education-higher-ed/education_he-student-enrolments-pivot_2024.xlsx
Bond University,Information Technology,02,domestic,,2021,7,bronze/education-higher-ed/education_he-student-enrolments-pivot_2024.xlsx
Bond University,Information Technology,02,domestic,,2022,5,bronze/education-higher-ed/education_he-student-enrolments-pivot_2024.xlsx
Bond University,Information Technology,02,domestic,,2023,3,bronze/education-higher-ed/education_he-student-enrolments-pivot_2024.xlsx
Bond University,Information Technology,02,domestic,,2024,9,bronze/education-higher-ed/education_he-student-enrolments-pivot_2024.xlsx
Bond University,Information Technology,02,international,,2021,1,bronze/education-higher-ed/education_he-student-enrolments-pivot_2024.xlsx
Bond University,Information Technology,02,international,,2022,1,bronze/education-higher-ed/education_he-student-enrolments-pivot_2024.xlsx
Bond University,Information Technology,02,international,,2023,4,bronze/education-higher-ed/education_he-student-enrolments-pivot_2024.xlsx
Bond University,Information Technology,02,international,,2024,2,bronze/education-higher-ed/education_he-student-enrolments-pivot_2024.xlsx
Bond University,Management and Commerce,08,domestic,,2020,686,bronze/education-higher-ed/education_he-student-enrolments-pivot_2024.xlsx
Bond University,Management and Commerce,08,domestic,,2021,693,bronze/education-higher-ed/education_he-student-enrolments-pivot_2024.xlsx
Bond University,Management and Commerce,08,domestic,,2022,710,bronze/education-higher-ed/education_he-student-enrolments-pivot_2024.xlsx
Bond University,Management and Commerce,08,domestic,,2023,680,bronze/education-higher-ed/education_he-student-enrolments-pivot_2024.xlsx
Bond University,Management and Commerce,08,domestic,,2024,729,bronze/education-higher-ed/education_he-student-enrolments-pivot_2024.xlsx
Bond University,Management and Commerce,08,international,,2020,578,bronze/education-higher-ed/education_he-student-enrolments-pivot_2024.xlsx
Bond University,Management and Commerce,08,international,,2021,523,bronze/education-higher-ed/education_he-student-enrolments-pivot_2024.xlsx
Bond University,Management and Commerce,08,international,,2022,593,bronze/education-higher-ed/education_he-student-enrolments-pivot_2024.xlsx
Bond University,Management and Commerce,08,international,,2023,599,bronze/education-higher-ed/education_he-student-enrolments-pivot_2024.xlsx
Bond University,Management and Commerce,08,international,,2024,507,bronze/education-higher-ed/education_he-student-enrolments-pivot_2024.xlsx
Bond University,Mixed Field Programmes,12,domestic,,2020,22,bronze/education-higher-ed/education_he-student-enrolments-pivot_2024.xlsx
Bond University,Mixed Field Programmes,12,domestic,,2021,27,bronze/education-higher-ed/education_he-student-enrolments-pivot_2024.xlsx
Bond University,Mixed Field Programmes,12,domestic,,2022,22,bronze/education-higher-ed/education_he-student-enrolments-pivot_2024.xlsx
Bond University,Mixed Field Programmes,12,domestic,,2023,21,bronze/education-higher-ed/education_he-student-enrolments-pivot_2024.xlsx
Bond University,Mixed Field Programmes,12,domestic,,2024,32,bronze/education-higher-ed/education_he-student-enrolments-pivot_2024.xlsx
Bond University,Mixed Field Programmes,12,international,,2020,42,bronze/education-higher-ed/education_he-student-enrolments-pivot_2024.xlsx
Bond University,Mixed Field Programmes,12,international,,2021,26,bronze/education-higher-ed/education_he-student-enrolments-pivot_2024.xlsx
Bond University,Mixed Field Programmes,12,international,,2022,5,bronze/education-higher-ed/education_he-student-enrolments-pivot_2024.xlsx
Bond University,Mixed Field Programmes,12,international,,2023,5,bronze/education-higher-ed/education_he-student-enrolments-pivot_2024.xlsx
Bond University,Mixed Field Programmes,12,international,,2024,13,bronze/education-higher-ed/education_he-student-enrolments-pivot_2024.xlsx
Bond University,Natural and Physical Sciences,01,domestic,,2020,112,bronze/education-higher-ed/education_he-student-enrolments-pivot_2024.xlsx
Bond University,Natural and Physical Sciences,01,domestic,,2021,118,bronze/education-higher-ed/education_he-student-enrolments-pivot_2024.xlsx
Bond University,Natural and Physical Sciences,01,domestic,,2022,171,bronze/education-higher-ed/education_he-student-enrolments-pivot_2024.xlsx
Bond University,Natural and Physical Sciences,01,domestic,,2023,184,bronze/education-higher-ed/education_he-student-enrolments-pivot_2024.xlsx
Bond University,Natural and Physical Sciences,01,domestic,,2024,188,bronze/education-higher-ed/education_he-student-enrolments-pivot_2024.xlsx
Bond University,Natural and Physical Sciences,01,international,,2020,29,bronze/education-higher-ed/education_he-student-enrolments-pivot_2024.xlsx
Bond University,Natural and Physical Sciences,01,international,,2021,13,bronze/education-higher-ed/education_he-student-enrolments-pivot_2024.xlsx
Bond University,Natural and Physical Sciences,01,international,,2022,18,bronze/education-higher-ed/education_he-student-enrolments-pivot_2024.xlsx
Bond University,Natural and Physical Sciences,01,international,,2023,24,bronze/education-higher-ed/education_he-student-enrolments-pivot_2024.xlsx
Bond University,Natural and Physical Sciences,01,international,,2024,29,bronze/education-higher-ed/education_he-student-enrolments-pivot_2024.xlsx
Bond University,Non-Award Courses,,domestic,,2020,55,bronze/education-higher-ed/education_he-student-enrolments-pivot_2024.xlsx
Bond University,Non-Award Courses,,domestic,,2021,80,bronze/education-higher-ed/education_he-student-enrolments-pivot_2024.xlsx
Bond University,Non-Award Courses,,domestic,,2022,93,bronze/education-higher-ed/education_he-student-enrolments-pivot_2024.xlsx
Bond University,Non-Award Courses,,domestic,,2023,104,bronze/education-higher-ed/education_he-student-enrolments-pivot_2024.xlsx
Bond University,Non-Award Courses,,domestic,,2024,73,bronze/education-higher-ed/education_he-student-enrolments-pivot_2024.xlsx
Bond University,Non-Award Courses,,international,,2020,470,bronze/education-higher-ed/education_he-student-enrolments-pivot_2024.xlsx
Bond University,Non-Award Courses,,international,,2021,27,bronze/education-higher-ed/education_he-student-enrolments-pivot_2024.xlsx
Bond University,Non-Award Courses,,international,,2022,303,bronze/education-higher-ed/education_he-student-enrolments-pivot_2024.xlsx
Bond University,Non-Award Courses,,international,,2023,528,bronze/education-higher-ed/education_he-student-enrolments-pivot_2024.xlsx
Bond University,Non-Award Courses,,international,,2024,594,bronze/education-higher-ed/education_he-student-enrolments-pivot_2024.xlsx
Bond University,Society and Culture,09,domestic,,2020,866,bronze/education-higher-ed/education_he-student-enrolments-pivot_2024.xlsx
Bond University,Society and Culture,09,domestic,,2021,985,bronze/education-higher-ed/education_he-student-enrolments-pivot_2024.xlsx
Bond University,Society and Culture,09,domestic,,2022,1000,bronze/education-higher-ed/education_he-student-enrolments-pivot_2024.xlsx
Bond University,Society and Culture,09,domestic,,2023,854,bronze/education-higher-ed/education_he-student-enrolments-pivot_2024.xlsx
Bond University,Society and Culture,09,domestic,,2024,924,bronze/education-higher-ed/education_he-student-enrolments-pivot_2024.xlsx
Bond University,Society and Culture,09,international,,2020,556,bronze/education-higher-ed/education_he-student-enrolments-pivot_2024.xlsx
Bond University,Society and Culture,09,international,,2021,551,bronze/education-higher-ed/education_he-student-enrolments-pivot_2024.xlsx
Bond University,Society and Culture,09,international,,2022,542,bronze/education-higher-ed/education_he-student-enrolments-pivot_2024.xlsx
Bond University,Society and Culture,09,international,,2023,498,bronze/education-higher-ed/education_he-student-enrolments-pivot_2024.xlsx
Bond University,Society and Culture,09,international,,2024,480,bronze/education-higher-ed/education_he-student-enrolments-pivot_2024.xlsx
CQUniversity,"Agriculture, Environmental and Related Studies",05,domestic,,2020,214,bronze/education-higher-ed/education_he-student-enrolments-pivot_2024.xlsx
CQUniversity,"Agriculture, Environmental and Related Studies",05,domestic,,2021,206,bronze/education-higher-ed/education_he-student-enrolments-pivot_2024.xlsx
CQUniversity,"Agriculture, Environmental and Related Studies",05,domestic,,2022,189,bronze/education-higher-ed/education_he-student-enrolments-pivot_2024.xlsx
CQUniversity,"Agriculture, Environmental and Related Studies",05,domestic,,2023,185,bronze/education-higher-ed/education_he-student-enrolments-pivot_2024.xlsx
CQUniversity,"Agriculture, Environmental and Related Studies",05,domestic,,2024,190,bronze/education-higher-ed/education_he-student-enrolments-pivot_2024.xlsx
CQUniversity,"Agriculture, Environmental and Related Studies",05,international,,2020,28,bronze/education-higher-ed/education_he-student-enrolments-pivot_2024.xlsx
CQUniversity,"Agriculture, Environmental and Related Studies",05,international,,2021,34,bronze/education-higher-ed/education_he-student-enrolments-pivot_2024.xlsx
CQUniversity,"Agriculture, Environmental and Related Studies",05,international,,2022,58,bronze/education-higher-ed/education_he-student-enrolments-pivot_2024.xlsx
CQUniversity,"Agriculture, Environmental and Related Studies",05,international,,2023,48,bronze/education-higher-ed/education_he-student-enrolments-pivot_2024.xlsx
CQUniversity,"Agriculture, Environmental and Related Studies",05,international,,2024,47,bronze/education-higher-ed/education_he-student-enrolments-pivot_2024.xlsx
CQUniversity,Architecture and Building,04,domestic,,2020,314,bronze/education-higher-ed/education_he-student-enrolments-pivot_2024.xlsx
CQUniversity,Architecture and Building,04,domestic,,2021,312,bronze/education-higher-ed/education_he-student-enrolments-pivot_2024.xlsx
CQUniversity,Architecture and Building,04,domestic,,2022,302,bronze/education-higher-ed/education_he-student-enrolments-pivot_2024.xlsx
CQUniversity,Architecture and Building,04,domestic,,2023,276,bronze/education-higher-ed/education_he-student-enrolments-pivot_2024.xlsx
CQUniversity,Architecture and Building,04,domestic,,2024,249,bronze/education-higher-ed/education_he-student-enrolments-pivot_2024.xlsx
CQUniversity,Architecture and Building,04,international,,2020,0,bronze/education-higher-ed/education_he-student-enrolments-pivot_2024.xlsx
CQUniversity,Architecture and Building,04,international,,2021,27,bronze/education-higher-ed/education_he-student-enrolments-pivot_2024.xlsx
CQUniversity,Architecture and Building,04,international,,2022,90,bronze/education-higher-ed/education_he-student-enrolments-pivot_2024.xlsx
CQUniversity,Architecture and Building,04,international,,2023,226,bronze/education-higher-ed/education_he-student-enrolments-pivot_2024.xlsx
CQUniversity,Architecture and Building,04,international,,2024,267,bronze/education-higher-ed/education_he-student-enrolments-pivot_2024.xlsx
CQUniversity,Creative Arts,10,domestic,,2020,625,bronze/education-higher-ed/education_he-student-enrolments-pivot_2024.xlsx
CQUniversity,Creative Arts,10,domestic,,2021,574,bronze/education-higher-ed/education_he-student-enrolments-pivot_2024.xlsx
CQUniversity,Creative Arts,10,domestic,,2022,488,bronze/education-higher-ed/education_he-student-enrolments-pivot_2024.xlsx
CQUniversity,Creative Arts,10,domestic,,2023,429,bronze/education-higher-ed/education_he-student-enrolments-pivot_2024.xlsx
CQUniversity,Creative Arts,10,domestic,,2024,336,bronze/education-higher-ed/education_he-student-enrolments-pivot_2024.xlsx
CQUniversity,Creative Arts,10,international,,2020,16,bronze/education-higher-ed/education_he-student-enrolments-pivot_2024.xlsx
CQUniversity,Creative Arts,10,international,,2021,11,bronze/education-higher-ed/education_he-student-enrolments-pivot_2024.xlsx
CQUniversity,Creative Arts,10,international,,2022,9,bronze/education-higher-ed/education_he-student-enrolments-pivot_2024.xlsx
CQUniversity,Creative Arts,10,international,,2023,12,bronze/education-higher-ed/education_he-student-enrolments-pivot_2024.xlsx
CQUniversity,Creative Arts,10,international,,2024,0,bronze/education-higher-ed/education_he-student-enrolments-pivot_2024.xlsx
CQUniversity,Education,07,domestic,,2020,2152,bronze/education-higher-ed/education_he-student-enrolments-pivot_2024.xlsx
CQUniversity,Education,07,domestic,,2021,2414,bronze/education-higher-ed/education_he-student-enrolments-pivot_2024.xlsx
CQUniversity,Education,07,domestic,,2022,2329,bronze/education-higher-ed/education_he-student-enrolments-pivot_2024.xlsx
CQUniversity,Education,07,domestic,,2023,2173,bronze/education-higher-ed/education_he-student-enrolments-pivot_2024.xlsx
CQUniversity,Education,07,domestic,,2024,2210,bronze/education-higher-ed/education_he-student-enrolments-pivot_2024.xlsx
CQUniversity,Education,07,international,,2020,17,bronze/education-higher-ed/education_he-student-enrolments-pivot_2024.xlsx
CQUniversity,Education,07,international,,2021,44,bronze/education-higher-ed/education_he-student-enrolments-pivot_2024.xlsx
CQUniversity,Education,07,international,,2022,17,bronze/education-higher-ed/education_he-student-enrolments-pivot_2024.xlsx
CQUniversity,Education,07,international,,2023,21,bronze/education-higher-ed/education_he-student-enrolments-pivot_2024.xlsx
CQUniversity,Education,07,international,,2024,30,bronze/education-higher-ed/education_he-student-enrolments-pivot_2024.xlsx
CQUniversity,Engineering and Related Technologies,03,domestic,,2020,1208,bronze/education-higher-ed/education_he-student-enrolments-pivot_2024.xlsx
CQUniversity,Engineering and Related Technologies,03,domestic,,2021,1214,bronze/education-higher-ed/education_he-student-enrolments-pivot_2024.xlsx
CQUniversity,Engineering and Related Technologies,03,domestic,,2022,1194,bronze/education-higher-ed/education_he-student-enrolments-pivot_2024.xlsx
CQUniversity,Engineering and Related Technologies,03,domestic,,2023,1089,bronze/education-higher-ed/education_he-student-enrolments-pivot_2024.xlsx
CQUniversity,Engineering and Related Technologies,03,domestic,,2024,1140,bronze/education-higher-ed/education_he-student-enrolments-pivot_2024.xlsx
CQUniversity,Engineering and Related Technologies,03,international,,2020,470,bronze/education-higher-ed/education_he-student-enrolments-pivot_2024.xlsx
CQUniversity,Engineering and Related Technologies,03,international,,2021,273,bronze/education-higher-ed/education_he-student-enrolments-pivot_2024.xlsx
CQUniversity,Engineering and Related Technologies,03,international,,2022,198,bronze/education-higher-ed/education_he-student-enrolments-pivot_2024.xlsx
CQUniversity,Engineering and Related Technologies,03,international,,2023,230,bronze/education-higher-ed/education_he-student-enrolments-pivot_2024.xlsx
CQUniversity,Engineering and Related Technologies,03,international,,2024,261,bronze/education-higher-ed/education_he-student-enrolments-pivot_2024.xlsx
CQUniversity,Health,06,domestic,,2020,7151,bronze/education-higher-ed/education_he-student-enrolments-pivot_2024.xlsx
CQUniversity,Health,06,domestic,,2021,7205,bronze/education-higher-ed/education_he-student-enrolments-pivot_2024.xlsx
CQUniversity,Health,06,domestic,,2022,6565,bronze/education-higher-ed/education_he-student-enrolments-pivot_2024.xlsx
CQUniversity,Health,06,domestic,,2023,6420,bronze/education-higher-ed/education_he-student-enrolments-pivot_2024.xlsx
CQUniversity,Health,06,domestic,,2024,6483,bronze/education-higher-ed/education_he-student-enrolments-pivot_2024.xlsx
CQUniversity,Health,06,international,,2020,453,bronze/education-higher-ed/education_he-student-enrolments-pivot_2024.xlsx
CQUniversity,Health,06,international,,2021,295,bronze/education-higher-ed/education_he-student-enrolments-pivot_2024.xlsx
CQUniversity,Health,06,international,,2022,467,bronze/education-higher-ed/education_he-student-enrolments-pivot_2024.xlsx
CQUniversity,Health,06,international,,2023,762,bronze/education-higher-ed/education_he-student-enrolments-pivot_2024.xlsx
CQUniversity,Health,06,international,,2024,936,bronze/education-higher-ed/education_he-student-enrolments-pivot_2024.xlsx
CQUniversity,Information Technology,02,domestic,,2020,447,bronze/education-higher-ed/education_he-student-enrolments-pivot_2024.xlsx
CQUniversity,Information Technology,02,domestic,,2021,441,bronze/education-higher-ed/education_he-student-enrolments-pivot_2024.xlsx
CQUniversity,Information Technology,02,domestic,,2022,357,bronze/education-higher-ed/education_he-student-enrolments-pivot_2024.xlsx
CQUniversity,Information Technology,02,domestic,,2023,324,bronze/education-higher-ed/education_he-student-enrolments-pivot_2024.xlsx
CQUniversity,Information Technology,02,domestic,,2024,316,bronze/education-higher-ed/education_he-student-enrolments-pivot_2024.xlsx
CQUniversity,Information Technology,02,international,,2020,1896,bronze/education-higher-ed/education_he-student-enrolments-pivot_2024.xlsx
CQUniversity,Information Technology,02,international,,2021,859,bronze/education-higher-ed/education_he-student-enrolments-pivot_2024.xlsx
CQUniversity,Information Technology,02,international,,2022,1117,bronze/education-higher-ed/education_he-student-enrolments-pivot_2024.xlsx
CQUniversity,Information Technology,02,international,,2023,1437,bronze/education-higher-ed/education_he-student-enrolments-pivot_2024.xlsx
CQUniversity,Information Technology,02,international,,2024,1890,bronze/education-higher-ed/education_he-student-enrolments-pivot_2024.xlsx
CQUniversity,Management and Commerce,08,domestic,,2020,2036,bronze/education-higher-ed/education_he-student-enrolments-pivot_2024.xlsx
CQUniversity,Management and Commerce,08,domestic,,2021,1824,bronze/education-higher-ed/education_he-student-enrolments-pivot_2024.xlsx
CQUniversity,Management and Commerce,08,domestic,,2022,1369,bronze/education-higher-ed/education_he-student-enrolments-pivot_2024.xlsx
CQUniversity,Management and Commerce,08,domestic,,2023,1135,bronze/education-higher-ed/education_he-student-enrolments-pivot_2024.xlsx
CQUniversity,Management and Commerce,08,domestic,,2024,1028,bronze/education-higher-ed/education_he-student-enrolments-pivot_2024.xlsx
CQUniversity,Management and Commerce,08,international,,2020,2906,bronze/education-higher-ed/education_he-student-enrolments-pivot_2024.xlsx
CQUniversity,Management and Commerce,08,international,,2021,1316,bronze/education-higher-ed/education_he-student-enrolments-pivot_2024.xlsx
CQUniversity,Management and Commerce,08,international,,2022,2049,bronze/education-higher-ed/education_he-student-enrolments-pivot_2024.xlsx
CQUniversity,Management and Commerce,08,international,,2023,2374,bronze/education-higher-ed/education_he-student-enrolments-pivot_2024.xlsx
CQUniversity,Management and Commerce,08,international,,2024,2042,bronze/education-higher-ed/education_he-student-enrolments-pivot_2024.xlsx
CQUniversity,Mixed Field Programmes,12,domestic,,2020,2084,bronze/education-higher-ed/education_he-student-enrolments-pivot_2024.xlsx
CQUniversity,Mixed Field Programmes,12,domestic,,2021,1988,bronze/education-higher-ed/education_he-student-enrolments-pivot_2024.xlsx
CQUniversity,Mixed Field Programmes,12,domestic,,2022,1672,bronze/education-higher-ed/education_he-student-enrolments-pivot_2024.xlsx
CQUniversity,Mixed Field Programmes,12,domestic,,2023,1436,bronze/education-higher-ed/education_he-student-enrolments-pivot_2024.xlsx
CQUniversity,Mixed Field Programmes,12,domestic,,2024,1471,bronze/education-higher-ed/education_he-student-enrolments-pivot_2024.xlsx
CQUniversity,Natural and Physical Sciences,01,domestic,,2020,316,bronze/education-higher-ed/education_he-student-enrolments-pivot_2024.xlsx
CQUniversity,Natural and Physical Sciences,01,domestic,,2021,307,bronze/education-higher-ed/education_he-student-enrolments-pivot_2024.xlsx
CQUniversity,Natural and Physical Sciences,01,domestic,,2022,307,bronze/education-higher-ed/education_he-student-enrolments-pivot_2024.xlsx
CQUniversity,Natural and Physical Sciences,01,domestic,,2023,305,bronze/education-higher-ed/education_he-student-enrolments-pivot_2024.xlsx
CQUniversity,Natural and Physical Sciences,01,domestic,,2024,319,bronze/education-higher-ed/education_he-student-enrolments-pivot_2024.xlsx
CQUniversity,Natural and Physical Sciences,01,international,,2020,10,bronze/education-higher-ed/education_he-student-enrolments-pivot_2024.xlsx
CQUniversity,Natural and Physical Sciences,01,international,,2021,8,bronze/education-higher-ed/education_he-student-enrolments-pivot_2024.xlsx
CQUniversity,Natural and Physical Sciences,01,international,,2022,22,bronze/education-higher-ed/education_he-student-enrolments-pivot_2024.xlsx
CQUniversity,Natural and Physical Sciences,01,international,,2023,21,bronze/education-higher-ed/education_he-student-enrolments-pivot_2024.xlsx
CQUniversity,Natural and Physical Sciences,01,international,,2024,8,bronze/education-higher-ed/education_he-student-enrolments-pivot_2024.xlsx
CQUniversity,Non-Award Courses,,domestic,,2020,474,bronze/education-higher-ed/education_he-student-enrolments-pivot_2024.xlsx
CQUniversity,Non-Award Courses,,domestic,,2021,468,bronze/education-higher-ed/education_he-student-enrolments-pivot_2024.xlsx
CQUniversity,Non-Award Courses,,domestic,,2022,421,bronze/education-higher-ed/education_he-student-enrolments-pivot_2024.xlsx
CQUniversity,Non-Award Courses,,domestic,,2023,467,bronze/education-higher-ed/education_he-student-enrolments-pivot_2024.xlsx
CQUniversity,Non-Award Courses,,domestic,,2024,507,bronze/education-higher-ed/education_he-student-enrolments-pivot_2024.xlsx
CQUniversity,Non-Award Courses,,international,,2020,9,bronze/education-higher-ed/education_he-student-enrolments-pivot_2024.xlsx
CQUniversity,Non-Award Courses,,international,,2021,4,bronze/education-higher-ed/education_he-student-enrolments-pivot_2024.xlsx
CQUniversity,Non-Award Courses,,international,,2022,8,bronze/education-higher-ed/education_he-student-enrolments-pivot_2024.xlsx
CQUniversity,Non-Award Courses,,international,,2023,17,bronze/education-higher-ed/education_he-student-enrolments-pivot_2024.xlsx
CQUniversity,Non-Award Courses,,international,,2024,19,bronze/education-higher-ed/education_he-student-enrolments-pivot_2024.xlsx
CQUniversity,Society and Culture,09,domestic,,2020,2793,bronze/education-higher-ed/education_he-student-enrolments-pivot_2024.xlsx
CQUniversity,Society and Culture,09,domestic,,2021,2863,bronze/education-higher-ed/education_he-student-enrolments-pivot_2024.xlsx
CQUniversity,Society and Culture,09,domestic,,2022,2673,bronze/education-higher-ed/education_he-student-enrolments-pivot_2024.xlsx
CQUniversity,Society and Culture,09,domestic,,2023,2498,bronze/education-higher-ed/education_he-student-enrolments-pivot_2024.xlsx
CQUniversity,Society and Culture,09,domestic,,2024,2263,bronze/education-higher-ed/education_he-student-enrolments-pivot_2024.xlsx
CQUniversity,Society and Culture,09,international,,2020,13,bronze/education-higher-ed/education_he-student-enrolments-pivot_2024.xlsx
CQUniversity,Society and Culture,09,international,,2021,17,bronze/education-higher-ed/education_he-student-enrolments-pivot_2024.xlsx
CQUniversity,Society and Culture,09,international,,2022,23,bronze/education-higher-ed/education_he-student-enrolments-pivot_2024.xlsx
CQUniversity,Society and Culture,09,international,,2023,24,bronze/education-higher-ed/education_he-student-enrolments-pivot_2024.xlsx
CQUniversity,Society and Culture,09,international,,2024,23,bronze/education-higher-ed/education_he-student-enrolments-pivot_2024.xlsx
Charles Darwin University,"Agriculture, Environmental and Related Studies",05,domestic,,2020,266,bronze/education-higher-ed/education_he-student-enrolments-pivot_2024.xlsx
Charles Darwin University,"Agriculture, Environmental and Related Studies",05,domestic,,2021,240,bronze/education-higher-ed/education_he-student-enrolments-pivot_2024.xlsx
Charles Darwin University,"Agriculture, Environmental and Related Studies",05,domestic,,2022,240,bronze/education-higher-ed/education_he-student-enrolments-pivot_2024.xlsx
Charles Darwin University,"Agriculture, Environmental and Related Studies",05,domestic,,2023,211,bronze/education-higher-ed/education_he-student-enrolments-pivot_2024.xlsx
Charles Darwin University,"Agriculture, Environmental and Related Studies",05,domestic,,2024,210,bronze/education-higher-ed/education_he-student-enrolments-pivot_2024.xlsx
Charles Darwin University,"Agriculture, Environmental and Related Studies",05,international,,2020,37,bronze/education-higher-ed/education_he-student-enrolments-pivot_2024.xlsx
Charles Darwin University,"Agriculture, Environmental and Related Studies",05,international,,2021,40,bronze/education-higher-ed/education_he-student-enrolments-pivot_2024.xlsx
Charles Darwin University,"Agriculture, Environmental and Related Studies",05,international,,2022,29,bronze/education-higher-ed/education_he-student-enrolments-pivot_2024.xlsx
Charles Darwin University,"Agriculture, Environmental and Related Studies",05,international,,2023,64,bronze/education-higher-ed/education_he-student-enrolments-pivot_2024.xlsx
Charles Darwin University,"Agriculture, Environmental and Related Studies",05,international,,2024,73,bronze/education-higher-ed/education_he-student-enrolments-pivot_2024.xlsx
Charles Darwin University,Architecture and Building,04,domestic,,2020,35,bronze/education-higher-ed/education_he-student-enrolments-pivot_2024.xlsx
Charles Darwin University,Architecture and Building,04,domestic,,2021,20,bronze/education-higher-ed/education_he-student-enrolments-pivot_2024.xlsx
Charles Darwin University,Architecture and Building,04,domestic,,2022,5,bronze/education-higher-ed/education_he-student-enrolments-pivot_2024.xlsx
Charles Darwin University,Architecture and Building,04,domestic,,2023,5,bronze/education-higher-ed/education_he-student-enrolments-pivot_2024.xlsx
Charles Darwin University,Architecture and Building,04,domestic,,2024,0,bronze/education-higher-ed/education_he-student-enrolments-pivot_2024.xlsx
Charles Darwin University,Architecture and Building,04,international,,2020,10,bronze/education-higher-ed/education_he-student-enrolments-pivot_2024.xlsx
Charles Darwin University,Architecture and Building,04,international,,2021,5,bronze/education-higher-ed/education_he-student-enrolments-pivot_2024.xlsx
Charles Darwin University,Architecture and Building,04,international,,2022,5,bronze/education-higher-ed/education_he-student-enrolments-pivot_2024.xlsx
Charles Darwin University,Architecture and Building,04,international,,2023,3,bronze/education-higher-ed/education_he-student-enrolments-pivot_2024.xlsx
Charles Darwin University,Architecture and Building,04,international,,2024,0,bronze/education-higher-ed/education_he-student-enrolments-pivot_2024.xlsx
Charles Darwin University,Creative Arts,10,domestic,,2020,54,bronze/education-higher-ed/education_he-student-enrolments-pivot_2024.xlsx
Charles Darwin University,Creative Arts,10,domestic,,2021,23,bronze/education-higher-ed/education_he-student-enrolments-pivot_2024.xlsx
Charles Darwin University,Creative Arts,10,domestic,,2022,13,bronze/education-higher-ed/education_he-student-enrolments-pivot_2024.xlsx
Charles Darwin University,Creative Arts,10,domestic,,2023,5,bronze/education-higher-ed/education_he-student-enrolments-pivot_2024.xlsx
Charles Darwin University,Creative Arts,10,domestic,,2024,17,bronze/education-higher-ed/education_he-student-enrolments-pivot_2024.xlsx
Charles Darwin University,Creative Arts,10,international,,2020,0,bronze/education-higher-ed/education_he-student-enrolments-pivot_2024.xlsx
Charles Darwin University,Creative Arts,10,international,,2021,0,bronze/education-higher-ed/education_he-student-enrolments-pivot_2024.xlsx
Charles Darwin University,Creative Arts,10,international,,2022,0,bronze/education-higher-ed/education_he-student-enrolments-pivot_2024.xlsx
Charles Darwin University,Education,07,domestic,,2020,1670,bronze/education-higher-ed/education_he-student-enrolments-pivot_2024.xlsx
Charles Darwin University,Education,07,domestic,,2021,1723,bronze/education-higher-ed/education_he-student-enrolments-pivot_2024.xlsx
Charles Darwin University,Education,07,domestic,,2022,1637,bronze/education-higher-ed/education_he-student-enrolments-pivot_2024.xlsx
Charles Darwin University,Education,07,domestic,,2023,1519,bronze/education-higher-ed/education_he-student-enrolments-pivot_2024.xlsx
Charles Darwin University,Education,07,domestic,,2024,1531,bronze/education-higher-ed/education_he-student-enrolments-pivot_2024.xlsx
Charles Darwin University,Education,07,international,,2020,338,bronze/education-higher-ed/education_he-student-enrolments-pivot_2024.xlsx
Charles Darwin University,Education,07,international,,2021,327,bronze/education-higher-ed/education_he-student-enrolments-pivot_2024.xlsx
Charles Darwin University,Education,07,international,,2022,234,bronze/education-higher-ed/education_he-student-enrolments-pivot_2024.xlsx
Charles Darwin University,Education,07,international,,2023,227,bronze/education-higher-ed/education_he-student-enrolments-pivot_2024.xlsx
Charles Darwin University,Education,07,international,,2024,223,bronze/education-higher-ed/education_he-student-enrolments-pivot_2024.xlsx
Charles Darwin University,Engineering and Related Technologies,03,domestic,,2020,363,bronze/education-higher-ed/education_he-student-enrolments-pivot_2024.xlsx
Charles Darwin University,Engineering and Related Technologies,03,domestic,,2021,374,bronze/education-higher-ed/education_he-student-enrolments-pivot_2024.xlsx
Charles Darwin University,Engineering and Related Technologies,03,domestic,,2022,373,bronze/education-higher-ed/education_he-student-enrolments-pivot_2024.xlsx
Charles Darwin University,Engineering and Related Technologies,03,domestic,,2023,413,bronze/education-higher-ed/education_he-student-enrolments-pivot_2024.xlsx
Charles Darwin University,Engineering and Related Technologies,03,domestic,,2024,436,bronze/education-higher-ed/education_he-student-enrolments-pivot_2024.xlsx
Charles Darwin University,Engineering and Related Technologies,03,international,,2020,236,bronze/education-higher-ed/education_he-student-enrolments-pivot_2024.xlsx
Charles Darwin University,Engineering and Related Technologies,03,international,,2021,200,bronze/education-higher-ed/education_he-student-enrolments-pivot_2024.xlsx
Charles Darwin University,Engineering and Related Technologies,03,international,,2022,247,bronze/education-higher-ed/education_he-student-enrolments-pivot_2024.xlsx
Charles Darwin University,Engineering and Related Technologies,03,international,,2023,420,bronze/education-higher-ed/education_he-student-enrolments-pivot_2024.xlsx
Charles Darwin University,Engineering and Related Technologies,03,international,,2024,411,bronze/education-higher-ed/education_he-student-enrolments-pivot_2024.xlsx
Charles Darwin University,Health,06,domestic,,2020,4717,bronze/education-higher-ed/education_he-student-enrolments-pivot_2024.xlsx
Charles Darwin University,Health,06,domestic,,2021,5730,bronze/education-higher-ed/education_he-student-enrolments-pivot_2024.xlsx
Charles Darwin University,Health,06,domestic,,2022,4831,bronze/education-higher-ed/education_he-student-enrolments-pivot_2024.xlsx
Charles Darwin University,Health,06,domestic,,2023,3852,bronze/education-higher-ed/education_he-student-enrolments-pivot_2024.xlsx
Charles Darwin University,Health,06,domestic,,2024,3482,bronze/education-higher-ed/education_he-student-enrolments-pivot_2024.xlsx
Charles Darwin University,Health,06,international,,2020,313,bronze/education-higher-ed/education_he-student-enrolments-pivot_2024.xlsx
Charles Darwin University,Health,06,international,,2021,397,bronze/education-higher-ed/education_he-student-enrolments-pivot_2024.xlsx
Charles Darwin University,Health,06,international,,2022,454,bronze/education-higher-ed/education_he-student-enrolments-pivot_2024.xlsx
Charles Darwin University,Health,06,international,,2023,409,bronze/education-higher-ed/education_he-student-enrolments-pivot_2024.xlsx
Charles Darwin University,Health,06,international,,2024,484,bronze/education-higher-ed/education_he-student-enrolments-pivot_2024.xlsx
Charles Darwin University,Information Technology,02,domestic,,2020,179,bronze/education-higher-ed/education_he-student-enrolments-pivot_2024.xlsx
Charles Darwin University,Information Technology,02,domestic,,2021,163,bronze/education-higher-ed/education_he-student-enrolments-pivot_2024.xlsx
Charles Darwin University,Information Technology,02,domestic,,2022,158,bronze/education-higher-ed/education_he-student-enrolments-pivot_2024.xlsx
Charles Darwin University,Information Technology,02,domestic,,2023,121,bronze/education-higher-ed/education_he-student-enrolments-pivot_2024.xlsx
Charles Darwin University,Information Technology,02,domestic,,2024,130,bronze/education-higher-ed/education_he-student-enrolments-pivot_2024.xlsx
Charles Darwin University,Information Technology,02,international,,2020,330,bronze/education-higher-ed/education_he-student-enrolments-pivot_2024.xlsx
Charles Darwin University,Information Technology,02,international,,2021,334,bronze/education-higher-ed/education_he-student-enrolments-pivot_2024.xlsx
Charles Darwin University,Information Technology,02,international,,2022,400,bronze/education-higher-ed/education_he-student-enrolments-pivot_2024.xlsx
Charles Darwin University,Information Technology,02,international,,2023,1019,bronze/education-higher-ed/education_he-student-enrolments-pivot_2024.xlsx
Charles Darwin University,Information Technology,02,international,,2024,1209,bronze/education-higher-ed/education_he-student-enrolments-pivot_2024.xlsx
Charles Darwin University,Management and Commerce,08,domestic,,2020,363,bronze/education-higher-ed/education_he-student-enrolments-pivot_2024.xlsx
Charles Darwin University,Management and Commerce,08,domestic,,2021,373,bronze/education-higher-ed/education_he-student-enrolments-pivot_2024.xlsx
Charles Darwin University,Management and Commerce,08,domestic,,2022,358,bronze/education-higher-ed/education_he-student-enrolments-pivot_2024.xlsx
Charles Darwin University,Management and Commerce,08,domestic,,2023,321,bronze/education-higher-ed/education_he-student-enrolments-pivot_2024.xlsx
Charles Darwin University,Management and Commerce,08,domestic,,2024,255,bronze/education-higher-ed/education_he-student-enrolments-pivot_2024.xlsx
Charles Darwin University,Management and Commerce,08,international,,2020,631,bronze/education-higher-ed/education_he-student-enrolments-pivot_2024.xlsx
Charles Darwin University,Management and Commerce,08,international,,2021,513,bronze/education-higher-ed/education_he-student-enrolments-pivot_2024.xlsx
Charles Darwin University,Management and Commerce,08,international,,2022,373,bronze/education-higher-ed/education_he-student-enrolments-pivot_2024.xlsx
Charles Darwin University,Management and Commerce,08,international,,2023,792,bronze/education-higher-ed/education_he-student-enrolments-pivot_2024.xlsx
Charles Darwin University,Management and Commerce,08,international,,2024,774,bronze/education-higher-ed/education_he-student-enrolments-pivot_2024.xlsx
Charles Darwin University,Mixed Field Programmes,12,domestic,,2020,1560,bronze/education-higher-ed/education_he-student-enrolments-pivot_2024.xlsx
Charles Darwin University,Mixed Field Programmes,12,domestic,,2021,1348,bronze/education-higher-ed/education_he-student-enrolments-pivot_2024.xlsx
Charles Darwin University,Mixed Field Programmes,12,domestic,,2022,991,bronze/education-higher-ed/education_he-student-enrolments-pivot_2024.xlsx
Charles Darwin University,Mixed Field Programmes,12,domestic,,2023,970,bronze/education-higher-ed/education_he-student-enrolments-pivot_2024.xlsx
Charles Darwin University,Mixed Field Programmes,12,domestic,,2024,1046,bronze/education-higher-ed/education_he-student-enrolments-pivot_2024.xlsx
Charles Darwin University,Mixed Field Programmes,12,international,,2023,36,bronze/education-higher-ed/education_he-student-enrolments-pivot_2024.xlsx
Charles Darwin University,Mixed Field Programmes,12,international,,2024,5,bronze/education-higher-ed/education_he-student-enrolments-pivot_2024.xlsx
Charles Darwin University,Natural and Physical Sciences,01,domestic,,2020,161,bronze/education-higher-ed/education_he-student-enrolments-pivot_2024.xlsx
Charles Darwin University,Natural and Physical Sciences,01,domestic,,2021,193,bronze/education-higher-ed/education_he-student-enrolments-pivot_2024.xlsx
Charles Darwin University,Natural and Physical Sciences,01,domestic,,2022,172,bronze/education-higher-ed/education_he-student-enrolments-pivot_2024.xlsx
Charles Darwin University,Natural and Physical Sciences,01,domestic,,2023,168,bronze/education-higher-ed/education_he-student-enrolments-pivot_2024.xlsx
Charles Darwin University,Natural and Physical Sciences,01,domestic,,2024,190,bronze/education-higher-ed/education_he-student-enrolments-pivot_2024.xlsx
Charles Darwin University,Natural and Physical Sciences,01,international,,2020,27,bronze/education-higher-ed/education_he-student-enrolments-pivot_2024.xlsx
Charles Darwin University,Natural and Physical Sciences,01,international,,2021,30,bronze/education-higher-ed/education_he-student-enrolments-pivot_2024.xlsx
Charles Darwin University,Natural and Physical Sciences,01,international,,2022,50,bronze/education-higher-ed/education_he-student-enrolments-pivot_2024.xlsx
Charles Darwin University,Natural and Physical Sciences,01,international,,2023,78,bronze/education-higher-ed/education_he-student-enrolments-pivot_2024.xlsx
Charles Darwin University,Natural and Physical Sciences,01,international,,2024,93,bronze/education-higher-ed/education_he-student-enrolments-pivot_2024.xlsx
Charles Darwin University,Non-Award Courses,,domestic,,2020,3,bronze/education-higher-ed/education_he-student-enrolments-pivot_2024.xlsx
Charles Darwin University,Non-Award Courses,,domestic,,2021,14,bronze/education-higher-ed/education_he-student-enrolments-pivot_2024.xlsx
Charles Darwin University,Non-Award Courses,,domestic,,2022,0,bronze/education-higher-ed/education_he-student-enrolments-pivot_2024.xlsx
Charles Darwin University,Non-Award Courses,,domestic,,2023,26,bronze/education-higher-ed/education_he-student-enrolments-pivot_2024.xlsx
Charles Darwin University,Non-Award Courses,,domestic,,2024,32,bronze/education-higher-ed/education_he-student-enrolments-pivot_2024.xlsx
Charles Darwin University,Non-Award Courses,,international,,2020,10,bronze/education-higher-ed/education_he-student-enrolments-pivot_2024.xlsx
Charles Darwin University,Non-Award Courses,,international,,2021,31,bronze/education-higher-ed/education_he-student-enrolments-pivot_2024.xlsx
Charles Darwin University,Non-Award Courses,,international,,2022,32,bronze/education-higher-ed/education_he-student-enrolments-pivot_2024.xlsx
Charles Darwin University,Non-Award Courses,,international,,2023,3,bronze/education-higher-ed/education_he-student-enrolments-pivot_2024.xlsx
Charles Darwin University,Society and Culture,09,domestic,,2020,2325,bronze/education-higher-ed/education_he-student-enrolments-pivot_2024.xlsx
Charles Darwin University,Society and Culture,09,domestic,,2021,2424,bronze/education-higher-ed/education_he-student-enrolments-pivot_2024.xlsx
Charles Darwin University,Society and Culture,09,domestic,,2022,2170,bronze/education-higher-ed/education_he-student-enrolments-pivot_2024.xlsx
Charles Darwin University,Society and Culture,09,domestic,,2023,1961,bronze/education-higher-ed/education_he-student-enrolments-pivot_2024.xlsx
Charles Darwin University,Society and Culture,09,domestic,,2024,1789,bronze/education-higher-ed/education_he-student-enrolments-pivot_2024.xlsx
Charles Darwin University,Society and Culture,09,international,,2020,173,bronze/education-higher-ed/education_he-student-enrolments-pivot_2024.xlsx
Charles Darwin University,Society and Culture,09,international,,2021,152,bronze/education-higher-ed/education_he-student-enrolments-pivot_2024.xlsx
Charles Darwin University,Society and Culture,09,international,,2022,184,bronze/education-higher-ed/education_he-student-enrolments-pivot_2024.xlsx
Charles Darwin University,Society and Culture,09,international,,2023,388,bronze/education-higher-ed/education_he-student-enrolments-pivot_2024.xlsx
Charles Darwin University,Society and Culture,09,international,,2024,384,bronze/education-higher-ed/education_he-student-enrolments-pivot_2024.xlsx
Charles Sturt University,"Agriculture, Environmental and Related Studies",05,domestic,,2020,1636,bronze/education-higher-ed/education_he-student-enrolments-pivot_2024.xlsx
Charles Sturt University,"Agriculture, Environmental and Related Studies",05,domestic,,2021,1664,bronze/education-higher-ed/education_he-student-enrolments-pivot_2024.xlsx
Charles Sturt University,"Agriculture, Environmental and Related Studies",05,domestic,,2022,1646,bronze/education-higher-ed/education_he-student-enrolments-pivot_2024.xlsx
Charles Sturt University,"Agriculture, Environmental and Related Studies",05,domestic,,2023,1642,bronze/education-higher-ed/education_he-student-enrolments-pivot_2024.xlsx
Charles Sturt University,"Agriculture, Environmental and Related Studies",05,domestic,,2024,1653,bronze/education-higher-ed/education_he-student-enrolments-pivot_2024.xlsx
Charles Sturt University,"Agriculture, Environmental and Related Studies",05,international,,2020,31,bronze/education-higher-ed/education_he-student-enrolments-pivot_2024.xlsx
Charles Sturt University,"Agriculture, Environmental and Related Studies",05,international,,2021,23,bronze/education-higher-ed/education_he-student-enrolments-pivot_2024.xlsx
Charles Sturt University,"Agriculture, Environmental and Related Studies",05,international,,2022,18,bronze/education-higher-ed/education_he-student-enrolments-pivot_2024.xlsx
Charles Sturt University,"Agriculture, Environmental and Related Studies",05,international,,2023,22,bronze/education-higher-ed/education_he-student-enrolments-pivot_2024.xlsx
Charles Sturt University,"Agriculture, Environmental and Related Studies",05,international,,2024,28,bronze/education-higher-ed/education_he-student-enrolments-pivot_2024.xlsx
Charles Sturt University,Creative Arts,10,domestic,,2020,695,bronze/education-higher-ed/education_he-student-enrolments-pivot_2024.xlsx
Charles Sturt University,Creative Arts,10,domestic,,2021,502,bronze/education-higher-ed/education_he-student-enrolments-pivot_2024.xlsx
Charles Sturt University,Creative Arts,10,domestic,,2022,326,bronze/education-higher-ed/education_he-student-enrolments-pivot_2024.xlsx
Charles Sturt University,Creative Arts,10,domestic,,2023,216,bronze/education-higher-ed/education_he-student-enrolments-pivot_2024.xlsx
Charles Sturt University,Creative Arts,10,domestic,,2024,157,bronze/education-higher-ed/education_he-student-enrolments-pivot_2024.xlsx
Charles Sturt University,Creative Arts,10,international,,2020,0,bronze/education-higher-ed/education_he-student-enrolments-pivot_2024.xlsx
Charles Sturt University,Creative Arts,10,international,,2021,3,bronze/education-higher-ed/education_he-student-enrolments-pivot_2024.xlsx
Charles Sturt University,Creative Arts,10,international,,2022,6,bronze/education-higher-ed/education_he-student-enrolments-pivot_2024.xlsx
Charles Sturt University,Creative Arts,10,international,,2023,0,bronze/education-higher-ed/education_he-student-enrolments-pivot_2024.xlsx
Charles Sturt University,Creative Arts,10,international,,2024,3,bronze/education-higher-ed/education_he-student-enrolments-pivot_2024.xlsx
Charles Sturt University,Education,07,domestic,,2020,9626,bronze/education-higher-ed/education_he-student-enrolments-pivot_2024.xlsx
Charles Sturt University,Education,07,domestic,,2021,8457,bronze/education-higher-ed/education_he-student-enrolments-pivot_2024.xlsx
Charles Sturt University,Education,07,domestic,,2022,7943,bronze/education-higher-ed/education_he-student-enrolments-pivot_2024.xlsx
Charles Sturt University,Education,07,domestic,,2023,7280,bronze/education-higher-ed/education_he-student-enrolments-pivot_2024.xlsx
Charles Sturt University,Education,07,domestic,,2024,7862,bronze/education-higher-ed/education_he-student-enrolments-pivot_2024.xlsx
Charles Sturt University,Education,07,international,,2020,127,bronze/education-higher-ed/education_he-student-enrolments-pivot_2024.xlsx
Charles Sturt University,Education,07,international,,2021,143,bronze/education-higher-ed/education_he-student-enrolments-pivot_2024.xlsx
Charles Sturt University,Education,07,international,,2022,96,bronze/education-higher-ed/education_he-student-enrolments-pivot_2024.xlsx
Charles Sturt University,Education,07,international,,2023,102,bronze/education-higher-ed/education_he-student-enrolments-pivot_2024.xlsx
Charles Sturt University,Education,07,international,,2024,117,bronze/education-higher-ed/education_he-student-enrolments-pivot_2024.xlsx
Charles Sturt University,Engineering and Related Technologies,03,domestic,,2020,152,bronze/education-higher-ed/education_he-student-enrolments-pivot_2024.xlsx
Charles Sturt University,Engineering and Related Technologies,03,domestic,,2021,155,bronze/education-higher-ed/education_he-student-enrolments-pivot_2024.xlsx
Charles Sturt University,Engineering and Related Technologies,03,domestic,,2022,150,bronze/education-higher-ed/education_he-student-enrolments-pivot_2024.xlsx
Charles Sturt University,Engineering and Related Technologies,03,domestic,,2023,169,bronze/education-higher-ed/education_he-student-enrolments-pivot_2024.xlsx
Charles Sturt University,Engineering and Related Technologies,03,domestic,,2024,170,bronze/education-higher-ed/education_he-student-enrolments-pivot_2024.xlsx
Charles Sturt University,Engineering and Related Technologies,03,international,,2021,4,bronze/education-higher-ed/education_he-student-enrolments-pivot_2024.xlsx
Charles Sturt University,Engineering and Related Technologies,03,international,,2022,0,bronze/education-higher-ed/education_he-student-enrolments-pivot_2024.xlsx
Charles Sturt University,Engineering and Related Technologies,03,international,,2023,0,bronze/education-higher-ed/education_he-student-enrolments-pivot_2024.xlsx
Charles Sturt University,Engineering and Related Technologies,03,international,,2024,2,bronze/education-higher-ed/education_he-student-enrolments-pivot_2024.xlsx
Charles Sturt University,Health,06,domestic,,2020,7003,bronze/education-higher-ed/education_he-student-enrolments-pivot_2024.xlsx
Charles Sturt University,Health,06,domestic,,2021,7344,bronze/education-higher-ed/education_he-student-enrolments-pivot_2024.xlsx
Charles Sturt University,Health,06,domestic,,2022,7493,bronze/education-higher-ed/education_he-student-enrolments-pivot_2024.xlsx
Charles Sturt University,Health,06,domestic,,2023,7977,bronze/education-higher-ed/education_he-student-enrolments-pivot_2024.xlsx
Charles Sturt University,Health,06,domestic,,2024,8249,bronze/education-higher-ed/education_he-student-enrolments-pivot_2024.xlsx
Charles Sturt University,Health,06,international,,2020,174,bronze/education-higher-ed/education_he-student-enrolments-pivot_2024.xlsx
Charles Sturt University,Health,06,international,,2021,246,bronze/education-higher-ed/education_he-student-enrolments-pivot_2024.xlsx
Charles Sturt University,Health,06,international,,2022,358,bronze/education-higher-ed/education_he-student-enrolments-pivot_2024.xlsx
Charles Sturt University,Health,06,international,,2023,415,bronze/education-higher-ed/education_he-student-enrolments-pivot_2024.xlsx
Charles Sturt University,Health,06,international,,2024,496,bronze/education-higher-ed/education_he-student-enrolments-pivot_2024.xlsx
Charles Sturt University,Information Technology,02,domestic,,2020,1391,bronze/education-higher-ed/education_he-student-enrolments-pivot_2024.xlsx
Charles Sturt University,Information Technology,02,domestic,,2021,1867,bronze/education-higher-ed/education_he-student-enrolments-pivot_2024.xlsx
Charles Sturt University,Information Technology,02,domestic,,2022,1694,bronze/education-higher-ed/education_he-student-enrolments-pivot_2024.xlsx
Charles Sturt University,Information Technology,02,domestic,,2023,1793,bronze/education-higher-ed/education_he-student-enrolments-pivot_2024.xlsx
Charles Sturt University,Information Technology,02,domestic,,2024,1614,bronze/education-higher-ed/education_he-student-enrolments-pivot_2024.xlsx
Charles Sturt University,Information Technology,02,international,,2020,3856,bronze/education-higher-ed/education_he-student-enrolments-pivot_2024.xlsx
Charles Sturt University,Information Technology,02,international,,2021,1769,bronze/education-higher-ed/education_he-student-enrolments-pivot_2024.xlsx
Charles Sturt University,Information Technology,02,international,,2022,446,bronze/education-higher-ed/education_he-student-enrolments-pivot_2024.xlsx
Charles Sturt University,Information Technology,02,international,,2023,159,bronze/education-higher-ed/education_he-student-enrolments-pivot_2024.xlsx
Charles Sturt University,Information Technology,02,international,,2024,173,bronze/education-higher-ed/education_he-student-enrolments-pivot_2024.xlsx
Charles Sturt University,Management and Commerce,08,domestic,,2020,2827,bronze/education-higher-ed/education_he-student-enrolments-pivot_2024.xlsx
Charles Sturt University,Management and Commerce,08,domestic,,2021,2383,bronze/education-higher-ed/education_he-student-enrolments-pivot_2024.xlsx
Charles Sturt University,Management and Commerce,08,domestic,,2022,1933,bronze/education-higher-ed/education_he-student-enrolments-pivot_2024.xlsx
Charles Sturt University,Management and Commerce,08,domestic,,2023,1641,bronze/education-higher-ed/education_he-student-enrolments-pivot_2024.xlsx
Charles Sturt University,Management and Commerce,08,domestic,,2024,1420,bronze/education-higher-ed/education_he-student-enrolments-pivot_2024.xlsx
Charles Sturt University,Management and Commerce,08,international,,2020,2795,bronze/education-higher-ed/education_he-student-enrolments-pivot_2024.xlsx
Charles Sturt University,Management and Commerce,08,international,,2021,2663,bronze/education-higher-ed/education_he-student-enrolments-pivot_2024.xlsx
Charles Sturt University,Management and Commerce,08,international,,2022,2413,bronze/education-higher-ed/education_he-student-enrolments-pivot_2024.xlsx
Charles Sturt University,Management and Commerce,08,international,,2023,2362,bronze/education-higher-ed/education_he-student-enrolments-pivot_2024.xlsx
Charles Sturt University,Management and Commerce,08,international,,2024,2407,bronze/education-higher-ed/education_he-student-enrolments-pivot_2024.xlsx
Charles Sturt University,Mixed Field Programmes,12,domestic,,2024,86,bronze/education-higher-ed/education_he-student-enrolments-pivot_2024.xlsx
Charles Sturt University,Natural and Physical Sciences,01,domestic,,2020,1187,bronze/education-higher-ed/education_he-student-enrolments-pivot_2024.xlsx
Charles Sturt University,Natural and Physical Sciences,01,domestic,,2021,1166,bronze/education-higher-ed/education_he-student-enrolments-pivot_2024.xlsx
Charles Sturt University,Natural and Physical Sciences,01,domestic,,2022,1064,bronze/education-higher-ed/education_he-student-enrolments-pivot_2024.xlsx
Charles Sturt University,Natural and Physical Sciences,01,domestic,,2023,1037,bronze/education-higher-ed/education_he-student-enrolments-pivot_2024.xlsx
Charles Sturt University,Natural and Physical Sciences,01,domestic,,2024,1056,bronze/education-higher-ed/education_he-student-enrolments-pivot_2024.xlsx
Charles Sturt University,Natural and Physical Sciences,01,international,,2020,45,bronze/education-higher-ed/education_he-student-enrolments-pivot_2024.xlsx
Charles Sturt University,Natural and Physical Sciences,01,international,,2021,46,bronze/education-higher-ed/education_he-student-enrolments-pivot_2024.xlsx
Charles Sturt University,Natural and Physical Sciences,01,international,,2022,29,bronze/education-higher-ed/education_he-student-enrolments-pivot_2024.xlsx
Charles Sturt University,Natural and Physical Sciences,01,international,,2023,41,bronze/education-higher-ed/education_he-student-enrolments-pivot_2024.xlsx
Charles Sturt University,Natural and Physical Sciences,01,international,,2024,65,bronze/education-higher-ed/education_he-student-enrolments-pivot_2024.xlsx
Charles Sturt University,Non-Award Courses,,domestic,,2020,517,bronze/education-higher-ed/education_he-student-enrolments-pivot_2024.xlsx
Charles Sturt University,Non-Award Courses,,domestic,,2021,397,bronze/education-higher-ed/education_he-student-enrolments-pivot_2024.xlsx
Charles Sturt University,Non-Award Courses,,domestic,,2022,338,bronze/education-higher-ed/education_he-student-enrolments-pivot_2024.xlsx
Charles Sturt University,Non-Award Courses,,domestic,,2023,130,bronze/education-higher-ed/education_he-student-enrolments-pivot_2024.xlsx
Charles Sturt University,Non-Award Courses,,domestic,,2024,124,bronze/education-higher-ed/education_he-student-enrolments-pivot_2024.xlsx
Charles Sturt University,Non-Award Courses,,international,,2020,67,bronze/education-higher-ed/education_he-student-enrolments-pivot_2024.xlsx
Charles Sturt University,Non-Award Courses,,international,,2021,50,bronze/education-higher-ed/education_he-student-enrolments-pivot_2024.xlsx
Charles Sturt University,Non-Award Courses,,international,,2022,33,bronze/education-higher-ed/education_he-student-enrolments-pivot_2024.xlsx
Charles Sturt University,Non-Award Courses,,international,,2023,32,bronze/education-higher-ed/education_he-student-enrolments-pivot_2024.xlsx
Charles Sturt University,Non-Award Courses,,international,,2024,53,bronze/education-higher-ed/education_he-student-enrolments-pivot_2024.xlsx
Charles Sturt University,Society and Culture,09,domestic,,2020,10776,bronze/education-higher-ed/education_he-student-enrolments-pivot_2024.xlsx
Charles Sturt University,Society and Culture,09,domestic,,2021,11138,bronze/education-higher-ed/education_he-student-enrolments-pivot_2024.xlsx
Charles Sturt University,Society and Culture,09,domestic,,2022,10341,bronze/education-higher-ed/education_he-student-enrolments-pivot_2024.xlsx
Charles Sturt University,Society and Culture,09,domestic,,2023,9498,bronze/education-higher-ed/education_he-student-enrolments-pivot_2024.xlsx
Charles Sturt University,Society and Culture,09,domestic,,2024,9077,bronze/education-higher-ed/education_he-student-enrolments-pivot_2024.xlsx
Charles Sturt University,Society and Culture,09,international,,2020,382,bronze/education-higher-ed/education_he-student-enrolments-pivot_2024.xlsx
Charles Sturt University,Society and Culture,09,international,,2021,384,bronze/education-higher-ed/education_he-student-enrolments-pivot_2024.xlsx
Charles Sturt University,Society and Culture,09,international,,2022,305,bronze/education-higher-ed/education_he-student-enrolments-pivot_2024.xlsx
Charles Sturt University,Society and Culture,09,international,,2023,264,bronze/education-higher-ed/education_he-student-enrolments-pivot_2024.xlsx
Charles Sturt University,Society and Culture,09,international,,2024,258,bronze/education-higher-ed/education_he-student-enrolments-pivot_2024.xlsx
Curtin University,"Agriculture, Environmental and Related Studies",05,domestic,,2020,180,bronze/education-higher-ed/education_he-student-enrolments-pivot_2024.xlsx
Curtin University,"Agriculture, Environmental and Related Studies",05,domestic,,2021,171,bronze/education-higher-ed/education_he-student-enrolments-pivot_2024.xlsx
Curtin University,"Agriculture, Environmental and Related Studies",05,domestic,,2022,175,bronze/education-higher-ed/education_he-student-enrolments-pivot_2024.xlsx
Curtin University,"Agriculture, Environmental and Related Studies",05,domestic,,2023,133,bronze/education-higher-ed/education_he-student-enrolments-pivot_2024.xlsx
Curtin University,"Agriculture, Environmental and Related Studies",05,domestic,,2024,144,bronze/education-higher-ed/education_he-student-enrolments-pivot_2024.xlsx
Curtin University,"Agriculture, Environmental and Related Studies",05,international,,2020,26,bronze/education-higher-ed/education_he-student-enrolments-pivot_2024.xlsx
Curtin University,"Agriculture, Environmental and Related Studies",05,international,,2021,33,bronze/education-higher-ed/education_he-student-enrolments-pivot_2024.xlsx
Curtin University,"Agriculture, Environmental and Related Studies",05,international,,2022,49,bronze/education-higher-ed/education_he-student-enrolments-pivot_2024.xlsx
Curtin University,"Agriculture, Environmental and Related Studies",05,international,,2023,109,bronze/education-higher-ed/education_he-student-enrolments-pivot_2024.xlsx
Curtin University,"Agriculture, Environmental and Related Studies",05,international,,2024,130,bronze/education-higher-ed/education_he-student-enrolments-pivot_2024.xlsx
Curtin University,Architecture and Building,04,domestic,,2020,1906,bronze/education-higher-ed/education_he-student-enrolments-pivot_2024.xlsx
Curtin University,Architecture and Building,04,domestic,,2021,1970,bronze/education-higher-ed/education_he-student-enrolments-pivot_2024.xlsx
Curtin University,Architecture and Building,04,domestic,,2022,1980,bronze/education-higher-ed/education_he-student-enrolments-pivot_2024.xlsx
Curtin University,Architecture and Building,04,domestic,,2023,2002,bronze/education-higher-ed/education_he-student-enrolments-pivot_2024.xlsx
Curtin University,Architecture and Building,04,domestic,,2024,2180,bronze/education-higher-ed/education_he-student-enrolments-pivot_2024.xlsx
Curtin University,Architecture and Building,04,international,,2020,273,bronze/education-higher-ed/education_he-student-enrolments-pivot_2024.xlsx
Curtin University,Architecture and Building,04,international,,2021,262,bronze/education-higher-ed/education_he-student-enrolments-pivot_2024.xlsx
Curtin University,Architecture and Building,04,international,,2022,270,bronze/education-higher-ed/education_he-student-enrolments-pivot_2024.xlsx
Curtin University,Architecture and Building,04,international,,2023,288,bronze/education-higher-ed/education_he-student-enrolments-pivot_2024.xlsx
Curtin University,Architecture and Building,04,international,,2024,297,bronze/education-higher-ed/education_he-student-enrolments-pivot_2024.xlsx
Curtin University,Creative Arts,10,domestic,,2020,937,bronze/education-higher-ed/education_he-student-enrolments-pivot_2024.xlsx
Curtin University,Creative Arts,10,domestic,,2021,1204,bronze/education-higher-ed/education_he-student-enrolments-pivot_2024.xlsx
Curtin University,Creative Arts,10,domestic,,2022,1460,bronze/education-higher-ed/education_he-student-enrolments-pivot_2024.xlsx
Curtin University,Creative Arts,10,domestic,,2023,1602,bronze/education-higher-ed/education_he-student-enrolments-pivot_2024.xlsx
Curtin University,Creative Arts,10,domestic,,2024,1837,bronze/education-higher-ed/education_he-student-enrolments-pivot_2024.xlsx
Curtin University,Creative Arts,10,international,,2020,510,bronze/education-higher-ed/education_he-student-enrolments-pivot_2024.xlsx
Curtin University,Creative Arts,10,international,,2021,519,bronze/education-higher-ed/education_he-student-enrolments-pivot_2024.xlsx
Curtin University,Creative Arts,10,international,,2022,569,bronze/education-higher-ed/education_he-student-enrolments-pivot_2024.xlsx
Curtin University,Creative Arts,10,international,,2023,632,bronze/education-higher-ed/education_he-student-enrolments-pivot_2024.xlsx
Curtin University,Creative Arts,10,international,,2024,685,bronze/education-higher-ed/education_he-student-enrolments-pivot_2024.xlsx
Curtin University,Education,07,domestic,,2020,5297,bronze/education-higher-ed/education_he-student-enrolments-pivot_2024.xlsx
Curtin University,Education,07,domestic,,2021,5972,bronze/education-higher-ed/education_he-student-enrolments-pivot_2024.xlsx
Curtin University,Education,07,domestic,,2022,5825,bronze/education-higher-ed/education_he-student-enrolments-pivot_2024.xlsx
Curtin University,Education,07,domestic,,2023,5805,bronze/education-higher-ed/education_he-student-enrolments-pivot_2024.xlsx
Curtin University,Education,07,domestic,,2024,6953,bronze/education-higher-ed/education_he-student-enrolments-pivot_2024.xlsx
Curtin University,Education,07,international,,2020,117,bronze/education-higher-ed/education_he-student-enrolments-pivot_2024.xlsx
Curtin University,Education,07,international,,2021,148,bronze/education-higher-ed/education_he-student-enrolments-pivot_2024.xlsx
Curtin University,Education,07,international,,2022,181,bronze/education-higher-ed/education_he-student-enrolments-pivot_2024.xlsx
Curtin University,Education,07,international,,2023,263,bronze/education-higher-ed/education_he-student-enrolments-pivot_2024.xlsx
Curtin University,Education,07,international,,2024,413,bronze/education-higher-ed/education_he-student-enrolments-pivot_2024.xlsx
Curtin University,Engineering and Related Technologies,03,domestic,,2020,2945,bronze/education-higher-ed/education_he-student-enrolments-pivot_2024.xlsx
Curtin University,Engineering and Related Technologies,03,domestic,,2021,3156,bronze/education-higher-ed/education_he-student-enrolments-pivot_2024.xlsx
Curtin University,Engineering and Related Technologies,03,domestic,,2022,3248,bronze/education-higher-ed/education_he-student-enrolments-pivot_2024.xlsx
Curtin University,Engineering and Related Technologies,03,domestic,,2023,3390,bronze/education-higher-ed/education_he-student-enrolments-pivot_2024.xlsx
Curtin University,Engineering and Related Technologies,03,domestic,,2024,3745,bronze/education-higher-ed/education_he-student-enrolments-pivot_2024.xlsx
Curtin University,Engineering and Related Technologies,03,international,,2020,2462,bronze/education-higher-ed/education_he-student-enrolments-pivot_2024.xlsx
Curtin University,Engineering and Related Technologies,03,international,,2021,2232,bronze/education-higher-ed/education_he-student-enrolments-pivot_2024.xlsx
Curtin University,Engineering and Related Technologies,03,international,,2022,2125,bronze/education-higher-ed/education_he-student-enrolments-pivot_2024.xlsx
Curtin University,Engineering and Related Technologies,03,international,,2023,2180,bronze/education-higher-ed/education_he-student-enrolments-pivot_2024.xlsx
Curtin University,Engineering and Related Technologies,03,international,,2024,2404,bronze/education-higher-ed/education_he-student-enrolments-pivot_2024.xlsx
Curtin University,Health,06,domestic,,2020,7778,bronze/education-higher-ed/education_he-student-enrolments-pivot_2024.xlsx
Curtin University,Health,06,domestic,,2021,8237,bronze/education-higher-ed/education_he-student-enrolments-pivot_2024.xlsx
Curtin University,Health,06,domestic,,2022,8420,bronze/education-higher-ed/education_he-student-enrolments-pivot_2024.xlsx
Curtin University,Health,06,domestic,,2023,8280,bronze/education-higher-ed/education_he-student-enrolments-pivot_2024.xlsx
Curtin University,Health,06,domestic,,2024,8445,bronze/education-higher-ed/education_he-student-enrolments-pivot_2024.xlsx
Curtin University,Health,06,international,,2020,1790,bronze/education-higher-ed/education_he-student-enrolments-pivot_2024.xlsx
Curtin University,Health,06,international,,2021,1813,bronze/education-higher-ed/education_he-student-enrolments-pivot_2024.xlsx
Curtin University,Health,06,international,,2022,1973,bronze/education-higher-ed/education_he-student-enrolments-pivot_2024.xlsx
Curtin University,Health,06,international,,2023,2115,bronze/education-higher-ed/education_he-student-enrolments-pivot_2024.xlsx
Curtin University,Health,06,international,,2024,2197,bronze/education-higher-ed/education_he-student-enrolments-pivot_2024.xlsx
Curtin University,Information Technology,02,domestic,,2020,450,bronze/education-higher-ed/education_he-student-enrolments-pivot_2024.xlsx
Curtin University,Information Technology,02,domestic,,2021,586,bronze/education-higher-ed/education_he-student-enrolments-pivot_2024.xlsx
Curtin University,Information Technology,02,domestic,,2022,623,bronze/education-higher-ed/education_he-student-enrolments-pivot_2024.xlsx
Curtin University,Information Technology,02,domestic,,2023,755,bronze/education-higher-ed/education_he-student-enrolments-pivot_2024.xlsx
Curtin University,Information Technology,02,domestic,,2024,856,bronze/education-higher-ed/education_he-student-enrolments-pivot_2024.xlsx
Curtin University,Information Technology,02,international,,2020,243,bronze/education-higher-ed/education_he-student-enrolments-pivot_2024.xlsx
Curtin University,Information Technology,02,international,,2021,384,bronze/education-higher-ed/education_he-student-enrolments-pivot_2024.xlsx
Curtin University,Information Technology,02,international,,2022,680,bronze/education-higher-ed/education_he-student-enrolments-pivot_2024.xlsx
Curtin University,Information Technology,02,international,,2023,1112,bronze/education-higher-ed/education_he-student-enrolments-pivot_2024.xlsx
Curtin University,Information Technology,02,international,,2024,1557,bronze/education-higher-ed/education_he-student-enrolments-pivot_2024.xlsx
Curtin University,Management and Commerce,08,domestic,,2020,5822,bronze/education-higher-ed/education_he-student-enrolments-pivot_2024.xlsx
Curtin University,Management and Commerce,08,domestic,,2021,5539,bronze/education-higher-ed/education_he-student-enrolments-pivot_2024.xlsx
Curtin University,Management and Commerce,08,domestic,,2022,4869,bronze/education-higher-ed/education_he-student-enrolments-pivot_2024.xlsx
Curtin University,Management and Commerce,08,domestic,,2023,4519,bronze/education-higher-ed/education_he-student-enrolments-pivot_2024.xlsx
Curtin University,Management and Commerce,08,domestic,,2024,4391,bronze/education-higher-ed/education_he-student-enrolments-pivot_2024.xlsx
Curtin University,Management and Commerce,08,international,,2020,5662,bronze/education-higher-ed/education_he-student-enrolments-pivot_2024.xlsx
Curtin University,Management and Commerce,08,international,,2021,5167,bronze/education-higher-ed/education_he-student-enrolments-pivot_2024.xlsx
Curtin University,Management and Commerce,08,international,,2022,5158,bronze/education-higher-ed/education_he-student-enrolments-pivot_2024.xlsx
Curtin University,Management and Commerce,08,international,,2023,6403,bronze/education-higher-ed/education_he-student-enrolments-pivot_2024.xlsx
Curtin University,Management and Commerce,08,international,,2024,7368,bronze/education-higher-ed/education_he-student-enrolments-pivot_2024.xlsx
Curtin University,Natural and Physical Sciences,01,domestic,,2020,3110,bronze/education-higher-ed/education_he-student-enrolments-pivot_2024.xlsx
Curtin University,Natural and Physical Sciences,01,domestic,,2021,3075,bronze/education-higher-ed/education_he-student-enrolments-pivot_2024.xlsx
Curtin University,Natural and Physical Sciences,01,domestic,,2022,2940,bronze/education-higher-ed/education_he-student-enrolments-pivot_2024.xlsx
Curtin University,Natural and Physical Sciences,01,domestic,,2023,2991,bronze/education-higher-ed/education_he-student-enrolments-pivot_2024.xlsx
Curtin University,Natural and Physical Sciences,01,domestic,,2024,3063,bronze/education-higher-ed/education_he-student-enrolments-pivot_2024.xlsx
Curtin University,Natural and Physical Sciences,01,international,,2020,1028,bronze/education-higher-ed/education_he-student-enrolments-pivot_2024.xlsx
Curtin University,Natural and Physical Sciences,01,international,,2021,839,bronze/education-higher-ed/education_he-student-enrolments-pivot_2024.xlsx
Curtin University,Natural and Physical Sciences,01,international,,2022,649,bronze/education-higher-ed/education_he-student-enrolments-pivot_2024.xlsx
Curtin University,Natural and Physical Sciences,01,international,,2023,680,bronze/education-higher-ed/education_he-student-enrolments-pivot_2024.xlsx
Curtin University,Natural and Physical Sciences,01,international,,2024,793,bronze/education-higher-ed/education_he-student-enrolments-pivot_2024.xlsx
Curtin University,Non-Award Courses,,domestic,,2020,41,bronze/education-higher-ed/education_he-student-enrolments-pivot_2024.xlsx
Curtin University,Non-Award Courses,,domestic,,2021,49,bronze/education-higher-ed/education_he-student-enrolments-pivot_2024.xlsx
Curtin University,Non-Award Courses,,domestic,,2022,32,bronze/education-higher-ed/education_he-student-enrolments-pivot_2024.xlsx
Curtin University,Non-Award Courses,,domestic,,2023,33,bronze/education-higher-ed/education_he-student-enrolments-pivot_2024.xlsx
Curtin University,Non-Award Courses,,domestic,,2024,43,bronze/education-higher-ed/education_he-student-enrolments-pivot_2024.xlsx
Curtin University,Non-Award Courses,,international,,2020,184,bronze/education-higher-ed/education_he-student-enrolments-pivot_2024.xlsx
Curtin University,Non-Award Courses,,international,,2021,175,bronze/education-higher-ed/education_he-student-enrolments-pivot_2024.xlsx
Curtin University,Non-Award Courses,,international,,2022,262,bronze/education-higher-ed/education_he-student-enrolments-pivot_2024.xlsx
Curtin University,Non-Award Courses,,international,,2023,279,bronze/education-higher-ed/education_he-student-enrolments-pivot_2024.xlsx
Curtin University,Non-Award Courses,,international,,2024,343,bronze/education-higher-ed/education_he-student-enrolments-pivot_2024.xlsx
Curtin University,Society and Culture,09,domestic,,2020,8665,bronze/education-higher-ed/education_he-student-enrolments-pivot_2024.xlsx
Curtin University,Society and Culture,09,domestic,,2021,8544,bronze/education-higher-ed/education_he-student-enrolments-pivot_2024.xlsx
Curtin University,Society and Culture,09,domestic,,2022,8043,bronze/education-higher-ed/education_he-student-enrolments-pivot_2024.xlsx
Curtin University,Society and Culture,09,domestic,,2023,7861,bronze/education-higher-ed/education_he-student-enrolments-pivot_2024.xlsx
Curtin University,Society and Culture,09,domestic,,2024,8159,bronze/education-higher-ed/education_he-student-enrolments-pivot_2024.xlsx
Curtin University,Society and Culture,09,international,,2020,530,bronze/education-higher-ed/education_he-student-enrolments-pivot_2024.xlsx
Curtin University,Society and Culture,09,international,,2021,524,bronze/education-higher-ed/education_he-student-enrolments-pivot_2024.xlsx
Curtin University,Society and Culture,09,international,,2022,547,bronze/education-higher-ed/education_he-student-enrolments-pivot_2024.xlsx
Curtin University,Society and Culture,09,international,,2023,705,bronze/education-higher-ed/education_he-student-enrolments-pivot_2024.xlsx
Curtin University,Society and Culture,09,international,,2024,825,bronze/education-higher-ed/education_he-student-enrolments-pivot_2024.xlsx
Deakin University,"Agriculture, Environmental and Related Studies",05,domestic,,2020,755,bronze/education-higher-ed/education_he-student-enrolments-pivot_2024.xlsx
Deakin University,"Agriculture, Environmental and Related Studies",05,domestic,,2021,794,bronze/education-higher-ed/education_he-student-enrolments-pivot_2024.xlsx
Deakin University,"Agriculture, Environmental and Related Studies",05,domestic,,2022,749,bronze/education-higher-ed/education_he-student-enrolments-pivot_2024.xlsx
Deakin University,"Agriculture, Environmental and Related Studies",05,domestic,,2023,740,bronze/education-higher-ed/education_he-student-enrolments-pivot_2024.xlsx
Deakin University,"Agriculture, Environmental and Related Studies",05,domestic,,2024,771,bronze/education-higher-ed/education_he-student-enrolments-pivot_2024.xlsx
Deakin University,"Agriculture, Environmental and Related Studies",05,international,,2020,180,bronze/education-higher-ed/education_he-student-enrolments-pivot_2024.xlsx
Deakin University,"Agriculture, Environmental and Related Studies",05,international,,2021,87,bronze/education-higher-ed/education_he-student-enrolments-pivot_2024.xlsx
Deakin University,"Agriculture, Environmental and Related Studies",05,international,,2022,95,bronze/education-higher-ed/education_he-student-enrolments-pivot_2024.xlsx
Deakin University,"Agriculture, Environmental and Related Studies",05,international,,2023,139,bronze/education-higher-ed/education_he-student-enrolments-pivot_2024.xlsx
Deakin University,"Agriculture, Environmental and Related Studies",05,international,,2024,140,bronze/education-higher-ed/education_he-student-enrolments-pivot_2024.xlsx
Deakin University,Architecture and Building,04,domestic,,2020,1006,bronze/education-higher-ed/education_he-student-enrolments-pivot_2024.xlsx
Deakin University,Architecture and Building,04,domestic,,2021,961,bronze/education-higher-ed/education_he-student-enrolments-pivot_2024.xlsx
Deakin University,Architecture and Building,04,domestic,,2022,757,bronze/education-higher-ed/education_he-student-enrolments-pivot_2024.xlsx
Deakin University,Architecture and Building,04,domestic,,2023,666,bronze/education-higher-ed/education_he-student-enrolments-pivot_2024.xlsx
Deakin University,Architecture and Building,04,domestic,,2024,678,bronze/education-higher-ed/education_he-student-enrolments-pivot_2024.xlsx
Deakin University,Architecture and Building,04,international,,2020,1325,bronze/education-higher-ed/education_he-student-enrolments-pivot_2024.xlsx
Deakin University,Architecture and Building,04,international,,2021,882,bronze/education-higher-ed/education_he-student-enrolments-pivot_2024.xlsx
Deakin University,Architecture and Building,04,international,,2022,704,bronze/education-higher-ed/education_he-student-enrolments-pivot_2024.xlsx
Deakin University,Architecture and Building,04,international,,2023,964,bronze/education-higher-ed/education_he-student-enrolments-pivot_2024.xlsx
Deakin University,Architecture and Building,04,international,,2024,1052,bronze/education-higher-ed/education_he-student-enrolments-pivot_2024.xlsx
Deakin University,Creative Arts,10,domestic,,2020,2286,bronze/education-higher-ed/education_he-student-enrolments-pivot_2024.xlsx
Deakin University,Creative Arts,10,domestic,,2021,1979,bronze/education-higher-ed/education_he-student-enrolments-pivot_2024.xlsx
Deakin University,Creative Arts,10,domestic,,2022,1704,bronze/education-higher-ed/education_he-student-enrolments-pivot_2024.xlsx
Deakin University,Creative Arts,10,domestic,,2023,1469,bronze/education-higher-ed/education_he-student-enrolments-pivot_2024.xlsx
Deakin University,Creative Arts,10,domestic,,2024,1334,bronze/education-higher-ed/education_he-student-enrolments-pivot_2024.xlsx
Deakin University,Creative Arts,10,international,,2020,590,bronze/education-higher-ed/education_he-student-enrolments-pivot_2024.xlsx
Deakin University,Creative Arts,10,international,,2021,487,bronze/education-higher-ed/education_he-student-enrolments-pivot_2024.xlsx
Deakin University,Creative Arts,10,international,,2022,474,bronze/education-higher-ed/education_he-student-enrolments-pivot_2024.xlsx
Deakin University,Creative Arts,10,international,,2023,567,bronze/education-higher-ed/education_he-student-enrolments-pivot_2024.xlsx
Deakin University,Creative Arts,10,international,,2024,578,bronze/education-higher-ed/education_he-student-enrolments-pivot_2024.xlsx
Deakin University,Education,07,domestic,,2020,4812,bronze/education-higher-ed/education_he-student-enrolments-pivot_2024.xlsx
Deakin University,Education,07,domestic,,2021,5445,bronze/education-higher-ed/education_he-student-enrolments-pivot_2024.xlsx
Deakin University,Education,07,domestic,,2022,4974,bronze/education-higher-ed/education_he-student-enrolments-pivot_2024.xlsx
Deakin University,Education,07,domestic,,2023,4735,bronze/education-higher-ed/education_he-student-enrolments-pivot_2024.xlsx
Deakin University,Education,07,domestic,,2024,5168,bronze/education-higher-ed/education_he-student-enrolments-pivot_2024.xlsx
Deakin University,Education,07,international,,2020,288,bronze/education-higher-ed/education_he-student-enrolments-pivot_2024.xlsx
Deakin University,Education,07,international,,2021,235,bronze/education-higher-ed/education_he-student-enrolments-pivot_2024.xlsx
Deakin University,Education,07,international,,2022,190,bronze/education-higher-ed/education_he-student-enrolments-pivot_2024.xlsx
Deakin University,Education,07,international,,2023,201,bronze/education-higher-ed/education_he-student-enrolments-pivot_2024.xlsx
Deakin University,Education,07,international,,2024,376,bronze/education-higher-ed/education_he-student-enrolments-pivot_2024.xlsx
Deakin University,Engineering and Related Technologies,03,domestic,,2020,1240,bronze/education-higher-ed/education_he-student-enrolments-pivot_2024.xlsx
Deakin University,Engineering and Related Technologies,03,domestic,,2021,1275,bronze/education-higher-ed/education_he-student-enrolments-pivot_2024.xlsx
Deakin University,Engineering and Related Technologies,03,domestic,,2022,1096,bronze/education-higher-ed/education_he-student-enrolments-pivot_2024.xlsx
Deakin University,Engineering and Related Technologies,03,domestic,,2023,1073,bronze/education-higher-ed/education_he-student-enrolments-pivot_2024.xlsx
Deakin University,Engineering and Related Technologies,03,domestic,,2024,1148,bronze/education-higher-ed/education_he-student-enrolments-pivot_2024.xlsx
Deakin University,Engineering and Related Technologies,03,international,,2020,1652,bronze/education-higher-ed/education_he-student-enrolments-pivot_2024.xlsx
Deakin University,Engineering and Related Technologies,03,international,,2021,1225,bronze/education-higher-ed/education_he-student-enrolments-pivot_2024.xlsx
Deakin University,Engineering and Related Technologies,03,international,,2022,1069,bronze/education-higher-ed/education_he-student-enrolments-pivot_2024.xlsx
Deakin University,Engineering and Related Technologies,03,international,,2023,1226,bronze/education-higher-ed/education_he-student-enrolments-pivot_2024.xlsx
Deakin University,Engineering and Related Technologies,03,international,,2024,1282,bronze/education-higher-ed/education_he-student-enrolments-pivot_2024.xlsx
Deakin University,Health,06,domestic,,2020,10113,bronze/education-higher-ed/education_he-student-enrolments-pivot_2024.xlsx
Deakin University,Health,06,domestic,,2021,10718,bronze/education-higher-ed/education_he-student-enrolments-pivot_2024.xlsx
Deakin University,Health,06,domestic,,2022,9770,bronze/education-higher-ed/education_he-student-enrolments-pivot_2024.xlsx
Deakin University,Health,06,domestic,,2023,9185,bronze/education-higher-ed/education_he-student-enrolments-pivot_2024.xlsx
Deakin University,Health,06,domestic,,2024,9478,bronze/education-higher-ed/education_he-student-enrolments-pivot_2024.xlsx
Deakin University,Health,06,international,,2020,1649,bronze/education-higher-ed/education_he-student-enrolments-pivot_2024.xlsx
Deakin University,Health,06,international,,2021,1353,bronze/education-higher-ed/education_he-student-enrolments-pivot_2024.xlsx
Deakin University,Health,06,international,,2022,1466,bronze/education-higher-ed/education_he-student-enrolments-pivot_2024.xlsx
Deakin University,Health,06,international,,2023,1772,bronze/education-higher-ed/education_he-student-enrolments-pivot_2024.xlsx
Deakin University,Health,06,international,,2024,2060,bronze/education-higher-ed/education_he-student-enrolments-pivot_2024.xlsx
Deakin University,Information Technology,02,domestic,,2020,3263,bronze/education-higher-ed/education_he-student-enrolments-pivot_2024.xlsx
Deakin University,Information Technology,02,domestic,,2021,3053,bronze/education-higher-ed/education_he-student-enrolments-pivot_2024.xlsx
Deakin University,Information Technology,02,domestic,,2022,2403,bronze/education-higher-ed/education_he-student-enrolments-pivot_2024.xlsx
Deakin University,Information Technology,02,domestic,,2023,2356,bronze/education-higher-ed/education_he-student-enrolments-pivot_2024.xlsx
Deakin University,Information Technology,02,domestic,,2024,2466,bronze/education-higher-ed/education_he-student-enrolments-pivot_2024.xlsx
Deakin University,Information Technology,02,international,,2020,3264,bronze/education-higher-ed/education_he-student-enrolments-pivot_2024.xlsx
Deakin University,Information Technology,02,international,,2021,2285,bronze/education-higher-ed/education_he-student-enrolments-pivot_2024.xlsx
Deakin University,Information Technology,02,international,,2022,2334,bronze/education-higher-ed/education_he-student-enrolments-pivot_2024.xlsx
Deakin University,Information Technology,02,international,,2023,4000,bronze/education-higher-ed/education_he-student-enrolments-pivot_2024.xlsx
Deakin University,Information Technology,02,international,,2024,5462,bronze/education-higher-ed/education_he-student-enrolments-pivot_2024.xlsx
Deakin University,Management and Commerce,08,domestic,,2020,7807,bronze/education-higher-ed/education_he-student-enrolments-pivot_2024.xlsx
Deakin University,Management and Commerce,08,domestic,,2021,7982,bronze/education-higher-ed/education_he-student-enrolments-pivot_2024.xlsx
Deakin University,Management and Commerce,08,domestic,,2022,6931,bronze/education-higher-ed/education_he-student-enrolments-pivot_2024.xlsx
Deakin University,Management and Commerce,08,domestic,,2023,6221,bronze/education-higher-ed/education_he-student-enrolments-pivot_2024.xlsx
Deakin University,Management and Commerce,08,domestic,,2024,5992,bronze/education-higher-ed/education_he-student-enrolments-pivot_2024.xlsx
Deakin University,Management and Commerce,08,international,,2020,4164,bronze/education-higher-ed/education_he-student-enrolments-pivot_2024.xlsx
Deakin University,Management and Commerce,08,international,,2021,3076,bronze/education-higher-ed/education_he-student-enrolments-pivot_2024.xlsx
Deakin University,Management and Commerce,08,international,,2022,3355,bronze/education-higher-ed/education_he-student-enrolments-pivot_2024.xlsx
Deakin University,Management and Commerce,08,international,,2023,3710,bronze/education-higher-ed/education_he-student-enrolments-pivot_2024.xlsx
Deakin University,Management and Commerce,08,international,,2024,3382,bronze/education-higher-ed/education_he-student-enrolments-pivot_2024.xlsx
Deakin University,Natural and Physical Sciences,01,domestic,,2020,2601,bronze/education-higher-ed/education_he-student-enrolments-pivot_2024.xlsx
Deakin University,Natural and Physical Sciences,01,domestic,,2021,3012,bronze/education-higher-ed/education_he-student-enrolments-pivot_2024.xlsx
Deakin University,Natural and Physical Sciences,01,domestic,,2022,2865,bronze/education-higher-ed/education_he-student-enrolments-pivot_2024.xlsx
Deakin University,Natural and Physical Sciences,01,domestic,,2023,2653,bronze/education-higher-ed/education_he-student-enrolments-pivot_2024.xlsx
Deakin University,Natural and Physical Sciences,01,domestic,,2024,2617,bronze/education-higher-ed/education_he-student-enrolments-pivot_2024.xlsx
Deakin University,Natural and Physical Sciences,01,international,,2020,471,bronze/education-higher-ed/education_he-student-enrolments-pivot_2024.xlsx
Deakin University,Natural and Physical Sciences,01,international,,2021,492,bronze/education-higher-ed/education_he-student-enrolments-pivot_2024.xlsx
Deakin University,Natural and Physical Sciences,01,international,,2022,483,bronze/education-higher-ed/education_he-student-enrolments-pivot_2024.xlsx
Deakin University,Natural and Physical Sciences,01,international,,2023,569,bronze/education-higher-ed/education_he-student-enrolments-pivot_2024.xlsx
Deakin University,Natural and Physical Sciences,01,international,,2024,620,bronze/education-higher-ed/education_he-student-enrolments-pivot_2024.xlsx
Deakin University,Non-Award Courses,,domestic,,2020,487,bronze/education-higher-ed/education_he-student-enrolments-pivot_2024.xlsx
Deakin University,Non-Award Courses,,domestic,,2021,456,bronze/education-higher-ed/education_he-student-enrolments-pivot_2024.xlsx
Deakin University,Non-Award Courses,,domestic,,2022,401,bronze/education-higher-ed/education_he-student-enrolments-pivot_2024.xlsx
Deakin University,Non-Award Courses,,domestic,,2023,337,bronze/education-higher-ed/education_he-student-enrolments-pivot_2024.xlsx
Deakin University,Non-Award Courses,,domestic,,2024,329,bronze/education-higher-ed/education_he-student-enrolments-pivot_2024.xlsx
Deakin University,Non-Award Courses,,international,,2020,288,bronze/education-higher-ed/education_he-student-enrolments-pivot_2024.xlsx
Deakin University,Non-Award Courses,,international,,2021,140,bronze/education-higher-ed/education_he-student-enrolments-pivot_2024.xlsx
Deakin University,Non-Award Courses,,international,,2022,197,bronze/education-higher-ed/education_he-student-enrolments-pivot_2024.xlsx
Deakin University,Non-Award Courses,,international,,2023,254,bronze/education-higher-ed/education_he-student-enrolments-pivot_2024.xlsx
Deakin University,Non-Award Courses,,international,,2024,191,bronze/education-higher-ed/education_he-student-enrolments-pivot_2024.xlsx
Deakin University,Society and Culture,09,domestic,,2020,15238,bronze/education-higher-ed/education_he-student-enrolments-pivot_2024.xlsx
Deakin University,Society and Culture,09,domestic,,2021,16169,bronze/education-higher-ed/education_he-student-enrolments-pivot_2024.xlsx
Deakin University,Society and Culture,09,domestic,,2022,14808,bronze/education-higher-ed/education_he-student-enrolments-pivot_2024.xlsx
Deakin University,Society and Culture,09,domestic,,2023,13920,bronze/education-higher-ed/education_he-student-enrolments-pivot_2024.xlsx
Deakin University,Society and Culture,09,domestic,,2024,13337,bronze/education-higher-ed/education_he-student-enrolments-pivot_2024.xlsx
Deakin University,Society and Culture,09,international,,2020,727,bronze/education-higher-ed/education_he-student-enrolments-pivot_2024.xlsx
Deakin University,Society and Culture,09,international,,2021,780,bronze/education-higher-ed/education_he-student-enrolments-pivot_2024.xlsx
Deakin University,Society and Culture,09,international,,2022,741,bronze/education-higher-ed/education_he-student-enrolments-pivot_2024.xlsx
Deakin University,Society and Culture,09,international,,2023,834,bronze/education-higher-ed/education_he-student-enrolments-pivot_2024.xlsx
Deakin University,Society and Culture,09,international,,2024,994,bronze/education-higher-ed/education_he-student-enrolments-pivot_2024.xlsx
Edith Cowan University,"Agriculture, Environmental and Related Studies",05,domestic,,2020,109,bronze/education-higher-ed/education_he-student-enrolments-pivot_2024.xlsx
Edith Cowan University,"Agriculture, Environmental and Related Studies",05,domestic,,2021,80,bronze/education-higher-ed/education_he-student-enrolments-pivot_2024.xlsx
Edith Cowan University,"Agriculture, Environmental and Related Studies",05,domestic,,2022,92,bronze/education-higher-ed/education_he-student-enrolments-pivot_2024.xlsx
Edith Cowan University,"Agriculture, Environmental and Related Studies",05,domestic,,2023,82,bronze/education-higher-ed/education_he-student-enrolments-pivot_2024.xlsx
Edith Cowan University,"Agriculture, Environmental and Related Studies",05,domestic,,2024,75,bronze/education-higher-ed/education_he-student-enrolments-pivot_2024.xlsx
Edith Cowan University,"Agriculture, Environmental and Related Studies",05,international,,2020,154,bronze/education-higher-ed/education_he-student-enrolments-pivot_2024.xlsx
Edith Cowan University,"Agriculture, Environmental and Related Studies",05,international,,2021,170,bronze/education-higher-ed/education_he-student-enrolments-pivot_2024.xlsx
Edith Cowan University,"Agriculture, Environmental and Related Studies",05,international,,2022,195,bronze/education-higher-ed/education_he-student-enrolments-pivot_2024.xlsx
Edith Cowan University,"Agriculture, Environmental and Related Studies",05,international,,2023,276,bronze/education-higher-ed/education_he-student-enrolments-pivot_2024.xlsx
Edith Cowan University,"Agriculture, Environmental and Related Studies",05,international,,2024,269,bronze/education-higher-ed/education_he-student-enrolments-pivot_2024.xlsx
Edith Cowan University,Architecture and Building,04,domestic,,2020,0,bronze/education-higher-ed/education_he-student-enrolments-pivot_2024.xlsx
Edith Cowan University,Creative Arts,10,domestic,,2020,1515,bronze/education-higher-ed/education_he-student-enrolments-pivot_2024.xlsx
Edith Cowan University,Creative Arts,10,domestic,,2021,1495,bronze/education-higher-ed/education_he-student-enrolments-pivot_2024.xlsx
Edith Cowan University,Creative Arts,10,domestic,,2022,1327,bronze/education-higher-ed/education_he-student-enrolments-pivot_2024.xlsx
Edith Cowan University,Creative Arts,10,domestic,,2023,1211,bronze/education-higher-ed/education_he-student-enrolments-pivot_2024.xlsx
Edith Cowan University,Creative Arts,10,domestic,,2024,1243,bronze/education-higher-ed/education_he-student-enrolments-pivot_2024.xlsx
Edith Cowan University,Creative Arts,10,international,,2020,149,bronze/education-higher-ed/education_he-student-enrolments-pivot_2024.xlsx
Edith Cowan University,Creative Arts,10,international,,2021,167,bronze/education-higher-ed/education_he-student-enrolments-pivot_2024.xlsx
Edith Cowan University,Creative Arts,10,international,,2022,158,bronze/education-higher-ed/education_he-student-enrolments-pivot_2024.xlsx
Edith Cowan University,Creative Arts,10,international,,2023,188,bronze/education-higher-ed/education_he-student-enrolments-pivot_2024.xlsx
Edith Cowan University,Creative Arts,10,international,,2024,240,bronze/education-higher-ed/education_he-student-enrolments-pivot_2024.xlsx
Edith Cowan University,Education,07,domestic,,2020,8135,bronze/education-higher-ed/education_he-student-enrolments-pivot_2024.xlsx
Edith Cowan University,Education,07,domestic,,2021,7576,bronze/education-higher-ed/education_he-student-enrolments-pivot_2024.xlsx
Edith Cowan University,Education,07,domestic,,2022,6322,bronze/education-higher-ed/education_he-student-enrolments-pivot_2024.xlsx
Edith Cowan University,Education,07,domestic,,2023,5648,bronze/education-higher-ed/education_he-student-enrolments-pivot_2024.xlsx
Edith Cowan University,Education,07,domestic,,2024,5454,bronze/education-higher-ed/education_he-student-enrolments-pivot_2024.xlsx
Edith Cowan University,Education,07,international,,2020,386,bronze/education-higher-ed/education_he-student-enrolments-pivot_2024.xlsx
Edith Cowan University,Education,07,international,,2021,438,bronze/education-higher-ed/education_he-student-enrolments-pivot_2024.xlsx
Edith Cowan University,Education,07,international,,2022,449,bronze/education-higher-ed/education_he-student-enrolments-pivot_2024.xlsx
Edith Cowan University,Education,07,international,,2023,779,bronze/education-higher-ed/education_he-student-enrolments-pivot_2024.xlsx
Edith Cowan University,Education,07,international,,2024,774,bronze/education-higher-ed/education_he-student-enrolments-pivot_2024.xlsx
Edith Cowan University,Engineering and Related Technologies,03,domestic,,2020,676,bronze/education-higher-ed/education_he-student-enrolments-pivot_2024.xlsx
Edith Cowan University,Engineering and Related Technologies,03,domestic,,2021,707,bronze/education-higher-ed/education_he-student-enrolments-pivot_2024.xlsx
Edith Cowan University,Engineering and Related Technologies,03,domestic,,2022,702,bronze/education-higher-ed/education_he-student-enrolments-pivot_2024.xlsx
Edith Cowan University,Engineering and Related Technologies,03,domestic,,2023,603,bronze/education-higher-ed/education_he-student-enrolments-pivot_2024.xlsx
Edith Cowan University,Engineering and Related Technologies,03,domestic,,2024,699,bronze/education-higher-ed/education_he-student-enrolments-pivot_2024.xlsx
Edith Cowan University,Engineering and Related Technologies,03,international,,2020,1365,bronze/education-higher-ed/education_he-student-enrolments-pivot_2024.xlsx
Edith Cowan University,Engineering and Related Technologies,03,international,,2021,1105,bronze/education-higher-ed/education_he-student-enrolments-pivot_2024.xlsx
Edith Cowan University,Engineering and Related Technologies,03,international,,2022,1075,bronze/education-higher-ed/education_he-student-enrolments-pivot_2024.xlsx
Edith Cowan University,Engineering and Related Technologies,03,international,,2023,1333,bronze/education-higher-ed/education_he-student-enrolments-pivot_2024.xlsx
Edith Cowan University,Engineering and Related Technologies,03,international,,2024,1314,bronze/education-higher-ed/education_he-student-enrolments-pivot_2024.xlsx
Edith Cowan University,Health,06,domestic,,2020,5930,bronze/education-higher-ed/education_he-student-enrolments-pivot_2024.xlsx
Edith Cowan University,Health,06,domestic,,2021,5946,bronze/education-higher-ed/education_he-student-enrolments-pivot_2024.xlsx
Edith Cowan University,Health,06,domestic,,2022,5649,bronze/education-higher-ed/education_he-student-enrolments-pivot_2024.xlsx
Edith Cowan University,Health,06,domestic,,2023,5539,bronze/education-higher-ed/education_he-student-enrolments-pivot_2024.xlsx
Edith Cowan University,Health,06,domestic,,2024,5928,bronze/education-higher-ed/education_he-student-enrolments-pivot_2024.xlsx
Edith Cowan University,Health,06,international,,2020,1053,bronze/education-higher-ed/education_he-student-enrolments-pivot_2024.xlsx
Edith Cowan University,Health,06,international,,2021,842,bronze/education-higher-ed/education_he-student-enrolments-pivot_2024.xlsx
Edith Cowan University,Health,06,international,,2022,1046,bronze/education-higher-ed/education_he-student-enrolments-pivot_2024.xlsx
Edith Cowan University,Health,06,international,,2023,1289,bronze/education-higher-ed/education_he-student-enrolments-pivot_2024.xlsx
Edith Cowan University,Health,06,international,,2024,1319,bronze/education-higher-ed/education_he-student-enrolments-pivot_2024.xlsx
Edith Cowan University,Information Technology,02,domestic,,2020,1617,bronze/education-higher-ed/education_he-student-enrolments-pivot_2024.xlsx
Edith Cowan University,Information Technology,02,domestic,,2021,1696,bronze/education-higher-ed/education_he-student-enrolments-pivot_2024.xlsx
Edith Cowan University,Information Technology,02,domestic,,2022,1460,bronze/education-higher-ed/education_he-student-enrolments-pivot_2024.xlsx
Edith Cowan University,Information Technology,02,domestic,,2023,1335,bronze/education-higher-ed/education_he-student-enrolments-pivot_2024.xlsx
Edith Cowan University,Information Technology,02,domestic,,2024,1250,bronze/education-higher-ed/education_he-student-enrolments-pivot_2024.xlsx
Edith Cowan University,Information Technology,02,international,,2020,1030,bronze/education-higher-ed/education_he-student-enrolments-pivot_2024.xlsx
Edith Cowan University,Information Technology,02,international,,2021,904,bronze/education-higher-ed/education_he-student-enrolments-pivot_2024.xlsx
Edith Cowan University,Information Technology,02,international,,2022,985,bronze/education-higher-ed/education_he-student-enrolments-pivot_2024.xlsx
Edith Cowan University,Information Technology,02,international,,2023,1375,bronze/education-higher-ed/education_he-student-enrolments-pivot_2024.xlsx
Edith Cowan University,Information Technology,02,international,,2024,1843,bronze/education-higher-ed/education_he-student-enrolments-pivot_2024.xlsx
Edith Cowan University,Management and Commerce,08,domestic,,2020,1809,bronze/education-higher-ed/education_he-student-enrolments-pivot_2024.xlsx
Edith Cowan University,Management and Commerce,08,domestic,,2021,1755,bronze/education-higher-ed/education_he-student-enrolments-pivot_2024.xlsx
Edith Cowan University,Management and Commerce,08,domestic,,2022,1679,bronze/education-higher-ed/education_he-student-enrolments-pivot_2024.xlsx
Edith Cowan University,Management and Commerce,08,domestic,,2023,1780,bronze/education-higher-ed/education_he-student-enrolments-pivot_2024.xlsx
Edith Cowan University,Management and Commerce,08,domestic,,2024,1823,bronze/education-higher-ed/education_he-student-enrolments-pivot_2024.xlsx
Edith Cowan University,Management and Commerce,08,international,,2020,1918,bronze/education-higher-ed/education_he-student-enrolments-pivot_2024.xlsx
Edith Cowan University,Management and Commerce,08,international,,2021,1567,bronze/education-higher-ed/education_he-student-enrolments-pivot_2024.xlsx
Edith Cowan University,Management and Commerce,08,international,,2022,1578,bronze/education-higher-ed/education_he-student-enrolments-pivot_2024.xlsx
Edith Cowan University,Management and Commerce,08,international,,2023,2541,bronze/education-higher-ed/education_he-student-enrolments-pivot_2024.xlsx
Edith Cowan University,Management and Commerce,08,international,,2024,2967,bronze/education-higher-ed/education_he-student-enrolments-pivot_2024.xlsx
Edith Cowan University,Mixed Field Programmes,12,domestic,,2021,8,bronze/education-higher-ed/education_he-student-enrolments-pivot_2024.xlsx
Edith Cowan University,Mixed Field Programmes,12,domestic,,2022,9,bronze/education-higher-ed/education_he-student-enrolments-pivot_2024.xlsx
Edith Cowan University,Mixed Field Programmes,12,domestic,,2023,5,bronze/education-higher-ed/education_he-student-enrolments-pivot_2024.xlsx
Edith Cowan University,Mixed Field Programmes,12,domestic,,2024,4,bronze/education-higher-ed/education_he-student-enrolments-pivot_2024.xlsx
Edith Cowan University,Natural and Physical Sciences,01,domestic,,2020,759,bronze/education-higher-ed/education_he-student-enrolments-pivot_2024.xlsx
Edith Cowan University,Natural and Physical Sciences,01,domestic,,2021,844,bronze/education-higher-ed/education_he-student-enrolments-pivot_2024.xlsx
Edith Cowan University,Natural and Physical Sciences,01,domestic,,2022,753,bronze/education-higher-ed/education_he-student-enrolments-pivot_2024.xlsx
Edith Cowan University,Natural and Physical Sciences,01,domestic,,2023,676,bronze/education-higher-ed/education_he-student-enrolments-pivot_2024.xlsx
Edith Cowan University,Natural and Physical Sciences,01,domestic,,2024,640,bronze/education-higher-ed/education_he-student-enrolments-pivot_2024.xlsx
Edith Cowan University,Natural and Physical Sciences,01,international,,2020,136,bronze/education-higher-ed/education_he-student-enrolments-pivot_2024.xlsx
Edith Cowan University,Natural and Physical Sciences,01,international,,2021,142,bronze/education-higher-ed/education_he-student-enrolments-pivot_2024.xlsx
Edith Cowan University,Natural and Physical Sciences,01,international,,2022,290,bronze/education-higher-ed/education_he-student-enrolments-pivot_2024.xlsx
Edith Cowan University,Natural and Physical Sciences,01,international,,2023,415,bronze/education-higher-ed/education_he-student-enrolments-pivot_2024.xlsx
Edith Cowan University,Natural and Physical Sciences,01,international,,2024,534,bronze/education-higher-ed/education_he-student-enrolments-pivot_2024.xlsx
Edith Cowan University,Non-Award Courses,,domestic,,2020,40,bronze/education-higher-ed/education_he-student-enrolments-pivot_2024.xlsx
Edith Cowan University,Non-Award Courses,,domestic,,2021,53,bronze/education-higher-ed/education_he-student-enrolments-pivot_2024.xlsx
Edith Cowan University,Non-Award Courses,,domestic,,2022,41,bronze/education-higher-ed/education_he-student-enrolments-pivot_2024.xlsx
Edith Cowan University,Non-Award Courses,,domestic,,2023,34,bronze/education-higher-ed/education_he-student-enrolments-pivot_2024.xlsx
Edith Cowan University,Non-Award Courses,,domestic,,2024,60,bronze/education-higher-ed/education_he-student-enrolments-pivot_2024.xlsx
Edith Cowan University,Non-Award Courses,,international,,2020,150,bronze/education-higher-ed/education_he-student-enrolments-pivot_2024.xlsx
Edith Cowan University,Non-Award Courses,,international,,2021,32,bronze/education-higher-ed/education_he-student-enrolments-pivot_2024.xlsx
Edith Cowan University,Non-Award Courses,,international,,2022,34,bronze/education-higher-ed/education_he-student-enrolments-pivot_2024.xlsx
Edith Cowan University,Non-Award Courses,,international,,2023,24,bronze/education-higher-ed/education_he-student-enrolments-pivot_2024.xlsx
Edith Cowan University,Non-Award Courses,,international,,2024,16,bronze/education-higher-ed/education_he-student-enrolments-pivot_2024.xlsx
Edith Cowan University,Society and Culture,09,domestic,,2020,3613,bronze/education-higher-ed/education_he-student-enrolments-pivot_2024.xlsx
Edith Cowan University,Society and Culture,09,domestic,,2021,4173,bronze/education-higher-ed/education_he-student-enrolments-pivot_2024.xlsx
Edith Cowan University,Society and Culture,09,domestic,,2022,4316,bronze/education-higher-ed/education_he-student-enrolments-pivot_2024.xlsx
Edith Cowan University,Society and Culture,09,domestic,,2023,4353,bronze/education-higher-ed/education_he-student-enrolments-pivot_2024.xlsx
Edith Cowan University,Society and Culture,09,domestic,,2024,4216,bronze/education-higher-ed/education_he-student-enrolments-pivot_2024.xlsx
Edith Cowan University,Society and Culture,09,international,,2020,356,bronze/education-higher-ed/education_he-student-enrolments-pivot_2024.xlsx
Edith Cowan University,Society and Culture,09,international,,2021,259,bronze/education-higher-ed/education_he-student-enrolments-pivot_2024.xlsx
Edith Cowan University,Society and Culture,09,international,,2022,263,bronze/education-higher-ed/education_he-student-enrolments-pivot_2024.xlsx
Edith Cowan University,Society and Culture,09,international,,2023,232,bronze/education-higher-ed/education_he-student-enrolments-pivot_2024.xlsx
Edith Cowan University,Society and Culture,09,international,,2024,191,bronze/education-higher-ed/education_he-student-enrolments-pivot_2024.xlsx
Federation University Australia,"Agriculture, Environmental and Related Studies",05,domestic,,2020,10,bronze/education-higher-ed/education_he-student-enrolments-pivot_2024.xlsx
Federation University Australia,Creative Arts,10,domestic,,2020,253,bronze/education-higher-ed/education_he-student-enrolments-pivot_2024.xlsx
Federation University Australia,Creative Arts,10,domestic,,2021,210,bronze/education-higher-ed/education_he-student-enrolments-pivot_2024.xlsx
Federation University Australia,Creative Arts,10,domestic,,2022,192,bronze/education-higher-ed/education_he-student-enrolments-pivot_2024.xlsx
Federation University Australia,Creative Arts,10,domestic,,2023,168,bronze/education-higher-ed/education_he-student-enrolments-pivot_2024.xlsx
Federation University Australia,Creative Arts,10,domestic,,2024,134,bronze/education-higher-ed/education_he-student-enrolments-pivot_2024.xlsx
Federation University Australia,Creative Arts,10,international,,2020,0,bronze/education-higher-ed/education_he-student-enrolments-pivot_2024.xlsx
Federation University Australia,Creative Arts,10,international,,2021,2,bronze/education-higher-ed/education_he-student-enrolments-pivot_2024.xlsx
Federation University Australia,Education,07,domestic,,2020,1438,bronze/education-higher-ed/education_he-student-enrolments-pivot_2024.xlsx
Federation University Australia,Education,07,domestic,,2021,1473,bronze/education-higher-ed/education_he-student-enrolments-pivot_2024.xlsx
Federation University Australia,Education,07,domestic,,2022,1547,bronze/education-higher-ed/education_he-student-enrolments-pivot_2024.xlsx
Federation University Australia,Education,07,domestic,,2023,1570,bronze/education-higher-ed/education_he-student-enrolments-pivot_2024.xlsx
Federation University Australia,Education,07,domestic,,2024,1810,bronze/education-higher-ed/education_he-student-enrolments-pivot_2024.xlsx
Federation University Australia,Education,07,international,,2020,17,bronze/education-higher-ed/education_he-student-enrolments-pivot_2024.xlsx
Federation University Australia,Education,07,international,,2021,60,bronze/education-higher-ed/education_he-student-enrolments-pivot_2024.xlsx
Federation University Australia,Education,07,international,,2022,99,bronze/education-higher-ed/education_he-student-enrolments-pivot_2024.xlsx
Federation University Australia,Education,07,international,,2023,119,bronze/education-higher-ed/education_he-student-enrolments-pivot_2024.xlsx
Federation University Australia,Education,07,international,,2024,117,bronze/education-higher-ed/education_he-student-enrolments-pivot_2024.xlsx
Federation University Australia,Engineering and Related Technologies,03,domestic,,2020,364,bronze/education-higher-ed/education_he-student-enrolments-pivot_2024.xlsx
Federation University Australia,Engineering and Related Technologies,03,domestic,,2021,349,bronze/education-higher-ed/education_he-student-enrolments-pivot_2024.xlsx
Federation University Australia,Engineering and Related Technologies,03,domestic,,2022,325,bronze/education-higher-ed/education_he-student-enrolments-pivot_2024.xlsx
Federation University Australia,Engineering and Related Technologies,03,domestic,,2023,327,bronze/education-higher-ed/education_he-student-enrolments-pivot_2024.xlsx
Federation University Australia,Engineering and Related Technologies,03,domestic,,2024,385,bronze/education-higher-ed/education_he-student-enrolments-pivot_2024.xlsx
Federation University Australia,Engineering and Related Technologies,03,international,,2020,370,bronze/education-higher-ed/education_he-student-enrolments-pivot_2024.xlsx
Federation University Australia,Engineering and Related Technologies,03,international,,2021,306,bronze/education-higher-ed/education_he-student-enrolments-pivot_2024.xlsx
Federation University Australia,Engineering and Related Technologies,03,international,,2022,317,bronze/education-higher-ed/education_he-student-enrolments-pivot_2024.xlsx
Federation University Australia,Engineering and Related Technologies,03,international,,2023,517,bronze/education-higher-ed/education_he-student-enrolments-pivot_2024.xlsx
Federation University Australia,Engineering and Related Technologies,03,international,,2024,486,bronze/education-higher-ed/education_he-student-enrolments-pivot_2024.xlsx
Federation University Australia,Health,06,domestic,,2020,2593,bronze/education-higher-ed/education_he-student-enrolments-pivot_2024.xlsx
Federation University Australia,Health,06,domestic,,2021,2891,bronze/education-higher-ed/education_he-student-enrolments-pivot_2024.xlsx
Federation University Australia,Health,06,domestic,,2022,2870,bronze/education-higher-ed/education_he-student-enrolments-pivot_2024.xlsx
Federation University Australia,Health,06,domestic,,2023,2995,bronze/education-higher-ed/education_he-student-enrolments-pivot_2024.xlsx
Federation University Australia,Health,06,domestic,,2024,3223,bronze/education-higher-ed/education_he-student-enrolments-pivot_2024.xlsx
Federation University Australia,Health,06,international,,2020,506,bronze/education-higher-ed/education_he-student-enrolments-pivot_2024.xlsx
Federation University Australia,Health,06,international,,2021,512,bronze/education-higher-ed/education_he-student-enrolments-pivot_2024.xlsx
Federation University Australia,Health,06,international,,2022,573,bronze/education-higher-ed/education_he-student-enrolments-pivot_2024.xlsx
Federation University Australia,Health,06,international,,2023,599,bronze/education-higher-ed/education_he-student-enrolments-pivot_2024.xlsx
Federation University Australia,Health,06,international,,2024,586,bronze/education-higher-ed/education_he-student-enrolments-pivot_2024.xlsx
Federation University Australia,Information Technology,02,domestic,,2020,303,bronze/education-higher-ed/education_he-student-enrolments-pivot_2024.xlsx
Federation University Australia,Information Technology,02,domestic,,2021,274,bronze/education-higher-ed/education_he-student-enrolments-pivot_2024.xlsx
Federation University Australia,Information Technology,02,domestic,,2022,221,bronze/education-higher-ed/education_he-student-enrolments-pivot_2024.xlsx
Federation University Australia,Information Technology,02,domestic,,2023,243,bronze/education-higher-ed/education_he-student-enrolments-pivot_2024.xlsx
Federation University Australia,Information Technology,02,domestic,,2024,244,bronze/education-higher-ed/education_he-student-enrolments-pivot_2024.xlsx
Federation University Australia,Information Technology,02,international,,2020,5130,bronze/education-higher-ed/education_he-student-enrolments-pivot_2024.xlsx
Federation University Australia,Information Technology,02,international,,2021,2896,bronze/education-higher-ed/education_he-student-enrolments-pivot_2024.xlsx
Federation University Australia,Information Technology,02,international,,2022,2800,bronze/education-higher-ed/education_he-student-enrolments-pivot_2024.xlsx
Federation University Australia,Information Technology,02,international,,2023,2506,bronze/education-higher-ed/education_he-student-enrolments-pivot_2024.xlsx
Federation University Australia,Information Technology,02,international,,2024,1622,bronze/education-higher-ed/education_he-student-enrolments-pivot_2024.xlsx
Federation University Australia,Management and Commerce,08,domestic,,2020,859,bronze/education-higher-ed/education_he-student-enrolments-pivot_2024.xlsx
Federation University Australia,Management and Commerce,08,domestic,,2021,752,bronze/education-higher-ed/education_he-student-enrolments-pivot_2024.xlsx
Federation University Australia,Management and Commerce,08,domestic,,2022,538,bronze/education-higher-ed/education_he-student-enrolments-pivot_2024.xlsx
Federation University Australia,Management and Commerce,08,domestic,,2023,367,bronze/education-higher-ed/education_he-student-enrolments-pivot_2024.xlsx
Federation University Australia,Management and Commerce,08,domestic,,2024,267,bronze/education-higher-ed/education_he-student-enrolments-pivot_2024.xlsx
Federation University Australia,Management and Commerce,08,international,,2020,1891,bronze/education-higher-ed/education_he-student-enrolments-pivot_2024.xlsx
Federation University Australia,Management and Commerce,08,international,,2021,1020,bronze/education-higher-ed/education_he-student-enrolments-pivot_2024.xlsx
Federation University Australia,Management and Commerce,08,international,,2022,1172,bronze/education-higher-ed/education_he-student-enrolments-pivot_2024.xlsx
Federation University Australia,Management and Commerce,08,international,,2023,905,bronze/education-higher-ed/education_he-student-enrolments-pivot_2024.xlsx
Federation University Australia,Management and Commerce,08,international,,2024,458,bronze/education-higher-ed/education_he-student-enrolments-pivot_2024.xlsx
Federation University Australia,Mixed Field Programmes,12,domestic,,2020,226,bronze/education-higher-ed/education_he-student-enrolments-pivot_2024.xlsx
Federation University Australia,Mixed Field Programmes,12,domestic,,2021,255,bronze/education-higher-ed/education_he-student-enrolments-pivot_2024.xlsx
Federation University Australia,Mixed Field Programmes,12,domestic,,2022,193,bronze/education-higher-ed/education_he-student-enrolments-pivot_2024.xlsx
Federation University Australia,Mixed Field Programmes,12,domestic,,2023,256,bronze/education-higher-ed/education_he-student-enrolments-pivot_2024.xlsx
Federation University Australia,Mixed Field Programmes,12,domestic,,2024,309,bronze/education-higher-ed/education_he-student-enrolments-pivot_2024.xlsx
Federation University Australia,Natural and Physical Sciences,01,domestic,,2020,738,bronze/education-higher-ed/education_he-student-enrolments-pivot_2024.xlsx
Federation University Australia,Natural and Physical Sciences,01,domestic,,2021,764,bronze/education-higher-ed/education_he-student-enrolments-pivot_2024.xlsx
Federation University Australia,Natural and Physical Sciences,01,domestic,,2022,736,bronze/education-higher-ed/education_he-student-enrolments-pivot_2024.xlsx
Federation University Australia,Natural and Physical Sciences,01,domestic,,2023,663,bronze/education-higher-ed/education_he-student-enrolments-pivot_2024.xlsx
Federation University Australia,Natural and Physical Sciences,01,domestic,,2024,639,bronze/education-higher-ed/education_he-student-enrolments-pivot_2024.xlsx
Federation University Australia,Natural and Physical Sciences,01,international,,2020,325,bronze/education-higher-ed/education_he-student-enrolments-pivot_2024.xlsx
Federation University Australia,Natural and Physical Sciences,01,international,,2021,333,bronze/education-higher-ed/education_he-student-enrolments-pivot_2024.xlsx
Federation University Australia,Natural and Physical Sciences,01,international,,2022,354,bronze/education-higher-ed/education_he-student-enrolments-pivot_2024.xlsx
Federation University Australia,Natural and Physical Sciences,01,international,,2023,380,bronze/education-higher-ed/education_he-student-enrolments-pivot_2024.xlsx
Federation University Australia,Natural and Physical Sciences,01,international,,2024,344,bronze/education-higher-ed/education_he-student-enrolments-pivot_2024.xlsx
Federation University Australia,Non-Award Courses,,domestic,,2020,65,bronze/education-higher-ed/education_he-student-enrolments-pivot_2024.xlsx
Federation University Australia,Non-Award Courses,,domestic,,2021,119,bronze/education-higher-ed/education_he-student-enrolments-pivot_2024.xlsx
Federation University Australia,Non-Award Courses,,domestic,,2022,31,bronze/education-higher-ed/education_he-student-enrolments-pivot_2024.xlsx
Federation University Australia,Non-Award Courses,,domestic,,2023,0,bronze/education-higher-ed/education_he-student-enrolments-pivot_2024.xlsx
Federation University Australia,Non-Award Courses,,domestic,,2024,5,bronze/education-higher-ed/education_he-student-enrolments-pivot_2024.xlsx
Federation University Australia,Non-Award Courses,,international,,2020,80,bronze/education-higher-ed/education_he-student-enrolments-pivot_2024.xlsx
Federation University Australia,Non-Award Courses,,international,,2021,49,bronze/education-higher-ed/education_he-student-enrolments-pivot_2024.xlsx
Federation University Australia,Non-Award Courses,,international,,2022,13,bronze/education-higher-ed/education_he-student-enrolments-pivot_2024.xlsx
Federation University Australia,Non-Award Courses,,international,,2023,15,bronze/education-higher-ed/education_he-student-enrolments-pivot_2024.xlsx
Federation University Australia,Non-Award Courses,,international,,2024,14,bronze/education-higher-ed/education_he-student-enrolments-pivot_2024.xlsx
Federation University Australia,Society and Culture,09,domestic,,2020,1344,bronze/education-higher-ed/education_he-student-enrolments-pivot_2024.xlsx
Federation University Australia,Society and Culture,09,domestic,,2021,1262,bronze/education-higher-ed/education_he-student-enrolments-pivot_2024.xlsx
Federation University Australia,Society and Culture,09,domestic,,2022,1121,bronze/education-higher-ed/education_he-student-enrolments-pivot_2024.xlsx
Federation University Australia,Society and Culture,09,domestic,,2023,1199,bronze/education-higher-ed/education_he-student-enrolments-pivot_2024.xlsx
Federation University Australia,Society and Culture,09,domestic,,2024,1438,bronze/education-higher-ed/education_he-student-enrolments-pivot_2024.xlsx
Federation University Australia,Society and Culture,09,international,,2020,281,bronze/education-higher-ed/education_he-student-enrolments-pivot_2024.xlsx
Federation University Australia,Society and Culture,09,international,,2021,254,bronze/education-higher-ed/education_he-student-enrolments-pivot_2024.xlsx
Federation University Australia,Society and Culture,09,international,,2022,229,bronze/education-higher-ed/education_he-student-enrolments-pivot_2024.xlsx
Federation University Australia,Society and Culture,09,international,,2023,381,bronze/education-higher-ed/education_he-student-enrolments-pivot_2024.xlsx
Federation University Australia,Society and Culture,09,international,,2024,369,bronze/education-higher-ed/education_he-student-enrolments-pivot_2024.xlsx
Flinders University,"Agriculture, Environmental and Related Studies",05,domestic,,2020,95,bronze/education-higher-ed/education_he-student-enrolments-pivot_2024.xlsx
Flinders University,"Agriculture, Environmental and Related Studies",05,domestic,,2021,94,bronze/education-higher-ed/education_he-student-enrolments-pivot_2024.xlsx
Flinders University,"Agriculture, Environmental and Related Studies",05,domestic,,2022,104,bronze/education-higher-ed/education_he-student-enrolments-pivot_2024.xlsx
Flinders University,"Agriculture, Environmental and Related Studies",05,domestic,,2023,95,bronze/education-higher-ed/education_he-student-enrolments-pivot_2024.xlsx
Flinders University,"Agriculture, Environmental and Related Studies",05,domestic,,2024,82,bronze/education-higher-ed/education_he-student-enrolments-pivot_2024.xlsx
Flinders University,"Agriculture, Environmental and Related Studies",05,international,,2020,46,bronze/education-higher-ed/education_he-student-enrolments-pivot_2024.xlsx
Flinders University,"Agriculture, Environmental and Related Studies",05,international,,2021,28,bronze/education-higher-ed/education_he-student-enrolments-pivot_2024.xlsx
Flinders University,"Agriculture, Environmental and Related Studies",05,international,,2022,63,bronze/education-higher-ed/education_he-student-enrolments-pivot_2024.xlsx
Flinders University,"Agriculture, Environmental and Related Studies",05,international,,2023,167,bronze/education-higher-ed/education_he-student-enrolments-pivot_2024.xlsx
Flinders University,"Agriculture, Environmental and Related Studies",05,international,,2024,92,bronze/education-higher-ed/education_he-student-enrolments-pivot_2024.xlsx
Flinders University,Creative Arts,10,domestic,,2020,1087,bronze/education-higher-ed/education_he-student-enrolments-pivot_2024.xlsx
Flinders University,Creative Arts,10,domestic,,2021,1157,bronze/education-higher-ed/education_he-student-enrolments-pivot_2024.xlsx
Flinders University,Creative Arts,10,domestic,,2022,1207,bronze/education-higher-ed/education_he-student-enrolments-pivot_2024.xlsx
Flinders University,Creative Arts,10,domestic,,2023,1237,bronze/education-higher-ed/education_he-student-enrolments-pivot_2024.xlsx
Flinders University,Creative Arts,10,domestic,,2024,1189,bronze/education-higher-ed/education_he-student-enrolments-pivot_2024.xlsx
Flinders University,Creative Arts,10,international,,2020,46,bronze/education-higher-ed/education_he-student-enrolments-pivot_2024.xlsx
Flinders University,Creative Arts,10,international,,2021,30,bronze/education-higher-ed/education_he-student-enrolments-pivot_2024.xlsx
Flinders University,Creative Arts,10,international,,2022,40,bronze/education-higher-ed/education_he-student-enrolments-pivot_2024.xlsx
Flinders University,Creative Arts,10,international,,2023,86,bronze/education-higher-ed/education_he-student-enrolments-pivot_2024.xlsx
Flinders University,Creative Arts,10,international,,2024,78,bronze/education-higher-ed/education_he-student-enrolments-pivot_2024.xlsx
Flinders University,Education,07,domestic,,2020,2741,bronze/education-higher-ed/education_he-student-enrolments-pivot_2024.xlsx
Flinders University,Education,07,domestic,,2021,2522,bronze/education-higher-ed/education_he-student-enrolments-pivot_2024.xlsx
Flinders University,Education,07,domestic,,2022,2331,bronze/education-higher-ed/education_he-student-enrolments-pivot_2024.xlsx
Flinders University,Education,07,domestic,,2023,2050,bronze/education-higher-ed/education_he-student-enrolments-pivot_2024.xlsx
Flinders University,Education,07,domestic,,2024,1812,bronze/education-higher-ed/education_he-student-enrolments-pivot_2024.xlsx
Flinders University,Education,07,international,,2020,534,bronze/education-higher-ed/education_he-student-enrolments-pivot_2024.xlsx
Flinders University,Education,07,international,,2021,549,bronze/education-higher-ed/education_he-student-enrolments-pivot_2024.xlsx
Flinders University,Education,07,international,,2022,700,bronze/education-higher-ed/education_he-student-enrolments-pivot_2024.xlsx
Flinders University,Education,07,international,,2023,634,bronze/education-higher-ed/education_he-student-enrolments-pivot_2024.xlsx
Flinders University,Education,07,international,,2024,660,bronze/education-higher-ed/education_he-student-enrolments-pivot_2024.xlsx
Flinders University,Engineering and Related Technologies,03,domestic,,2020,719,bronze/education-higher-ed/education_he-student-enrolments-pivot_2024.xlsx
Flinders University,Engineering and Related Technologies,03,domestic,,2021,805,bronze/education-higher-ed/education_he-student-enrolments-pivot_2024.xlsx
Flinders University,Engineering and Related Technologies,03,domestic,,2022,973,bronze/education-higher-ed/education_he-student-enrolments-pivot_2024.xlsx
Flinders University,Engineering and Related Technologies,03,domestic,,2023,1011,bronze/education-higher-ed/education_he-student-enrolments-pivot_2024.xlsx
Flinders University,Engineering and Related Technologies,03,domestic,,2024,932,bronze/education-higher-ed/education_he-student-enrolments-pivot_2024.xlsx
Flinders University,Engineering and Related Technologies,03,international,,2020,237,bronze/education-higher-ed/education_he-student-enrolments-pivot_2024.xlsx
Flinders University,Engineering and Related Technologies,03,international,,2021,223,bronze/education-higher-ed/education_he-student-enrolments-pivot_2024.xlsx
Flinders University,Engineering and Related Technologies,03,international,,2022,306,bronze/education-higher-ed/education_he-student-enrolments-pivot_2024.xlsx
Flinders University,Engineering and Related Technologies,03,international,,2023,483,bronze/education-higher-ed/education_he-student-enrolments-pivot_2024.xlsx
Flinders University,Engineering and Related Technologies,03,international,,2024,375,bronze/education-higher-ed/education_he-student-enrolments-pivot_2024.xlsx
Flinders University,Health,06,domestic,,2020,7384,bronze/education-higher-ed/education_he-student-enrolments-pivot_2024.xlsx
Flinders University,Health,06,domestic,,2021,7756,bronze/education-higher-ed/education_he-student-enrolments-pivot_2024.xlsx
Flinders University,Health,06,domestic,,2022,7502,bronze/education-higher-ed/education_he-student-enrolments-pivot_2024.xlsx
Flinders University,Health,06,domestic,,2023,7151,bronze/education-higher-ed/education_he-student-enrolments-pivot_2024.xlsx
Flinders University,Health,06,domestic,,2024,6927,bronze/education-higher-ed/education_he-student-enrolments-pivot_2024.xlsx
Flinders University,Health,06,international,,2020,1437,bronze/education-higher-ed/education_he-student-enrolments-pivot_2024.xlsx
Flinders University,Health,06,international,,2021,1232,bronze/education-higher-ed/education_he-student-enrolments-pivot_2024.xlsx
Flinders University,Health,06,international,,2022,1247,bronze/education-higher-ed/education_he-student-enrolments-pivot_2024.xlsx
Flinders University,Health,06,international,,2023,1486,bronze/education-higher-ed/education_he-student-enrolments-pivot_2024.xlsx
Flinders University,Health,06,international,,2024,1521,bronze/education-higher-ed/education_he-student-enrolments-pivot_2024.xlsx
Flinders University,Information Technology,02,domestic,,2020,523,bronze/education-higher-ed/education_he-student-enrolments-pivot_2024.xlsx
Flinders University,Information Technology,02,domestic,,2021,515,bronze/education-higher-ed/education_he-student-enrolments-pivot_2024.xlsx
Flinders University,Information Technology,02,domestic,,2022,527,bronze/education-higher-ed/education_he-student-enrolments-pivot_2024.xlsx
Flinders University,Information Technology,02,domestic,,2023,550,bronze/education-higher-ed/education_he-student-enrolments-pivot_2024.xlsx
Flinders University,Information Technology,02,domestic,,2024,520,bronze/education-higher-ed/education_he-student-enrolments-pivot_2024.xlsx
Flinders University,Information Technology,02,international,,2020,263,bronze/education-higher-ed/education_he-student-enrolments-pivot_2024.xlsx
Flinders University,Information Technology,02,international,,2021,231,bronze/education-higher-ed/education_he-student-enrolments-pivot_2024.xlsx
Flinders University,Information Technology,02,international,,2022,405,bronze/education-higher-ed/education_he-student-enrolments-pivot_2024.xlsx
Flinders University,Information Technology,02,international,,2023,775,bronze/education-higher-ed/education_he-student-enrolments-pivot_2024.xlsx
Flinders University,Information Technology,02,international,,2024,601,bronze/education-higher-ed/education_he-student-enrolments-pivot_2024.xlsx
Flinders University,Management and Commerce,08,domestic,,2020,1193,bronze/education-higher-ed/education_he-student-enrolments-pivot_2024.xlsx
Flinders University,Management and Commerce,08,domestic,,2021,1052,bronze/education-higher-ed/education_he-student-enrolments-pivot_2024.xlsx
Flinders University,Management and Commerce,08,domestic,,2022,960,bronze/education-higher-ed/education_he-student-enrolments-pivot_2024.xlsx
Flinders University,Management and Commerce,08,domestic,,2023,889,bronze/education-higher-ed/education_he-student-enrolments-pivot_2024.xlsx
Flinders University,Management and Commerce,08,domestic,,2024,889,bronze/education-higher-ed/education_he-student-enrolments-pivot_2024.xlsx
Flinders University,Management and Commerce,08,international,,2020,943,bronze/education-higher-ed/education_he-student-enrolments-pivot_2024.xlsx
Flinders University,Management and Commerce,08,international,,2021,842,bronze/education-higher-ed/education_he-student-enrolments-pivot_2024.xlsx
Flinders University,Management and Commerce,08,international,,2022,1083,bronze/education-higher-ed/education_he-student-enrolments-pivot_2024.xlsx
Flinders University,Management and Commerce,08,international,,2023,1207,bronze/education-higher-ed/education_he-student-enrolments-pivot_2024.xlsx
Flinders University,Management and Commerce,08,international,,2024,904,bronze/education-higher-ed/education_he-student-enrolments-pivot_2024.xlsx
Flinders University,Mixed Field Programmes,12,domestic,,2020,738,bronze/education-higher-ed/education_he-student-enrolments-pivot_2024.xlsx
Flinders University,Mixed Field Programmes,12,domestic,,2021,555,bronze/education-higher-ed/education_he-student-enrolments-pivot_2024.xlsx
Flinders University,Mixed Field Programmes,12,domestic,,2022,473,bronze/education-higher-ed/education_he-student-enrolments-pivot_2024.xlsx
Flinders University,Mixed Field Programmes,12,domestic,,2023,595,bronze/education-higher-ed/education_he-student-enrolments-pivot_2024.xlsx
Flinders University,Mixed Field Programmes,12,domestic,,2024,532,bronze/education-higher-ed/education_he-student-enrolments-pivot_2024.xlsx
Flinders University,Natural and Physical Sciences,01,domestic,,2020,1569,bronze/education-higher-ed/education_he-student-enrolments-pivot_2024.xlsx
Flinders University,Natural and Physical Sciences,01,domestic,,2021,1619,bronze/education-higher-ed/education_he-student-enrolments-pivot_2024.xlsx
Flinders University,Natural and Physical Sciences,01,domestic,,2022,1585,bronze/education-higher-ed/education_he-student-enrolments-pivot_2024.xlsx
Flinders University,Natural and Physical Sciences,01,domestic,,2023,1495,bronze/education-higher-ed/education_he-student-enrolments-pivot_2024.xlsx
Flinders University,Natural and Physical Sciences,01,domestic,,2024,1416,bronze/education-higher-ed/education_he-student-enrolments-pivot_2024.xlsx
Flinders University,Natural and Physical Sciences,01,international,,2020,146,bronze/education-higher-ed/education_he-student-enrolments-pivot_2024.xlsx
Flinders University,Natural and Physical Sciences,01,international,,2021,133,bronze/education-higher-ed/education_he-student-enrolments-pivot_2024.xlsx
Flinders University,Natural and Physical Sciences,01,international,,2022,256,bronze/education-higher-ed/education_he-student-enrolments-pivot_2024.xlsx
Flinders University,Natural and Physical Sciences,01,international,,2023,454,bronze/education-higher-ed/education_he-student-enrolments-pivot_2024.xlsx
Flinders University,Natural and Physical Sciences,01,international,,2024,322,bronze/education-higher-ed/education_he-student-enrolments-pivot_2024.xlsx
Flinders University,Non-Award Courses,,domestic,,2020,109,bronze/education-higher-ed/education_he-student-enrolments-pivot_2024.xlsx
Flinders University,Non-Award Courses,,domestic,,2021,117,bronze/education-higher-ed/education_he-student-enrolments-pivot_2024.xlsx
Flinders University,Non-Award Courses,,domestic,,2022,152,bronze/education-higher-ed/education_he-student-enrolments-pivot_2024.xlsx
Flinders University,Non-Award Courses,,domestic,,2023,281,bronze/education-higher-ed/education_he-student-enrolments-pivot_2024.xlsx
Flinders University,Non-Award Courses,,domestic,,2024,409,bronze/education-higher-ed/education_he-student-enrolments-pivot_2024.xlsx
Flinders University,Non-Award Courses,,international,,2020,8,bronze/education-higher-ed/education_he-student-enrolments-pivot_2024.xlsx
Flinders University,Non-Award Courses,,international,,2021,6,bronze/education-higher-ed/education_he-student-enrolments-pivot_2024.xlsx
Flinders University,Non-Award Courses,,international,,2022,7,bronze/education-higher-ed/education_he-student-enrolments-pivot_2024.xlsx
Flinders University,Non-Award Courses,,international,,2023,47,bronze/education-higher-ed/education_he-student-enrolments-pivot_2024.xlsx
Flinders University,Non-Award Courses,,international,,2024,66,bronze/education-higher-ed/education_he-student-enrolments-pivot_2024.xlsx
Flinders University,Society and Culture,09,domestic,,2020,4761,bronze/education-higher-ed/education_he-student-enrolments-pivot_2024.xlsx
Flinders University,Society and Culture,09,domestic,,2021,4830,bronze/education-higher-ed/education_he-student-enrolments-pivot_2024.xlsx
Flinders University,Society and Culture,09,domestic,,2022,4444,bronze/education-higher-ed/education_he-student-enrolments-pivot_2024.xlsx
Flinders University,Society and Culture,09,domestic,,2023,4125,bronze/education-higher-ed/education_he-student-enrolments-pivot_2024.xlsx
Flinders University,Society and Culture,09,domestic,,2024,3971,bronze/education-higher-ed/education_he-student-enrolments-pivot_2024.xlsx
Flinders University,Society and Culture,09,international,,2020,1365,bronze/education-higher-ed/education_he-student-enrolments-pivot_2024.xlsx
Flinders University,Society and Culture,09,international,,2021,1251,bronze/education-higher-ed/education_he-student-enrolments-pivot_2024.xlsx
Flinders University,Society and Culture,09,international,,2022,1269,bronze/education-higher-ed/education_he-student-enrolments-pivot_2024.xlsx
Flinders University,Society and Culture,09,international,,2023,1631,bronze/education-higher-ed/education_he-student-enrolments-pivot_2024.xlsx
Flinders University,Society and Culture,09,international,,2024,1664,bronze/education-higher-ed/education_he-student-enrolments-pivot_2024.xlsx
Griffith University,"Agriculture, Environmental and Related Studies",05,domestic,,2020,453,bronze/education-higher-ed/education_he-student-enrolments-pivot_2024.xlsx
Griffith University,"Agriculture, Environmental and Related Studies",05,domestic,,2021,554,bronze/education-higher-ed/education_he-student-enrolments-pivot_2024.xlsx
Griffith University,"Agriculture, Environmental and Related Studies",05,domestic,,2022,517,bronze/education-higher-ed/education_he-student-enrolments-pivot_2024.xlsx
Griffith University,"Agriculture, Environmental and Related Studies",05,domestic,,2023,464,bronze/education-higher-ed/education_he-student-enrolments-pivot_2024.xlsx
Griffith University,"Agriculture, Environmental and Related Studies",05,domestic,,2024,441,bronze/education-higher-ed/education_he-student-enrolments-pivot_2024.xlsx
Griffith University,"Agriculture, Environmental and Related Studies",05,international,,2020,115,bronze/education-higher-ed/education_he-student-enrolments-pivot_2024.xlsx
Griffith University,"Agriculture, Environmental and Related Studies",05,international,,2021,113,bronze/education-higher-ed/education_he-student-enrolments-pivot_2024.xlsx
Griffith University,"Agriculture, Environmental and Related Studies",05,international,,2022,95,bronze/education-higher-ed/education_he-student-enrolments-pivot_2024.xlsx
Griffith University,"Agriculture, Environmental and Related Studies",05,international,,2023,156,bronze/education-higher-ed/education_he-student-enrolments-pivot_2024.xlsx
Griffith University,"Agriculture, Environmental and Related Studies",05,international,,2024,126,bronze/education-higher-ed/education_he-student-enrolments-pivot_2024.xlsx
Griffith University,Architecture and Building,04,domestic,,2020,637,bronze/education-higher-ed/education_he-student-enrolments-pivot_2024.xlsx
Griffith University,Architecture and Building,04,domestic,,2021,612,bronze/education-higher-ed/education_he-student-enrolments-pivot_2024.xlsx
Griffith University,Architecture and Building,04,domestic,,2022,553,bronze/education-higher-ed/education_he-student-enrolments-pivot_2024.xlsx
Griffith University,Architecture and Building,04,domestic,,2023,491,bronze/education-higher-ed/education_he-student-enrolments-pivot_2024.xlsx
Griffith University,Architecture and Building,04,domestic,,2024,503,bronze/education-higher-ed/education_he-student-enrolments-pivot_2024.xlsx
Griffith University,Architecture and Building,04,international,,2020,115,bronze/education-higher-ed/education_he-student-enrolments-pivot_2024.xlsx
Griffith University,Architecture and Building,04,international,,2021,90,bronze/education-higher-ed/education_he-student-enrolments-pivot_2024.xlsx
Griffith University,Architecture and Building,04,international,,2022,81,bronze/education-higher-ed/education_he-student-enrolments-pivot_2024.xlsx
Griffith University,Architecture and Building,04,international,,2023,120,bronze/education-higher-ed/education_he-student-enrolments-pivot_2024.xlsx
Griffith University,Architecture and Building,04,international,,2024,91,bronze/education-higher-ed/education_he-student-enrolments-pivot_2024.xlsx
Griffith University,Creative Arts,10,domestic,,2020,4043,bronze/education-higher-ed/education_he-student-enrolments-pivot_2024.xlsx
Griffith University,Creative Arts,10,domestic,,2021,3877,bronze/education-higher-ed/education_he-student-enrolments-pivot_2024.xlsx
Griffith University,Creative Arts,10,domestic,,2022,3502,bronze/education-higher-ed/education_he-student-enrolments-pivot_2024.xlsx
Griffith University,Creative Arts,10,domestic,,2023,3293,bronze/education-higher-ed/education_he-student-enrolments-pivot_2024.xlsx
Griffith University,Creative Arts,10,domestic,,2024,3191,bronze/education-higher-ed/education_he-student-enrolments-pivot_2024.xlsx
Griffith University,Creative Arts,10,international,,2020,386,bronze/education-higher-ed/education_he-student-enrolments-pivot_2024.xlsx
Griffith University,Creative Arts,10,international,,2021,377,bronze/education-higher-ed/education_he-student-enrolments-pivot_2024.xlsx
Griffith University,Creative Arts,10,international,,2022,374,bronze/education-higher-ed/education_he-student-enrolments-pivot_2024.xlsx
Griffith University,Creative Arts,10,international,,2023,356,bronze/education-higher-ed/education_he-student-enrolments-pivot_2024.xlsx
Griffith University,Creative Arts,10,international,,2024,342,bronze/education-higher-ed/education_he-student-enrolments-pivot_2024.xlsx
Griffith University,Education,07,domestic,,2020,3336,bronze/education-higher-ed/education_he-student-enrolments-pivot_2024.xlsx
Griffith University,Education,07,domestic,,2021,4012,bronze/education-higher-ed/education_he-student-enrolments-pivot_2024.xlsx
Griffith University,Education,07,domestic,,2022,3867,bronze/education-higher-ed/education_he-student-enrolments-pivot_2024.xlsx
Griffith University,Education,07,domestic,,2023,3747,bronze/education-higher-ed/education_he-student-enrolments-pivot_2024.xlsx
Griffith University,Education,07,domestic,,2024,3919,bronze/education-higher-ed/education_he-student-enrolments-pivot_2024.xlsx
Griffith University,Education,07,international,,2020,143,bronze/education-higher-ed/education_he-student-enrolments-pivot_2024.xlsx
Griffith University,Education,07,international,,2021,190,bronze/education-higher-ed/education_he-student-enrolments-pivot_2024.xlsx
Griffith University,Education,07,international,,2022,193,bronze/education-higher-ed/education_he-student-enrolments-pivot_2024.xlsx
Griffith University,Education,07,international,,2023,346,bronze/education-higher-ed/education_he-student-enrolments-pivot_2024.xlsx
Griffith University,Education,07,international,,2024,261,bronze/education-higher-ed/education_he-student-enrolments-pivot_2024.xlsx
Griffith University,Engineering and Related Technologies,03,domestic,,2020,1821,bronze/education-higher-ed/education_he-student-enrolments-pivot_2024.xlsx
Griffith University,Engineering and Related Technologies,03,domestic,,2021,1730,bronze/education-higher-ed/education_he-student-enrolments-pivot_2024.xlsx
Griffith University,Engineering and Related Technologies,03,domestic,,2022,1579,bronze/education-higher-ed/education_he-student-enrolments-pivot_2024.xlsx
Griffith University,Engineering and Related Technologies,03,domestic,,2023,1491,bronze/education-higher-ed/education_he-student-enrolments-pivot_2024.xlsx
Griffith University,Engineering and Related Technologies,03,domestic,,2024,1502,bronze/education-higher-ed/education_he-student-enrolments-pivot_2024.xlsx
Griffith University,Engineering and Related Technologies,03,international,,2020,794,bronze/education-higher-ed/education_he-student-enrolments-pivot_2024.xlsx
Griffith University,Engineering and Related Technologies,03,international,,2021,631,bronze/education-higher-ed/education_he-student-enrolments-pivot_2024.xlsx
Griffith University,Engineering and Related Technologies,03,international,,2022,614,bronze/education-higher-ed/education_he-student-enrolments-pivot_2024.xlsx
Griffith University,Engineering and Related Technologies,03,international,,2023,757,bronze/education-higher-ed/education_he-student-enrolments-pivot_2024.xlsx
Griffith University,Engineering and Related Technologies,03,international,,2024,685,bronze/education-higher-ed/education_he-student-enrolments-pivot_2024.xlsx
Griffith University,Health,06,domestic,,2020,7728,bronze/education-higher-ed/education_he-student-enrolments-pivot_2024.xlsx
Griffith University,Health,06,domestic,,2021,8325,bronze/education-higher-ed/education_he-student-enrolments-pivot_2024.xlsx
Griffith University,Health,06,domestic,,2022,7577,bronze/education-higher-ed/education_he-student-enrolments-pivot_2024.xlsx
Griffith University,Health,06,domestic,,2023,7385,bronze/education-higher-ed/education_he-student-enrolments-pivot_2024.xlsx
Griffith University,Health,06,domestic,,2024,7629,bronze/education-higher-ed/education_he-student-enrolments-pivot_2024.xlsx
Griffith University,Health,06,international,,2020,1429,bronze/education-higher-ed/education_he-student-enrolments-pivot_2024.xlsx
Griffith University,Health,06,international,,2021,1314,bronze/education-higher-ed/education_he-student-enrolments-pivot_2024.xlsx
Griffith University,Health,06,international,,2022,1248,bronze/education-higher-ed/education_he-student-enrolments-pivot_2024.xlsx
Griffith University,Health,06,international,,2023,1491,bronze/education-higher-ed/education_he-student-enrolments-pivot_2024.xlsx
Griffith University,Health,06,international,,2024,1633,bronze/education-higher-ed/education_he-student-enrolments-pivot_2024.xlsx
Griffith University,Information Technology,02,domestic,,2020,1160,bronze/education-higher-ed/education_he-student-enrolments-pivot_2024.xlsx
Griffith University,Information Technology,02,domestic,,2021,1214,bronze/education-higher-ed/education_he-student-enrolments-pivot_2024.xlsx
Griffith University,Information Technology,02,domestic,,2022,1249,bronze/education-higher-ed/education_he-student-enrolments-pivot_2024.xlsx
Griffith University,Information Technology,02,domestic,,2023,1281,bronze/education-higher-ed/education_he-student-enrolments-pivot_2024.xlsx
Griffith University,Information Technology,02,domestic,,2024,1488,bronze/education-higher-ed/education_he-student-enrolments-pivot_2024.xlsx
Griffith University,Information Technology,02,international,,2020,618,bronze/education-higher-ed/education_he-student-enrolments-pivot_2024.xlsx
Griffith University,Information Technology,02,international,,2021,554,bronze/education-higher-ed/education_he-student-enrolments-pivot_2024.xlsx
Griffith University,Information Technology,02,international,,2022,676,bronze/education-higher-ed/education_he-student-enrolments-pivot_2024.xlsx
Griffith University,Information Technology,02,international,,2023,1041,bronze/education-higher-ed/education_he-student-enrolments-pivot_2024.xlsx
Griffith University,Information Technology,02,international,,2024,1050,bronze/education-higher-ed/education_he-student-enrolments-pivot_2024.xlsx
Griffith University,Management and Commerce,08,domestic,,2020,7579,bronze/education-higher-ed/education_he-student-enrolments-pivot_2024.xlsx
Griffith University,Management and Commerce,08,domestic,,2021,6956,bronze/education-higher-ed/education_he-student-enrolments-pivot_2024.xlsx
Griffith University,Management and Commerce,08,domestic,,2022,5905,bronze/education-higher-ed/education_he-student-enrolments-pivot_2024.xlsx
Griffith University,Management and Commerce,08,domestic,,2023,5201,bronze/education-higher-ed/education_he-student-enrolments-pivot_2024.xlsx
Griffith University,Management and Commerce,08,domestic,,2024,4812,bronze/education-higher-ed/education_he-student-enrolments-pivot_2024.xlsx
Griffith University,Management and Commerce,08,international,,2020,3178,bronze/education-higher-ed/education_he-student-enrolments-pivot_2024.xlsx
Griffith University,Management and Commerce,08,international,,2021,2779,bronze/education-higher-ed/education_he-student-enrolments-pivot_2024.xlsx
Griffith University,Management and Commerce,08,international,,2022,2629,bronze/education-higher-ed/education_he-student-enrolments-pivot_2024.xlsx
Griffith University,Management and Commerce,08,international,,2023,2961,bronze/education-higher-ed/education_he-student-enrolments-pivot_2024.xlsx
Griffith University,Management and Commerce,08,international,,2024,2571,bronze/education-higher-ed/education_he-student-enrolments-pivot_2024.xlsx
Griffith University,Mixed Field Programmes,12,domestic,,2024,69,bronze/education-higher-ed/education_he-student-enrolments-pivot_2024.xlsx
Griffith University,Natural and Physical Sciences,01,domestic,,2020,2686,bronze/education-higher-ed/education_he-student-enrolments-pivot_2024.xlsx
Griffith University,Natural and Physical Sciences,01,domestic,,2021,2989,bronze/education-higher-ed/education_he-student-enrolments-pivot_2024.xlsx
Griffith University,Natural and Physical Sciences,01,domestic,,2022,2806,bronze/education-higher-ed/education_he-student-enrolments-pivot_2024.xlsx
Griffith University,Natural and Physical Sciences,01,domestic,,2023,2616,bronze/education-higher-ed/education_he-student-enrolments-pivot_2024.xlsx
Griffith University,Natural and Physical Sciences,01,domestic,,2024,2562,bronze/education-higher-ed/education_he-student-enrolments-pivot_2024.xlsx
Griffith University,Natural and Physical Sciences,01,international,,2020,495,bronze/education-higher-ed/education_he-student-enrolments-pivot_2024.xlsx
Griffith University,Natural and Physical Sciences,01,international,,2021,432,bronze/education-higher-ed/education_he-student-enrolments-pivot_2024.xlsx
Griffith University,Natural and Physical Sciences,01,international,,2022,526,bronze/education-higher-ed/education_he-student-enrolments-pivot_2024.xlsx
Griffith University,Natural and Physical Sciences,01,international,,2023,665,bronze/education-higher-ed/education_he-student-enrolments-pivot_2024.xlsx
Griffith University,Natural and Physical Sciences,01,international,,2024,679,bronze/education-higher-ed/education_he-student-enrolments-pivot_2024.xlsx
Griffith University,Non-Award Courses,,domestic,,2020,728,bronze/education-higher-ed/education_he-student-enrolments-pivot_2024.xlsx
Griffith University,Non-Award Courses,,domestic,,2021,338,bronze/education-higher-ed/education_he-student-enrolments-pivot_2024.xlsx
Griffith University,Non-Award Courses,,domestic,,2022,331,bronze/education-higher-ed/education_he-student-enrolments-pivot_2024.xlsx
Griffith University,Non-Award Courses,,domestic,,2023,338,bronze/education-higher-ed/education_he-student-enrolments-pivot_2024.xlsx
Griffith University,Non-Award Courses,,domestic,,2024,421,bronze/education-higher-ed/education_he-student-enrolments-pivot_2024.xlsx
Griffith University,Non-Award Courses,,international,,2020,476,bronze/education-higher-ed/education_he-student-enrolments-pivot_2024.xlsx
Griffith University,Non-Award Courses,,international,,2021,75,bronze/education-higher-ed/education_he-student-enrolments-pivot_2024.xlsx
Griffith University,Non-Award Courses,,international,,2022,295,bronze/education-higher-ed/education_he-student-enrolments-pivot_2024.xlsx
Griffith University,Non-Award Courses,,international,,2023,549,bronze/education-higher-ed/education_he-student-enrolments-pivot_2024.xlsx
Griffith University,Non-Award Courses,,international,,2024,526,bronze/education-higher-ed/education_he-student-enrolments-pivot_2024.xlsx
Griffith University,Society and Culture,09,domestic,,2020,11246,bronze/education-higher-ed/education_he-student-enrolments-pivot_2024.xlsx
Griffith University,Society and Culture,09,domestic,,2021,11495,bronze/education-higher-ed/education_he-student-enrolments-pivot_2024.xlsx
Griffith University,Society and Culture,09,domestic,,2022,10745,bronze/education-higher-ed/education_he-student-enrolments-pivot_2024.xlsx
Griffith University,Society and Culture,09,domestic,,2023,9959,bronze/education-higher-ed/education_he-student-enrolments-pivot_2024.xlsx
Griffith University,Society and Culture,09,domestic,,2024,9391,bronze/education-higher-ed/education_he-student-enrolments-pivot_2024.xlsx
Griffith University,Society and Culture,09,international,,2020,653,bronze/education-higher-ed/education_he-student-enrolments-pivot_2024.xlsx
Griffith University,Society and Culture,09,international,,2021,646,bronze/education-higher-ed/education_he-student-enrolments-pivot_2024.xlsx
Griffith University,Society and Culture,09,international,,2022,685,bronze/education-higher-ed/education_he-student-enrolments-pivot_2024.xlsx
Griffith University,Society and Culture,09,international,,2023,813,bronze/education-higher-ed/education_he-student-enrolments-pivot_2024.xlsx
Griffith University,Society and Culture,09,international,,2024,791,bronze/education-higher-ed/education_he-student-enrolments-pivot_2024.xlsx
James Cook University,"Agriculture, Environmental and Related Studies",05,domestic,,2020,109,bronze/education-higher-ed/education_he-student-enrolments-pivot_2024.xlsx
James Cook University,"Agriculture, Environmental and Related Studies",05,domestic,,2021,109,bronze/education-higher-ed/education_he-student-enrolments-pivot_2024.xlsx
James Cook University,"Agriculture, Environmental and Related Studies",05,domestic,,2022,110,bronze/education-higher-ed/education_he-student-enrolments-pivot_2024.xlsx
James Cook University,"Agriculture, Environmental and Related Studies",05,domestic,,2023,117,bronze/education-higher-ed/education_he-student-enrolments-pivot_2024.xlsx
James Cook University,"Agriculture, Environmental and Related Studies",05,domestic,,2024,109,bronze/education-higher-ed/education_he-student-enrolments-pivot_2024.xlsx
James Cook University,"Agriculture, Environmental and Related Studies",05,international,,2020,202,bronze/education-higher-ed/education_he-student-enrolments-pivot_2024.xlsx
James Cook University,"Agriculture, Environmental and Related Studies",05,international,,2021,165,bronze/education-higher-ed/education_he-student-enrolments-pivot_2024.xlsx
James Cook University,"Agriculture, Environmental and Related Studies",05,international,,2022,147,bronze/education-higher-ed/education_he-student-enrolments-pivot_2024.xlsx
James Cook University,"Agriculture, Environmental and Related Studies",05,international,,2023,144,bronze/education-higher-ed/education_he-student-enrolments-pivot_2024.xlsx
James Cook University,"Agriculture, Environmental and Related Studies",05,international,,2024,131,bronze/education-higher-ed/education_he-student-enrolments-pivot_2024.xlsx
James Cook University,Architecture and Building,04,domestic,,2020,65,bronze/education-higher-ed/education_he-student-enrolments-pivot_2024.xlsx
James Cook University,Architecture and Building,04,domestic,,2021,44,bronze/education-higher-ed/education_he-student-enrolments-pivot_2024.xlsx
James Cook University,Architecture and Building,04,domestic,,2022,50,bronze/education-higher-ed/education_he-student-enrolments-pivot_2024.xlsx
James Cook University,Architecture and Building,04,domestic,,2023,54,bronze/education-higher-ed/education_he-student-enrolments-pivot_2024.xlsx
James Cook University,Architecture and Building,04,domestic,,2024,30,bronze/education-higher-ed/education_he-student-enrolments-pivot_2024.xlsx
James Cook University,Architecture and Building,04,international,,2020,26,bronze/education-higher-ed/education_he-student-enrolments-pivot_2024.xlsx
James Cook University,Architecture and Building,04,international,,2021,9,bronze/education-higher-ed/education_he-student-enrolments-pivot_2024.xlsx
James Cook University,Architecture and Building,04,international,,2022,3,bronze/education-higher-ed/education_he-student-enrolments-pivot_2024.xlsx
James Cook University,Architecture and Building,04,international,,2023,4,bronze/education-higher-ed/education_he-student-enrolments-pivot_2024.xlsx
James Cook University,Architecture and Building,04,international,,2024,3,bronze/education-higher-ed/education_he-student-enrolments-pivot_2024.xlsx
James Cook University,Creative Arts,10,domestic,,2020,63,bronze/education-higher-ed/education_he-student-enrolments-pivot_2024.xlsx
James Cook University,Creative Arts,10,domestic,,2021,47,bronze/education-higher-ed/education_he-student-enrolments-pivot_2024.xlsx
James Cook University,Creative Arts,10,domestic,,2022,16,bronze/education-higher-ed/education_he-student-enrolments-pivot_2024.xlsx
James Cook University,Creative Arts,10,domestic,,2023,19,bronze/education-higher-ed/education_he-student-enrolments-pivot_2024.xlsx
James Cook University,Creative Arts,10,domestic,,2024,21,bronze/education-higher-ed/education_he-student-enrolments-pivot_2024.xlsx
James Cook University,Creative Arts,10,international,,2024,2,bronze/education-higher-ed/education_he-student-enrolments-pivot_2024.xlsx
James Cook University,Education,07,domestic,,2020,1040,bronze/education-higher-ed/education_he-student-enrolments-pivot_2024.xlsx
James Cook University,Education,07,domestic,,2021,1190,bronze/education-higher-ed/education_he-student-enrolments-pivot_2024.xlsx
James Cook University,Education,07,domestic,,2022,1177,bronze/education-higher-ed/education_he-student-enrolments-pivot_2024.xlsx
James Cook University,Education,07,domestic,,2023,1034,bronze/education-higher-ed/education_he-student-enrolments-pivot_2024.xlsx
James Cook University,Education,07,domestic,,2024,1126,bronze/education-higher-ed/education_he-student-enrolments-pivot_2024.xlsx
James Cook University,Education,07,international,,2020,130,bronze/education-higher-ed/education_he-student-enrolments-pivot_2024.xlsx
James Cook University,Education,07,international,,2021,152,bronze/education-higher-ed/education_he-student-enrolments-pivot_2024.xlsx
James Cook University,Education,07,international,,2022,177,bronze/education-higher-ed/education_he-student-enrolments-pivot_2024.xlsx
James Cook University,Education,07,international,,2023,189,bronze/education-higher-ed/education_he-student-enrolments-pivot_2024.xlsx
James Cook University,Education,07,international,,2024,202,bronze/education-higher-ed/education_he-student-enrolments-pivot_2024.xlsx
James Cook University,Engineering and Related Technologies,03,domestic,,2020,427,bronze/education-higher-ed/education_he-student-enrolments-pivot_2024.xlsx
James Cook University,Engineering and Related Technologies,03,domestic,,2021,414,bronze/education-higher-ed/education_he-student-enrolments-pivot_2024.xlsx
James Cook University,Engineering and Related Technologies,03,domestic,,2022,395,bronze/education-higher-ed/education_he-student-enrolments-pivot_2024.xlsx
James Cook University,Engineering and Related Technologies,03,domestic,,2023,390,bronze/education-higher-ed/education_he-student-enrolments-pivot_2024.xlsx
James Cook University,Engineering and Related Technologies,03,domestic,,2024,466,bronze/education-higher-ed/education_he-student-enrolments-pivot_2024.xlsx
James Cook University,Engineering and Related Technologies,03,international,,2020,133,bronze/education-higher-ed/education_he-student-enrolments-pivot_2024.xlsx
James Cook University,Engineering and Related Technologies,03,international,,2021,116,bronze/education-higher-ed/education_he-student-enrolments-pivot_2024.xlsx
James Cook University,Engineering and Related Technologies,03,international,,2022,72,bronze/education-higher-ed/education_he-student-enrolments-pivot_2024.xlsx
James Cook University,Engineering and Related Technologies,03,international,,2023,154,bronze/education-higher-ed/education_he-student-enrolments-pivot_2024.xlsx
James Cook University,Engineering and Related Technologies,03,international,,2024,185,bronze/education-higher-ed/education_he-student-enrolments-pivot_2024.xlsx
James Cook University,Health,06,domestic,,2020,6086,bronze/education-higher-ed/education_he-student-enrolments-pivot_2024.xlsx
James Cook University,Health,06,domestic,,2021,6130,bronze/education-higher-ed/education_he-student-enrolments-pivot_2024.xlsx
James Cook University,Health,06,domestic,,2022,5871,bronze/education-higher-ed/education_he-student-enrolments-pivot_2024.xlsx
James Cook University,Health,06,domestic,,2023,5617,bronze/education-higher-ed/education_he-student-enrolments-pivot_2024.xlsx
James Cook University,Health,06,domestic,,2024,5462,bronze/education-higher-ed/education_he-student-enrolments-pivot_2024.xlsx
James Cook University,Health,06,international,,2020,364,bronze/education-higher-ed/education_he-student-enrolments-pivot_2024.xlsx
James Cook University,Health,06,international,,2021,307,bronze/education-higher-ed/education_he-student-enrolments-pivot_2024.xlsx
James Cook University,Health,06,international,,2022,369,bronze/education-higher-ed/education_he-student-enrolments-pivot_2024.xlsx
James Cook University,Health,06,international,,2023,400,bronze/education-higher-ed/education_he-student-enrolments-pivot_2024.xlsx
James Cook University,Health,06,international,,2024,432,bronze/education-higher-ed/education_he-student-enrolments-pivot_2024.xlsx
James Cook University,Information Technology,02,domestic,,2020,358,bronze/education-higher-ed/education_he-student-enrolments-pivot_2024.xlsx
James Cook University,Information Technology,02,domestic,,2021,329,bronze/education-higher-ed/education_he-student-enrolments-pivot_2024.xlsx
James Cook University,Information Technology,02,domestic,,2022,251,bronze/education-higher-ed/education_he-student-enrolments-pivot_2024.xlsx
James Cook University,Information Technology,02,domestic,,2023,223,bronze/education-higher-ed/education_he-student-enrolments-pivot_2024.xlsx
James Cook University,Information Technology,02,domestic,,2024,197,bronze/education-higher-ed/education_he-student-enrolments-pivot_2024.xlsx
James Cook University,Information Technology,02,international,,2020,723,bronze/education-higher-ed/education_he-student-enrolments-pivot_2024.xlsx
James Cook University,Information Technology,02,international,,2021,548,bronze/education-higher-ed/education_he-student-enrolments-pivot_2024.xlsx
James Cook University,Information Technology,02,international,,2022,612,bronze/education-higher-ed/education_he-student-enrolments-pivot_2024.xlsx
James Cook University,Information Technology,02,international,,2023,909,bronze/education-higher-ed/education_he-student-enrolments-pivot_2024.xlsx
James Cook University,Information Technology,02,international,,2024,784,bronze/education-higher-ed/education_he-student-enrolments-pivot_2024.xlsx
James Cook University,Management and Commerce,08,domestic,,2020,1088,bronze/education-higher-ed/education_he-student-enrolments-pivot_2024.xlsx
James Cook University,Management and Commerce,08,domestic,,2021,1016,bronze/education-higher-ed/education_he-student-enrolments-pivot_2024.xlsx
James Cook University,Management and Commerce,08,domestic,,2022,822,bronze/education-higher-ed/education_he-student-enrolments-pivot_2024.xlsx
James Cook University,Management and Commerce,08,domestic,,2023,683,bronze/education-higher-ed/education_he-student-enrolments-pivot_2024.xlsx
James Cook University,Management and Commerce,08,domestic,,2024,576,bronze/education-higher-ed/education_he-student-enrolments-pivot_2024.xlsx
James Cook University,Management and Commerce,08,international,,2020,2425,bronze/education-higher-ed/education_he-student-enrolments-pivot_2024.xlsx
James Cook University,Management and Commerce,08,international,,2021,2132,bronze/education-higher-ed/education_he-student-enrolments-pivot_2024.xlsx
James Cook University,Management and Commerce,08,international,,2022,2342,bronze/education-higher-ed/education_he-student-enrolments-pivot_2024.xlsx
James Cook University,Management and Commerce,08,international,,2023,3319,bronze/education-higher-ed/education_he-student-enrolments-pivot_2024.xlsx
James Cook University,Management and Commerce,08,international,,2024,3162,bronze/education-higher-ed/education_he-student-enrolments-pivot_2024.xlsx
James Cook University,Mixed Field Programmes,12,domestic,,2020,96,bronze/education-higher-ed/education_he-student-enrolments-pivot_2024.xlsx
James Cook University,Mixed Field Programmes,12,domestic,,2021,78,bronze/education-higher-ed/education_he-student-enrolments-pivot_2024.xlsx
James Cook University,Mixed Field Programmes,12,domestic,,2022,108,bronze/education-higher-ed/education_he-student-enrolments-pivot_2024.xlsx
James Cook University,Mixed Field Programmes,12,domestic,,2023,98,bronze/education-higher-ed/education_he-student-enrolments-pivot_2024.xlsx
James Cook University,Mixed Field Programmes,12,domestic,,2024,675,bronze/education-higher-ed/education_he-student-enrolments-pivot_2024.xlsx
James Cook University,Mixed Field Programmes,12,international,,2020,178,bronze/education-higher-ed/education_he-student-enrolments-pivot_2024.xlsx
James Cook University,Mixed Field Programmes,12,international,,2021,211,bronze/education-higher-ed/education_he-student-enrolments-pivot_2024.xlsx
James Cook University,Mixed Field Programmes,12,international,,2022,211,bronze/education-higher-ed/education_he-student-enrolments-pivot_2024.xlsx
James Cook University,Mixed Field Programmes,12,international,,2023,234,bronze/education-higher-ed/education_he-student-enrolments-pivot_2024.xlsx
James Cook University,Mixed Field Programmes,12,international,,2024,217,bronze/education-higher-ed/education_he-student-enrolments-pivot_2024.xlsx
James Cook University,Natural and Physical Sciences,01,domestic,,2020,1608,bronze/education-higher-ed/education_he-student-enrolments-pivot_2024.xlsx
James Cook University,Natural and Physical Sciences,01,domestic,,2021,1751,bronze/education-higher-ed/education_he-student-enrolments-pivot_2024.xlsx
James Cook University,Natural and Physical Sciences,01,domestic,,2022,1573,bronze/education-higher-ed/education_he-student-enrolments-pivot_2024.xlsx
James Cook University,Natural and Physical Sciences,01,domestic,,2023,1440,bronze/education-higher-ed/education_he-student-enrolments-pivot_2024.xlsx
James Cook University,Natural and Physical Sciences,01,domestic,,2024,1081,bronze/education-higher-ed/education_he-student-enrolments-pivot_2024.xlsx
James Cook University,Natural and Physical Sciences,01,international,,2020,463,bronze/education-higher-ed/education_he-student-enrolments-pivot_2024.xlsx
James Cook University,Natural and Physical Sciences,01,international,,2021,377,bronze/education-higher-ed/education_he-student-enrolments-pivot_2024.xlsx
James Cook University,Natural and Physical Sciences,01,international,,2022,544,bronze/education-higher-ed/education_he-student-enrolments-pivot_2024.xlsx
James Cook University,Natural and Physical Sciences,01,international,,2023,771,bronze/education-higher-ed/education_he-student-enrolments-pivot_2024.xlsx
James Cook University,Natural and Physical Sciences,01,international,,2024,840,bronze/education-higher-ed/education_he-student-enrolments-pivot_2024.xlsx
James Cook University,Non-Award Courses,,domestic,,2020,95,bronze/education-higher-ed/education_he-student-enrolments-pivot_2024.xlsx
James Cook University,Non-Award Courses,,domestic,,2021,86,bronze/education-higher-ed/education_he-student-enrolments-pivot_2024.xlsx
James Cook University,Non-Award Courses,,domestic,,2022,35,bronze/education-higher-ed/education_he-student-enrolments-pivot_2024.xlsx
James Cook University,Non-Award Courses,,domestic,,2023,291,bronze/education-higher-ed/education_he-student-enrolments-pivot_2024.xlsx
James Cook University,Non-Award Courses,,domestic,,2024,408,bronze/education-higher-ed/education_he-student-enrolments-pivot_2024.xlsx
James Cook University,Non-Award Courses,,international,,2020,241,bronze/education-higher-ed/education_he-student-enrolments-pivot_2024.xlsx
James Cook University,Non-Award Courses,,international,,2021,115,bronze/education-higher-ed/education_he-student-enrolments-pivot_2024.xlsx
James Cook University,Non-Award Courses,,international,,2022,305,bronze/education-higher-ed/education_he-student-enrolments-pivot_2024.xlsx
James Cook University,Non-Award Courses,,international,,2023,351,bronze/education-higher-ed/education_he-student-enrolments-pivot_2024.xlsx
James Cook University,Non-Award Courses,,international,,2024,303,bronze/education-higher-ed/education_he-student-enrolments-pivot_2024.xlsx
James Cook University,Society and Culture,09,domestic,,2020,2801,bronze/education-higher-ed/education_he-student-enrolments-pivot_2024.xlsx
James Cook University,Society and Culture,09,domestic,,2021,3261,bronze/education-higher-ed/education_he-student-enrolments-pivot_2024.xlsx
James Cook University,Society and Culture,09,domestic,,2022,2861,bronze/education-higher-ed/education_he-student-enrolments-pivot_2024.xlsx
James Cook University,Society and Culture,09,domestic,,2023,2537,bronze/education-higher-ed/education_he-student-enrolments-pivot_2024.xlsx
James Cook University,Society and Culture,09,domestic,,2024,2000,bronze/education-higher-ed/education_he-student-enrolments-pivot_2024.xlsx
James Cook University,Society and Culture,09,international,,2020,1075,bronze/education-higher-ed/education_he-student-enrolments-pivot_2024.xlsx
James Cook University,Society and Culture,09,international,,2021,1163,bronze/education-higher-ed/education_he-student-enrolments-pivot_2024.xlsx
James Cook University,Society and Culture,09,international,,2022,1268,bronze/education-higher-ed/education_he-student-enrolments-pivot_2024.xlsx
James Cook University,Society and Culture,09,international,,2023,1382,bronze/education-higher-ed/education_he-student-enrolments-pivot_2024.xlsx
James Cook University,Society and Culture,09,international,,2024,1487,bronze/education-higher-ed/education_he-student-enrolments-pivot_2024.xlsx
La Trobe University,"Agriculture, Environmental and Related Studies",05,domestic,,2020,342,bronze/education-higher-ed/education_he-student-enrolments-pivot_2024.xlsx
La Trobe University,"Agriculture, Environmental and Related Studies",05,domestic,,2021,323,bronze/education-higher-ed/education_he-student-enrolments-pivot_2024.xlsx
La Trobe University,"Agriculture, Environmental and Related Studies",05,domestic,,2022,229,bronze/education-higher-ed/education_he-student-enrolments-pivot_2024.xlsx
La Trobe University,"Agriculture, Environmental and Related Studies",05,domestic,,2023,227,bronze/education-higher-ed/education_he-student-enrolments-pivot_2024.xlsx
La Trobe University,"Agriculture, Environmental and Related Studies",05,domestic,,2024,203,bronze/education-higher-ed/education_he-student-enrolments-pivot_2024.xlsx
La Trobe University,"Agriculture, Environmental and Related Studies",05,international,,2020,42,bronze/education-higher-ed/education_he-student-enrolments-pivot_2024.xlsx
La Trobe University,"Agriculture, Environmental and Related Studies",05,international,,2021,33,bronze/education-higher-ed/education_he-student-enrolments-pivot_2024.xlsx
La Trobe University,"Agriculture, Environmental and Related Studies",05,international,,2022,33,bronze/education-higher-ed/education_he-student-enrolments-pivot_2024.xlsx
La Trobe University,"Agriculture, Environmental and Related Studies",05,international,,2023,45,bronze/education-higher-ed/education_he-student-enrolments-pivot_2024.xlsx
La Trobe University,"Agriculture, Environmental and Related Studies",05,international,,2024,42,bronze/education-higher-ed/education_he-student-enrolments-pivot_2024.xlsx
La Trobe University,Architecture and Building,04,domestic,,2020,76,bronze/education-higher-ed/education_he-student-enrolments-pivot_2024.xlsx
La Trobe University,Architecture and Building,04,domestic,,2021,70,bronze/education-higher-ed/education_he-student-enrolments-pivot_2024.xlsx
La Trobe University,Architecture and Building,04,domestic,,2022,61,bronze/education-higher-ed/education_he-student-enrolments-pivot_2024.xlsx
La Trobe University,Architecture and Building,04,domestic,,2023,46,bronze/education-higher-ed/education_he-student-enrolments-pivot_2024.xlsx
La Trobe University,Architecture and Building,04,domestic,,2024,48,bronze/education-higher-ed/education_he-student-enrolments-pivot_2024.xlsx
La Trobe University,Architecture and Building,04,international,,2020,8,bronze/education-higher-ed/education_he-student-enrolments-pivot_2024.xlsx
La Trobe University,Architecture and Building,04,international,,2021,5,bronze/education-higher-ed/education_he-student-enrolments-pivot_2024.xlsx
La Trobe University,Architecture and Building,04,international,,2022,5,bronze/education-higher-ed/education_he-student-enrolments-pivot_2024.xlsx
La Trobe University,Architecture and Building,04,international,,2023,5,bronze/education-higher-ed/education_he-student-enrolments-pivot_2024.xlsx
La Trobe University,Architecture and Building,04,international,,2024,7,bronze/education-higher-ed/education_he-student-enrolments-pivot_2024.xlsx
La Trobe University,Creative Arts,10,domestic,,2020,522,bronze/education-higher-ed/education_he-student-enrolments-pivot_2024.xlsx
La Trobe University,Creative Arts,10,domestic,,2021,424,bronze/education-higher-ed/education_he-student-enrolments-pivot_2024.xlsx
La Trobe University,Creative Arts,10,domestic,,2022,318,bronze/education-higher-ed/education_he-student-enrolments-pivot_2024.xlsx
La Trobe University,Creative Arts,10,domestic,,2023,265,bronze/education-higher-ed/education_he-student-enrolments-pivot_2024.xlsx
La Trobe University,Creative Arts,10,domestic,,2024,253,bronze/education-higher-ed/education_he-student-enrolments-pivot_2024.xlsx
La Trobe University,Creative Arts,10,international,,2020,35,bronze/education-higher-ed/education_he-student-enrolments-pivot_2024.xlsx
La Trobe University,Creative Arts,10,international,,2021,33,bronze/education-higher-ed/education_he-student-enrolments-pivot_2024.xlsx
La Trobe University,Creative Arts,10,international,,2022,25,bronze/education-higher-ed/education_he-student-enrolments-pivot_2024.xlsx
La Trobe University,Creative Arts,10,international,,2023,22,bronze/education-higher-ed/education_he-student-enrolments-pivot_2024.xlsx
La Trobe University,Creative Arts,10,international,,2024,31,bronze/education-higher-ed/education_he-student-enrolments-pivot_2024.xlsx
La Trobe University,Education,07,domestic,,2020,2780,bronze/education-higher-ed/education_he-student-enrolments-pivot_2024.xlsx
La Trobe University,Education,07,domestic,,2021,3000,bronze/education-higher-ed/education_he-student-enrolments-pivot_2024.xlsx
La Trobe University,Education,07,domestic,,2022,2822,bronze/education-higher-ed/education_he-student-enrolments-pivot_2024.xlsx
La Trobe University,Education,07,domestic,,2023,2960,bronze/education-higher-ed/education_he-student-enrolments-pivot_2024.xlsx
La Trobe University,Education,07,domestic,,2024,3537,bronze/education-higher-ed/education_he-student-enrolments-pivot_2024.xlsx
La Trobe University,Education,07,international,,2020,180,bronze/education-higher-ed/education_he-student-enrolments-pivot_2024.xlsx
La Trobe University,Education,07,international,,2021,143,bronze/education-higher-ed/education_he-student-enrolments-pivot_2024.xlsx
La Trobe University,Education,07,international,,2022,170,bronze/education-higher-ed/education_he-student-enrolments-pivot_2024.xlsx
La Trobe University,Education,07,international,,2023,268,bronze/education-higher-ed/education_he-student-enrolments-pivot_2024.xlsx
La Trobe University,Education,07,international,,2024,242,bronze/education-higher-ed/education_he-student-enrolments-pivot_2024.xlsx
La Trobe University,Engineering and Related Technologies,03,domestic,,2020,277,bronze/education-higher-ed/education_he-student-enrolments-pivot_2024.xlsx
La Trobe University,Engineering and Related Technologies,03,domestic,,2021,241,bronze/education-higher-ed/education_he-student-enrolments-pivot_2024.xlsx
La Trobe University,Engineering and Related Technologies,03,domestic,,2022,229,bronze/education-higher-ed/education_he-student-enrolments-pivot_2024.xlsx
La Trobe University,Engineering and Related Technologies,03,domestic,,2023,213,bronze/education-higher-ed/education_he-student-enrolments-pivot_2024.xlsx
La Trobe University,Engineering and Related Technologies,03,domestic,,2024,234,bronze/education-higher-ed/education_he-student-enrolments-pivot_2024.xlsx
La Trobe University,Engineering and Related Technologies,03,international,,2020,540,bronze/education-higher-ed/education_he-student-enrolments-pivot_2024.xlsx
La Trobe University,Engineering and Related Technologies,03,international,,2021,295,bronze/education-higher-ed/education_he-student-enrolments-pivot_2024.xlsx
La Trobe University,Engineering and Related Technologies,03,international,,2022,327,bronze/education-higher-ed/education_he-student-enrolments-pivot_2024.xlsx
La Trobe University,Engineering and Related Technologies,03,international,,2023,558,bronze/education-higher-ed/education_he-student-enrolments-pivot_2024.xlsx
La Trobe University,Engineering and Related Technologies,03,international,,2024,599,bronze/education-higher-ed/education_he-student-enrolments-pivot_2024.xlsx
La Trobe University,Health,06,domestic,,2020,10996,bronze/education-higher-ed/education_he-student-enrolments-pivot_2024.xlsx
La Trobe University,Health,06,domestic,,2021,11392,bronze/education-higher-ed/education_he-student-enrolments-pivot_2024.xlsx
La Trobe University,Health,06,domestic,,2022,11073,bronze/education-higher-ed/education_he-student-enrolments-pivot_2024.xlsx
La Trobe University,Health,06,domestic,,2023,10691,bronze/education-higher-ed/education_he-student-enrolments-pivot_2024.xlsx
La Trobe University,Health,06,domestic,,2024,11391,bronze/education-higher-ed/education_he-student-enrolments-pivot_2024.xlsx
La Trobe University,Health,06,international,,2020,950,bronze/education-higher-ed/education_he-student-enrolments-pivot_2024.xlsx
La Trobe University,Health,06,international,,2021,813,bronze/education-higher-ed/education_he-student-enrolments-pivot_2024.xlsx
La Trobe University,Health,06,international,,2022,981,bronze/education-higher-ed/education_he-student-enrolments-pivot_2024.xlsx
La Trobe University,Health,06,international,,2023,1371,bronze/education-higher-ed/education_he-student-enrolments-pivot_2024.xlsx
La Trobe University,Health,06,international,,2024,1597,bronze/education-higher-ed/education_he-student-enrolments-pivot_2024.xlsx
La Trobe University,Information Technology,02,domestic,,2020,1477,bronze/education-higher-ed/education_he-student-enrolments-pivot_2024.xlsx
La Trobe University,Information Technology,02,domestic,,2021,1591,bronze/education-higher-ed/education_he-student-enrolments-pivot_2024.xlsx
La Trobe University,Information Technology,02,domestic,,2022,1650,bronze/education-higher-ed/education_he-student-enrolments-pivot_2024.xlsx
La Trobe University,Information Technology,02,domestic,,2023,1693,bronze/education-higher-ed/education_he-student-enrolments-pivot_2024.xlsx
La Trobe University,Information Technology,02,domestic,,2024,1937,bronze/education-higher-ed/education_he-student-enrolments-pivot_2024.xlsx
La Trobe University,Information Technology,02,international,,2020,1447,bronze/education-higher-ed/education_he-student-enrolments-pivot_2024.xlsx
La Trobe University,Information Technology,02,international,,2021,890,bronze/education-higher-ed/education_he-student-enrolments-pivot_2024.xlsx
La Trobe University,Information Technology,02,international,,2022,907,bronze/education-higher-ed/education_he-student-enrolments-pivot_2024.xlsx
La Trobe University,Information Technology,02,international,,2023,1519,bronze/education-higher-ed/education_he-student-enrolments-pivot_2024.xlsx
La Trobe University,Information Technology,02,international,,2024,2105,bronze/education-higher-ed/education_he-student-enrolments-pivot_2024.xlsx
La Trobe University,Management and Commerce,08,domestic,,2020,3825,bronze/education-higher-ed/education_he-student-enrolments-pivot_2024.xlsx
La Trobe University,Management and Commerce,08,domestic,,2021,3446,bronze/education-higher-ed/education_he-student-enrolments-pivot_2024.xlsx
La Trobe University,Management and Commerce,08,domestic,,2022,2924,bronze/education-higher-ed/education_he-student-enrolments-pivot_2024.xlsx
La Trobe University,Management and Commerce,08,domestic,,2023,2559,bronze/education-higher-ed/education_he-student-enrolments-pivot_2024.xlsx
La Trobe University,Management and Commerce,08,domestic,,2024,2348,bronze/education-higher-ed/education_he-student-enrolments-pivot_2024.xlsx
La Trobe University,Management and Commerce,08,international,,2020,3793,bronze/education-higher-ed/education_he-student-enrolments-pivot_2024.xlsx
La Trobe University,Management and Commerce,08,international,,2021,2807,bronze/education-higher-ed/education_he-student-enrolments-pivot_2024.xlsx
La Trobe University,Management and Commerce,08,international,,2022,2879,bronze/education-higher-ed/education_he-student-enrolments-pivot_2024.xlsx
La Trobe University,Management and Commerce,08,international,,2023,3777,bronze/education-higher-ed/education_he-student-enrolments-pivot_2024.xlsx
La Trobe University,Management and Commerce,08,international,,2024,2509,bronze/education-higher-ed/education_he-student-enrolments-pivot_2024.xlsx
La Trobe University,Mixed Field Programmes,12,domestic,,2020,393,bronze/education-higher-ed/education_he-student-enrolments-pivot_2024.xlsx
La Trobe University,Mixed Field Programmes,12,domestic,,2021,268,bronze/education-higher-ed/education_he-student-enrolments-pivot_2024.xlsx
La Trobe University,Mixed Field Programmes,12,domestic,,2022,260,bronze/education-higher-ed/education_he-student-enrolments-pivot_2024.xlsx
La Trobe University,Mixed Field Programmes,12,domestic,,2023,180,bronze/education-higher-ed/education_he-student-enrolments-pivot_2024.xlsx
La Trobe University,Mixed Field Programmes,12,domestic,,2024,224,bronze/education-higher-ed/education_he-student-enrolments-pivot_2024.xlsx
La Trobe University,Natural and Physical Sciences,01,domestic,,2020,1786,bronze/education-higher-ed/education_he-student-enrolments-pivot_2024.xlsx
La Trobe University,Natural and Physical Sciences,01,domestic,,2021,1898,bronze/education-higher-ed/education_he-student-enrolments-pivot_2024.xlsx
La Trobe University,Natural and Physical Sciences,01,domestic,,2022,1897,bronze/education-higher-ed/education_he-student-enrolments-pivot_2024.xlsx
La Trobe University,Natural and Physical Sciences,01,domestic,,2023,1992,bronze/education-higher-ed/education_he-student-enrolments-pivot_2024.xlsx
La Trobe University,Natural and Physical Sciences,01,domestic,,2024,2036,bronze/education-higher-ed/education_he-student-enrolments-pivot_2024.xlsx
La Trobe University,Natural and Physical Sciences,01,international,,2020,1453,bronze/education-higher-ed/education_he-student-enrolments-pivot_2024.xlsx
La Trobe University,Natural and Physical Sciences,01,international,,2021,1424,bronze/education-higher-ed/education_he-student-enrolments-pivot_2024.xlsx
La Trobe University,Natural and Physical Sciences,01,international,,2022,1555,bronze/education-higher-ed/education_he-student-enrolments-pivot_2024.xlsx
La Trobe University,Natural and Physical Sciences,01,international,,2023,1829,bronze/education-higher-ed/education_he-student-enrolments-pivot_2024.xlsx
La Trobe University,Natural and Physical Sciences,01,international,,2024,1710,bronze/education-higher-ed/education_he-student-enrolments-pivot_2024.xlsx
La Trobe University,Non-Award Courses,,domestic,,2020,99,bronze/education-higher-ed/education_he-student-enrolments-pivot_2024.xlsx
La Trobe University,Non-Award Courses,,domestic,,2021,83,bronze/education-higher-ed/education_he-student-enrolments-pivot_2024.xlsx
La Trobe University,Non-Award Courses,,domestic,,2022,76,bronze/education-higher-ed/education_he-student-enrolments-pivot_2024.xlsx
La Trobe University,Non-Award Courses,,domestic,,2023,214,bronze/education-higher-ed/education_he-student-enrolments-pivot_2024.xlsx
La Trobe University,Non-Award Courses,,domestic,,2024,232,bronze/education-higher-ed/education_he-student-enrolments-pivot_2024.xlsx
La Trobe University,Non-Award Courses,,international,,2020,28,bronze/education-higher-ed/education_he-student-enrolments-pivot_2024.xlsx
La Trobe University,Non-Award Courses,,international,,2021,10,bronze/education-higher-ed/education_he-student-enrolments-pivot_2024.xlsx
La Trobe University,Non-Award Courses,,international,,2022,2,bronze/education-higher-ed/education_he-student-enrolments-pivot_2024.xlsx
La Trobe University,Non-Award Courses,,international,,2023,0,bronze/education-higher-ed/education_he-student-enrolments-pivot_2024.xlsx
La Trobe University,Non-Award Courses,,international,,2024,0,bronze/education-higher-ed/education_he-student-enrolments-pivot_2024.xlsx
La Trobe University,Society and Culture,09,domestic,,2020,5810,bronze/education-higher-ed/education_he-student-enrolments-pivot_2024.xlsx
La Trobe University,Society and Culture,09,domestic,,2021,5825,bronze/education-higher-ed/education_he-student-enrolments-pivot_2024.xlsx
La Trobe University,Society and Culture,09,domestic,,2022,5697,bronze/education-higher-ed/education_he-student-enrolments-pivot_2024.xlsx
La Trobe University,Society and Culture,09,domestic,,2023,5401,bronze/education-higher-ed/education_he-student-enrolments-pivot_2024.xlsx
La Trobe University,Society and Culture,09,domestic,,2024,5861,bronze/education-higher-ed/education_he-student-enrolments-pivot_2024.xlsx
La Trobe University,Society and Culture,09,international,,2020,244,bronze/education-higher-ed/education_he-student-enrolments-pivot_2024.xlsx
La Trobe University,Society and Culture,09,international,,2021,208,bronze/education-higher-ed/education_he-student-enrolments-pivot_2024.xlsx
La Trobe University,Society and Culture,09,international,,2022,253,bronze/education-higher-ed/education_he-student-enrolments-pivot_2024.xlsx
La Trobe University,Society and Culture,09,international,,2023,339,bronze/education-higher-ed/education_he-student-enrolments-pivot_2024.xlsx
La Trobe University,Society and Culture,09,international,,2024,313,bronze/education-higher-ed/education_he-student-enrolments-pivot_2024.xlsx
Macquarie University,"Agriculture, Environmental and Related Studies",05,domestic,,2020,347,bronze/education-higher-ed/education_he-student-enrolments-pivot_2024.xlsx
Macquarie University,"Agriculture, Environmental and Related Studies",05,domestic,,2021,399,bronze/education-higher-ed/education_he-student-enrolments-pivot_2024.xlsx
Macquarie University,"Agriculture, Environmental and Related Studies",05,domestic,,2022,396,bronze/education-higher-ed/education_he-student-enrolments-pivot_2024.xlsx
Macquarie University,"Agriculture, Environmental and Related Studies",05,domestic,,2023,508,bronze/education-higher-ed/education_he-student-enrolments-pivot_2024.xlsx
Macquarie University,"Agriculture, Environmental and Related Studies",05,domestic,,2024,469,bronze/education-higher-ed/education_he-student-enrolments-pivot_2024.xlsx
Macquarie University,"Agriculture, Environmental and Related Studies",05,international,,2020,164,bronze/education-higher-ed/education_he-student-enrolments-pivot_2024.xlsx
Macquarie University,"Agriculture, Environmental and Related Studies",05,international,,2021,135,bronze/education-higher-ed/education_he-student-enrolments-pivot_2024.xlsx
Macquarie University,"Agriculture, Environmental and Related Studies",05,international,,2022,126,bronze/education-higher-ed/education_he-student-enrolments-pivot_2024.xlsx
Macquarie University,"Agriculture, Environmental and Related Studies",05,international,,2023,180,bronze/education-higher-ed/education_he-student-enrolments-pivot_2024.xlsx
Macquarie University,"Agriculture, Environmental and Related Studies",05,international,,2024,183,bronze/education-higher-ed/education_he-student-enrolments-pivot_2024.xlsx
Macquarie University,Architecture and Building,04,domestic,,2020,248,bronze/education-higher-ed/education_he-student-enrolments-pivot_2024.xlsx
Macquarie University,Architecture and Building,04,domestic,,2021,262,bronze/education-higher-ed/education_he-student-enrolments-pivot_2024.xlsx
Macquarie University,Architecture and Building,04,domestic,,2022,235,bronze/education-higher-ed/education_he-student-enrolments-pivot_2024.xlsx
Macquarie University,Architecture and Building,04,domestic,,2023,227,bronze/education-higher-ed/education_he-student-enrolments-pivot_2024.xlsx
Macquarie University,Architecture and Building,04,domestic,,2024,203,bronze/education-higher-ed/education_he-student-enrolments-pivot_2024.xlsx
Macquarie University,Architecture and Building,04,international,,2020,38,bronze/education-higher-ed/education_he-student-enrolments-pivot_2024.xlsx
Macquarie University,Architecture and Building,04,international,,2021,26,bronze/education-higher-ed/education_he-student-enrolments-pivot_2024.xlsx
Macquarie University,Architecture and Building,04,international,,2022,14,bronze/education-higher-ed/education_he-student-enrolments-pivot_2024.xlsx
Macquarie University,Architecture and Building,04,international,,2023,24,bronze/education-higher-ed/education_he-student-enrolments-pivot_2024.xlsx
Macquarie University,Architecture and Building,04,international,,2024,17,bronze/education-higher-ed/education_he-student-enrolments-pivot_2024.xlsx
Macquarie University,Creative Arts,10,domestic,,2020,1069,bronze/education-higher-ed/education_he-student-enrolments-pivot_2024.xlsx
Macquarie University,Creative Arts,10,domestic,,2021,1386,bronze/education-higher-ed/education_he-student-enrolments-pivot_2024.xlsx
Macquarie University,Creative Arts,10,domestic,,2022,1599,bronze/education-higher-ed/education_he-student-enrolments-pivot_2024.xlsx
Macquarie University,Creative Arts,10,domestic,,2023,1734,bronze/education-higher-ed/education_he-student-enrolments-pivot_2024.xlsx
Macquarie University,Creative Arts,10,domestic,,2024,1813,bronze/education-higher-ed/education_he-student-enrolments-pivot_2024.xlsx
Macquarie University,Creative Arts,10,international,,2020,312,bronze/education-higher-ed/education_he-student-enrolments-pivot_2024.xlsx
Macquarie University,Creative Arts,10,international,,2021,287,bronze/education-higher-ed/education_he-student-enrolments-pivot_2024.xlsx
Macquarie University,Creative Arts,10,international,,2022,346,bronze/education-higher-ed/education_he-student-enrolments-pivot_2024.xlsx
Macquarie University,Creative Arts,10,international,,2023,448,bronze/education-higher-ed/education_he-student-enrolments-pivot_2024.xlsx
Macquarie University,Creative Arts,10,international,,2024,483,bronze/education-higher-ed/education_he-student-enrolments-pivot_2024.xlsx
Macquarie University,Education,07,domestic,,2020,1385,bronze/education-higher-ed/education_he-student-enrolments-pivot_2024.xlsx
Macquarie University,Education,07,domestic,,2021,1470,bronze/education-higher-ed/education_he-student-enrolments-pivot_2024.xlsx
Macquarie University,Education,07,domestic,,2022,1486,bronze/education-higher-ed/education_he-student-enrolments-pivot_2024.xlsx
Macquarie University,Education,07,domestic,,2023,1439,bronze/education-higher-ed/education_he-student-enrolments-pivot_2024.xlsx
Macquarie University,Education,07,domestic,,2024,1436,bronze/education-higher-ed/education_he-student-enrolments-pivot_2024.xlsx
Macquarie University,Education,07,international,,2020,115,bronze/education-higher-ed/education_he-student-enrolments-pivot_2024.xlsx
Macquarie University,Education,07,international,,2021,115,bronze/education-higher-ed/education_he-student-enrolments-pivot_2024.xlsx
Macquarie University,Education,07,international,,2022,124,bronze/education-higher-ed/education_he-student-enrolments-pivot_2024.xlsx
Macquarie University,Education,07,international,,2023,179,bronze/education-higher-ed/education_he-student-enrolments-pivot_2024.xlsx
Macquarie University,Education,07,international,,2024,242,bronze/education-higher-ed/education_he-student-enrolments-pivot_2024.xlsx
Macquarie University,Engineering and Related Technologies,03,domestic,,2020,1049,bronze/education-higher-ed/education_he-student-enrolments-pivot_2024.xlsx
Macquarie University,Engineering and Related Technologies,03,domestic,,2021,1162,bronze/education-higher-ed/education_he-student-enrolments-pivot_2024.xlsx
Macquarie University,Engineering and Related Technologies,03,domestic,,2022,1163,bronze/education-higher-ed/education_he-student-enrolments-pivot_2024.xlsx
Macquarie University,Engineering and Related Technologies,03,domestic,,2023,1196,bronze/education-higher-ed/education_he-student-enrolments-pivot_2024.xlsx
Macquarie University,Engineering and Related Technologies,03,domestic,,2024,1337,bronze/education-higher-ed/education_he-student-enrolments-pivot_2024.xlsx
Macquarie University,Engineering and Related Technologies,03,international,,2020,645,bronze/education-higher-ed/education_he-student-enrolments-pivot_2024.xlsx
Macquarie University,Engineering and Related Technologies,03,international,,2021,555,bronze/education-higher-ed/education_he-student-enrolments-pivot_2024.xlsx
Macquarie University,Engineering and Related Technologies,03,international,,2022,559,bronze/education-higher-ed/education_he-student-enrolments-pivot_2024.xlsx
Macquarie University,Engineering and Related Technologies,03,international,,2023,763,bronze/education-higher-ed/education_he-student-enrolments-pivot_2024.xlsx
Macquarie University,Engineering and Related Technologies,03,international,,2024,842,bronze/education-higher-ed/education_he-student-enrolments-pivot_2024.xlsx
Macquarie University,Health,06,domestic,,2020,1799,bronze/education-higher-ed/education_he-student-enrolments-pivot_2024.xlsx
Macquarie University,Health,06,domestic,,2021,2135,bronze/education-higher-ed/education_he-student-enrolments-pivot_2024.xlsx
Macquarie University,Health,06,domestic,,2022,2207,bronze/education-higher-ed/education_he-student-enrolments-pivot_2024.xlsx
Macquarie University,Health,06,domestic,,2023,2341,bronze/education-higher-ed/education_he-student-enrolments-pivot_2024.xlsx
Macquarie University,Health,06,domestic,,2024,2592,bronze/education-higher-ed/education_he-student-enrolments-pivot_2024.xlsx
Macquarie University,Health,06,international,,2020,416,bronze/education-higher-ed/education_he-student-enrolments-pivot_2024.xlsx
Macquarie University,Health,06,international,,2021,375,bronze/education-higher-ed/education_he-student-enrolments-pivot_2024.xlsx
Macquarie University,Health,06,international,,2022,423,bronze/education-higher-ed/education_he-student-enrolments-pivot_2024.xlsx
Macquarie University,Health,06,international,,2023,557,bronze/education-higher-ed/education_he-student-enrolments-pivot_2024.xlsx
Macquarie University,Health,06,international,,2024,561,bronze/education-higher-ed/education_he-student-enrolments-pivot_2024.xlsx
Macquarie University,Information Technology,02,domestic,,2020,1750,bronze/education-higher-ed/education_he-student-enrolments-pivot_2024.xlsx
Macquarie University,Information Technology,02,domestic,,2021,2174,bronze/education-higher-ed/education_he-student-enrolments-pivot_2024.xlsx
Macquarie University,Information Technology,02,domestic,,2022,2317,bronze/education-higher-ed/education_he-student-enrolments-pivot_2024.xlsx
Macquarie University,Information Technology,02,domestic,,2023,2437,bronze/education-higher-ed/education_he-student-enrolments-pivot_2024.xlsx
Macquarie University,Information Technology,02,domestic,,2024,2456,bronze/education-higher-ed/education_he-student-enrolments-pivot_2024.xlsx
Macquarie University,Information Technology,02,international,,2020,1305,bronze/education-higher-ed/education_he-student-enrolments-pivot_2024.xlsx
Macquarie University,Information Technology,02,international,,2021,1164,bronze/education-higher-ed/education_he-student-enrolments-pivot_2024.xlsx
Macquarie University,Information Technology,02,international,,2022,1344,bronze/education-higher-ed/education_he-student-enrolments-pivot_2024.xlsx
Macquarie University,Information Technology,02,international,,2023,2230,bronze/education-higher-ed/education_he-student-enrolments-pivot_2024.xlsx
Macquarie University,Information Technology,02,international,,2024,2965,bronze/education-higher-ed/education_he-student-enrolments-pivot_2024.xlsx
Macquarie University,Management and Commerce,08,domestic,,2020,4738,bronze/education-higher-ed/education_he-student-enrolments-pivot_2024.xlsx
Macquarie University,Management and Commerce,08,domestic,,2021,4454,bronze/education-higher-ed/education_he-student-enrolments-pivot_2024.xlsx
Macquarie University,Management and Commerce,08,domestic,,2022,7692,bronze/education-higher-ed/education_he-student-enrolments-pivot_2024.xlsx
Macquarie University,Management and Commerce,08,domestic,,2023,7488,bronze/education-higher-ed/education_he-student-enrolments-pivot_2024.xlsx
Macquarie University,Management and Commerce,08,domestic,,2024,7831,bronze/education-higher-ed/education_he-student-enrolments-pivot_2024.xlsx
Macquarie University,Management and Commerce,08,international,,2020,4519,bronze/education-higher-ed/education_he-student-enrolments-pivot_2024.xlsx
Macquarie University,Management and Commerce,08,international,,2021,3280,bronze/education-higher-ed/education_he-student-enrolments-pivot_2024.xlsx
Macquarie University,Management and Commerce,08,international,,2022,3525,bronze/education-higher-ed/education_he-student-enrolments-pivot_2024.xlsx
Macquarie University,Management and Commerce,08,international,,2023,3635,bronze/education-higher-ed/education_he-student-enrolments-pivot_2024.xlsx
Macquarie University,Management and Commerce,08,international,,2024,3492,bronze/education-higher-ed/education_he-student-enrolments-pivot_2024.xlsx
Macquarie University,Mixed Field Programmes,12,domestic,,2024,73,bronze/education-higher-ed/education_he-student-enrolments-pivot_2024.xlsx
Macquarie University,Mixed Field Programmes,12,international,,2024,216,bronze/education-higher-ed/education_he-student-enrolments-pivot_2024.xlsx
Macquarie University,Natural and Physical Sciences,01,domestic,,2020,3427,bronze/education-higher-ed/education_he-student-enrolments-pivot_2024.xlsx
Macquarie University,Natural and Physical Sciences,01,domestic,,2021,3747,bronze/education-higher-ed/education_he-student-enrolments-pivot_2024.xlsx
Macquarie University,Natural and Physical Sciences,01,domestic,,2022,3622,bronze/education-higher-ed/education_he-student-enrolments-pivot_2024.xlsx
Macquarie University,Natural and Physical Sciences,01,domestic,,2023,3049,bronze/education-higher-ed/education_he-student-enrolments-pivot_2024.xlsx
Macquarie University,Natural and Physical Sciences,01,domestic,,2024,2807,bronze/education-higher-ed/education_he-student-enrolments-pivot_2024.xlsx
Macquarie University,Natural and Physical Sciences,01,international,,2020,716,bronze/education-higher-ed/education_he-student-enrolments-pivot_2024.xlsx
Macquarie University,Natural and Physical Sciences,01,international,,2021,587,bronze/education-higher-ed/education_he-student-enrolments-pivot_2024.xlsx
Macquarie University,Natural and Physical Sciences,01,international,,2022,621,bronze/education-higher-ed/education_he-student-enrolments-pivot_2024.xlsx
Macquarie University,Natural and Physical Sciences,01,international,,2023,686,bronze/education-higher-ed/education_he-student-enrolments-pivot_2024.xlsx
Macquarie University,Natural and Physical Sciences,01,international,,2024,663,bronze/education-higher-ed/education_he-student-enrolments-pivot_2024.xlsx
Macquarie University,Non-Award Courses,,domestic,,2020,546,bronze/education-higher-ed/education_he-student-enrolments-pivot_2024.xlsx
Macquarie University,Non-Award Courses,,domestic,,2021,495,bronze/education-higher-ed/education_he-student-enrolments-pivot_2024.xlsx
Macquarie University,Non-Award Courses,,domestic,,2022,344,bronze/education-higher-ed/education_he-student-enrolments-pivot_2024.xlsx
Macquarie University,Non-Award Courses,,domestic,,2023,287,bronze/education-higher-ed/education_he-student-enrolments-pivot_2024.xlsx
Macquarie University,Non-Award Courses,,domestic,,2024,216,bronze/education-higher-ed/education_he-student-enrolments-pivot_2024.xlsx
Macquarie University,Non-Award Courses,,international,,2020,176,bronze/education-higher-ed/education_he-student-enrolments-pivot_2024.xlsx
Macquarie University,Non-Award Courses,,international,,2021,66,bronze/education-higher-ed/education_he-student-enrolments-pivot_2024.xlsx
Macquarie University,Non-Award Courses,,international,,2022,89,bronze/education-higher-ed/education_he-student-enrolments-pivot_2024.xlsx
Macquarie University,Non-Award Courses,,international,,2023,140,bronze/education-higher-ed/education_he-student-enrolments-pivot_2024.xlsx
Macquarie University,Non-Award Courses,,international,,2024,134,bronze/education-higher-ed/education_he-student-enrolments-pivot_2024.xlsx
Macquarie University,Society and Culture,09,domestic,,2020,17478,bronze/education-higher-ed/education_he-student-enrolments-pivot_2024.xlsx
Macquarie University,Society and Culture,09,domestic,,2021,18151,bronze/education-higher-ed/education_he-student-enrolments-pivot_2024.xlsx
Macquarie University,Society and Culture,09,domestic,,2022,14405,bronze/education-higher-ed/education_he-student-enrolments-pivot_2024.xlsx
Macquarie University,Society and Culture,09,domestic,,2023,13317,bronze/education-higher-ed/education_he-student-enrolments-pivot_2024.xlsx
Macquarie University,Society and Culture,09,domestic,,2024,12601,bronze/education-higher-ed/education_he-student-enrolments-pivot_2024.xlsx
Macquarie University,Society and Culture,09,international,,2020,2558,bronze/education-higher-ed/education_he-student-enrolments-pivot_2024.xlsx
Macquarie University,Society and Culture,09,international,,2021,2482,bronze/education-higher-ed/education_he-student-enrolments-pivot_2024.xlsx
Macquarie University,Society and Culture,09,international,,2022,1252,bronze/education-higher-ed/education_he-student-enrolments-pivot_2024.xlsx
Macquarie University,Society and Culture,09,international,,2023,1352,bronze/education-higher-ed/education_he-student-enrolments-pivot_2024.xlsx
Macquarie University,Society and Culture,09,international,,2024,1329,bronze/education-higher-ed/education_he-student-enrolments-pivot_2024.xlsx
Monash University,"Agriculture, Environmental and Related Studies",05,domestic,,2020,158,bronze/education-higher-ed/education_he-student-enrolments-pivot_2024.xlsx
Monash University,"Agriculture, Environmental and Related Studies",05,domestic,,2021,178,bronze/education-higher-ed/education_he-student-enrolments-pivot_2024.xlsx
Monash University,"Agriculture, Environmental and Related Studies",05,domestic,,2022,159,bronze/education-higher-ed/education_he-student-enrolments-pivot_2024.xlsx
Monash University,"Agriculture, Environmental and Related Studies",05,domestic,,2023,103,bronze/education-higher-ed/education_he-student-enrolments-pivot_2024.xlsx
Monash University,"Agriculture, Environmental and Related Studies",05,domestic,,2024,84,bronze/education-higher-ed/education_he-student-enrolments-pivot_2024.xlsx
Monash University,"Agriculture, Environmental and Related Studies",05,international,,2020,130,bronze/education-higher-ed/education_he-student-enrolments-pivot_2024.xlsx
Monash University,"Agriculture, Environmental and Related Studies",05,international,,2021,101,bronze/education-higher-ed/education_he-student-enrolments-pivot_2024.xlsx
Monash University,"Agriculture, Environmental and Related Studies",05,international,,2022,94,bronze/education-higher-ed/education_he-student-enrolments-pivot_2024.xlsx
Monash University,"Agriculture, Environmental and Related Studies",05,international,,2023,110,bronze/education-higher-ed/education_he-student-enrolments-pivot_2024.xlsx
Monash University,"Agriculture, Environmental and Related Studies",05,international,,2024,142,bronze/education-higher-ed/education_he-student-enrolments-pivot_2024.xlsx
Monash University,Architecture and Building,04,domestic,,2020,513,bronze/education-higher-ed/education_he-student-enrolments-pivot_2024.xlsx
Monash University,Architecture and Building,04,domestic,,2021,507,bronze/education-higher-ed/education_he-student-enrolments-pivot_2024.xlsx
Monash University,Architecture and Building,04,domestic,,2022,518,bronze/education-higher-ed/education_he-student-enrolments-pivot_2024.xlsx
Monash University,Architecture and Building,04,domestic,,2023,490,bronze/education-higher-ed/education_he-student-enrolments-pivot_2024.xlsx
Monash University,Architecture and Building,04,domestic,,2024,574,bronze/education-higher-ed/education_he-student-enrolments-pivot_2024.xlsx
Monash University,Architecture and Building,04,international,,2020,356,bronze/education-higher-ed/education_he-student-enrolments-pivot_2024.xlsx
Monash University,Architecture and Building,04,international,,2021,330,bronze/education-higher-ed/education_he-student-enrolments-pivot_2024.xlsx
Monash University,Architecture and Building,04,international,,2022,263,bronze/education-higher-ed/education_he-student-enrolments-pivot_2024.xlsx
Monash University,Architecture and Building,04,international,,2023,234,bronze/education-higher-ed/education_he-student-enrolments-pivot_2024.xlsx
Monash University,Architecture and Building,04,international,,2024,251,bronze/education-higher-ed/education_he-student-enrolments-pivot_2024.xlsx
Monash University,Creative Arts,10,domestic,,2020,1426,bronze/education-higher-ed/education_he-student-enrolments-pivot_2024.xlsx
Monash University,Creative Arts,10,domestic,,2021,1424,bronze/education-higher-ed/education_he-student-enrolments-pivot_2024.xlsx
Monash University,Creative Arts,10,domestic,,2022,1402,bronze/education-higher-ed/education_he-student-enrolments-pivot_2024.xlsx
Monash University,Creative Arts,10,domestic,,2023,1370,bronze/education-higher-ed/education_he-student-enrolments-pivot_2024.xlsx
Monash University,Creative Arts,10,domestic,,2024,1523,bronze/education-higher-ed/education_he-student-enrolments-pivot_2024.xlsx
Monash University,Creative Arts,10,international,,2020,2016,bronze/education-higher-ed/education_he-student-enrolments-pivot_2024.xlsx
Monash University,Creative Arts,10,international,,2021,2077,bronze/education-higher-ed/education_he-student-enrolments-pivot_2024.xlsx
Monash University,Creative Arts,10,international,,2022,2072,bronze/education-higher-ed/education_he-student-enrolments-pivot_2024.xlsx
Monash University,Creative Arts,10,international,,2023,2186,bronze/education-higher-ed/education_he-student-enrolments-pivot_2024.xlsx
Monash University,Creative Arts,10,international,,2024,2688,bronze/education-higher-ed/education_he-student-enrolments-pivot_2024.xlsx
Monash University,Education,07,domestic,,2020,3454,bronze/education-higher-ed/education_he-student-enrolments-pivot_2024.xlsx
Monash University,Education,07,domestic,,2021,3282,bronze/education-higher-ed/education_he-student-enrolments-pivot_2024.xlsx
Monash University,Education,07,domestic,,2022,2985,bronze/education-higher-ed/education_he-student-enrolments-pivot_2024.xlsx
Monash University,Education,07,domestic,,2023,2764,bronze/education-higher-ed/education_he-student-enrolments-pivot_2024.xlsx
Monash University,Education,07,domestic,,2024,2836,bronze/education-higher-ed/education_he-student-enrolments-pivot_2024.xlsx
Monash University,Education,07,international,,2020,2038,bronze/education-higher-ed/education_he-student-enrolments-pivot_2024.xlsx
Monash University,Education,07,international,,2021,1742,bronze/education-higher-ed/education_he-student-enrolments-pivot_2024.xlsx
Monash University,Education,07,international,,2022,1335,bronze/education-higher-ed/education_he-student-enrolments-pivot_2024.xlsx
Monash University,Education,07,international,,2023,1256,bronze/education-higher-ed/education_he-student-enrolments-pivot_2024.xlsx
Monash University,Education,07,international,,2024,1715,bronze/education-higher-ed/education_he-student-enrolments-pivot_2024.xlsx
Monash University,Engineering and Related Technologies,03,domestic,,2020,3973,bronze/education-higher-ed/education_he-student-enrolments-pivot_2024.xlsx
Monash University,Engineering and Related Technologies,03,domestic,,2021,4417,bronze/education-higher-ed/education_he-student-enrolments-pivot_2024.xlsx
Monash University,Engineering and Related Technologies,03,domestic,,2022,4625,bronze/education-higher-ed/education_he-student-enrolments-pivot_2024.xlsx
Monash University,Engineering and Related Technologies,03,domestic,,2023,4941,bronze/education-higher-ed/education_he-student-enrolments-pivot_2024.xlsx
Monash University,Engineering and Related Technologies,03,domestic,,2024,5415,bronze/education-higher-ed/education_he-student-enrolments-pivot_2024.xlsx
Monash University,Engineering and Related Technologies,03,international,,2020,4885,bronze/education-higher-ed/education_he-student-enrolments-pivot_2024.xlsx
Monash University,Engineering and Related Technologies,03,international,,2021,4448,bronze/education-higher-ed/education_he-student-enrolments-pivot_2024.xlsx
Monash University,Engineering and Related Technologies,03,international,,2022,4029,bronze/education-higher-ed/education_he-student-enrolments-pivot_2024.xlsx
Monash University,Engineering and Related Technologies,03,international,,2023,3803,bronze/education-higher-ed/education_he-student-enrolments-pivot_2024.xlsx
Monash University,Engineering and Related Technologies,03,international,,2024,4016,bronze/education-higher-ed/education_he-student-enrolments-pivot_2024.xlsx
Monash University,Health,06,domestic,,2020,8036,bronze/education-higher-ed/education_he-student-enrolments-pivot_2024.xlsx
Monash University,Health,06,domestic,,2021,9938,bronze/education-higher-ed/education_he-student-enrolments-pivot_2024.xlsx
Monash University,Health,06,domestic,,2022,9022,bronze/education-higher-ed/education_he-student-enrolments-pivot_2024.xlsx
Monash University,Health,06,domestic,,2023,9939,bronze/education-higher-ed/education_he-student-enrolments-pivot_2024.xlsx
Monash University,Health,06,domestic,,2024,10728,bronze/education-higher-ed/education_he-student-enrolments-pivot_2024.xlsx
Monash University,Health,06,international,,2020,3616,bronze/education-higher-ed/education_he-student-enrolments-pivot_2024.xlsx
Monash University,Health,06,international,,2021,3824,bronze/education-higher-ed/education_he-student-enrolments-pivot_2024.xlsx
Monash University,Health,06,international,,2022,3834,bronze/education-higher-ed/education_he-student-enrolments-pivot_2024.xlsx
Monash University,Health,06,international,,2023,4079,bronze/education-higher-ed/education_he-student-enrolments-pivot_2024.xlsx
Monash University,Health,06,international,,2024,4405,bronze/education-higher-ed/education_he-student-enrolments-pivot_2024.xlsx
Monash University,Information Technology,02,domestic,,2020,1707,bronze/education-higher-ed/education_he-student-enrolments-pivot_2024.xlsx
Monash University,Information Technology,02,domestic,,2021,1917,bronze/education-higher-ed/education_he-student-enrolments-pivot_2024.xlsx
Monash University,Information Technology,02,domestic,,2022,1922,bronze/education-higher-ed/education_he-student-enrolments-pivot_2024.xlsx
Monash University,Information Technology,02,domestic,,2023,2285,bronze/education-higher-ed/education_he-student-enrolments-pivot_2024.xlsx
Monash University,Information Technology,02,domestic,,2024,2490,bronze/education-higher-ed/education_he-student-enrolments-pivot_2024.xlsx
Monash University,Information Technology,02,international,,2020,5753,bronze/education-higher-ed/education_he-student-enrolments-pivot_2024.xlsx
Monash University,Information Technology,02,international,,2021,5273,bronze/education-higher-ed/education_he-student-enrolments-pivot_2024.xlsx
Monash University,Information Technology,02,international,,2022,4793,bronze/education-higher-ed/education_he-student-enrolments-pivot_2024.xlsx
Monash University,Information Technology,02,international,,2023,5403,bronze/education-higher-ed/education_he-student-enrolments-pivot_2024.xlsx
Monash University,Information Technology,02,international,,2024,7185,bronze/education-higher-ed/education_he-student-enrolments-pivot_2024.xlsx
Monash University,Management and Commerce,08,domestic,,2020,7429,bronze/education-higher-ed/education_he-student-enrolments-pivot_2024.xlsx
Monash University,Management and Commerce,08,domestic,,2021,7769,bronze/education-higher-ed/education_he-student-enrolments-pivot_2024.xlsx
Monash University,Management and Commerce,08,domestic,,2022,7636,bronze/education-higher-ed/education_he-student-enrolments-pivot_2024.xlsx
Monash University,Management and Commerce,08,domestic,,2023,7830,bronze/education-higher-ed/education_he-student-enrolments-pivot_2024.xlsx
Monash University,Management and Commerce,08,domestic,,2024,8076,bronze/education-higher-ed/education_he-student-enrolments-pivot_2024.xlsx
Monash University,Management and Commerce,08,international,,2020,14256,bronze/education-higher-ed/education_he-student-enrolments-pivot_2024.xlsx
Monash University,Management and Commerce,08,international,,2021,13269,bronze/education-higher-ed/education_he-student-enrolments-pivot_2024.xlsx
Monash University,Management and Commerce,08,international,,2022,11803,bronze/education-higher-ed/education_he-student-enrolments-pivot_2024.xlsx
Monash University,Management and Commerce,08,international,,2023,11636,bronze/education-higher-ed/education_he-student-enrolments-pivot_2024.xlsx
Monash University,Management and Commerce,08,international,,2024,13827,bronze/education-higher-ed/education_he-student-enrolments-pivot_2024.xlsx
Monash University,Natural and Physical Sciences,01,domestic,,2020,7260,bronze/education-higher-ed/education_he-student-enrolments-pivot_2024.xlsx
Monash University,Natural and Physical Sciences,01,domestic,,2021,7485,bronze/education-higher-ed/education_he-student-enrolments-pivot_2024.xlsx
Monash University,Natural and Physical Sciences,01,domestic,,2022,7276,bronze/education-higher-ed/education_he-student-enrolments-pivot_2024.xlsx
Monash University,Natural and Physical Sciences,01,domestic,,2023,7254,bronze/education-higher-ed/education_he-student-enrolments-pivot_2024.xlsx
Monash University,Natural and Physical Sciences,01,domestic,,2024,7433,bronze/education-higher-ed/education_he-student-enrolments-pivot_2024.xlsx
Monash University,Natural and Physical Sciences,01,international,,2020,2727,bronze/education-higher-ed/education_he-student-enrolments-pivot_2024.xlsx
Monash University,Natural and Physical Sciences,01,international,,2021,2771,bronze/education-higher-ed/education_he-student-enrolments-pivot_2024.xlsx
Monash University,Natural and Physical Sciences,01,international,,2022,2805,bronze/education-higher-ed/education_he-student-enrolments-pivot_2024.xlsx
Monash University,Natural and Physical Sciences,01,international,,2023,3063,bronze/education-higher-ed/education_he-student-enrolments-pivot_2024.xlsx
Monash University,Natural and Physical Sciences,01,international,,2024,3239,bronze/education-higher-ed/education_he-student-enrolments-pivot_2024.xlsx
Monash University,Non-Award Courses,,domestic,,2020,386,bronze/education-higher-ed/education_he-student-enrolments-pivot_2024.xlsx
Monash University,Non-Award Courses,,domestic,,2021,288,bronze/education-higher-ed/education_he-student-enrolments-pivot_2024.xlsx
Monash University,Non-Award Courses,,domestic,,2022,248,bronze/education-higher-ed/education_he-student-enrolments-pivot_2024.xlsx
Monash University,Non-Award Courses,,domestic,,2023,282,bronze/education-higher-ed/education_he-student-enrolments-pivot_2024.xlsx
Monash University,Non-Award Courses,,domestic,,2024,287,bronze/education-higher-ed/education_he-student-enrolments-pivot_2024.xlsx
Monash University,Non-Award Courses,,international,,2020,78,bronze/education-higher-ed/education_he-student-enrolments-pivot_2024.xlsx
Monash University,Non-Award Courses,,international,,2021,39,bronze/education-higher-ed/education_he-student-enrolments-pivot_2024.xlsx
Monash University,Non-Award Courses,,international,,2022,75,bronze/education-higher-ed/education_he-student-enrolments-pivot_2024.xlsx
Monash University,Non-Award Courses,,international,,2023,139,bronze/education-higher-ed/education_he-student-enrolments-pivot_2024.xlsx
Monash University,Non-Award Courses,,international,,2024,196,bronze/education-higher-ed/education_he-student-enrolments-pivot_2024.xlsx
Monash University,Society and Culture,09,domestic,,2020,11181,bronze/education-higher-ed/education_he-student-enrolments-pivot_2024.xlsx
Monash University,Society and Culture,09,domestic,,2021,11721,bronze/education-higher-ed/education_he-student-enrolments-pivot_2024.xlsx
Monash University,Society and Culture,09,domestic,,2022,11209,bronze/education-higher-ed/education_he-student-enrolments-pivot_2024.xlsx
Monash University,Society and Culture,09,domestic,,2023,11041,bronze/education-higher-ed/education_he-student-enrolments-pivot_2024.xlsx
Monash University,Society and Culture,09,domestic,,2024,11511,bronze/education-higher-ed/education_he-student-enrolments-pivot_2024.xlsx
Monash University,Society and Culture,09,international,,2020,4625,bronze/education-higher-ed/education_he-student-enrolments-pivot_2024.xlsx
Monash University,Society and Culture,09,international,,2021,4298,bronze/education-higher-ed/education_he-student-enrolments-pivot_2024.xlsx
Monash University,Society and Culture,09,international,,2022,3954,bronze/education-higher-ed/education_he-student-enrolments-pivot_2024.xlsx
Monash University,Society and Culture,09,international,,2023,3988,bronze/education-higher-ed/education_he-student-enrolments-pivot_2024.xlsx
Monash University,Society and Culture,09,international,,2024,4606,bronze/education-higher-ed/education_he-student-enrolments-pivot_2024.xlsx
Murdoch University,"Agriculture, Environmental and Related Studies",05,domestic,,2020,243,bronze/education-higher-ed/education_he-student-enrolments-pivot_2024.xlsx
Murdoch University,"Agriculture, Environmental and Related Studies",05,domestic,,2021,372,bronze/education-higher-ed/education_he-student-enrolments-pivot_2024.xlsx
Murdoch University,"Agriculture, Environmental and Related Studies",05,domestic,,2022,551,bronze/education-higher-ed/education_he-student-enrolments-pivot_2024.xlsx
Murdoch University,"Agriculture, Environmental and Related Studies",05,domestic,,2023,644,bronze/education-higher-ed/education_he-student-enrolments-pivot_2024.xlsx
Murdoch University,"Agriculture, Environmental and Related Studies",05,domestic,,2024,721,bronze/education-higher-ed/education_he-student-enrolments-pivot_2024.xlsx
Murdoch University,"Agriculture, Environmental and Related Studies",05,international,,2020,14,bronze/education-higher-ed/education_he-student-enrolments-pivot_2024.xlsx
Murdoch University,"Agriculture, Environmental and Related Studies",05,international,,2021,72,bronze/education-higher-ed/education_he-student-enrolments-pivot_2024.xlsx
Murdoch University,"Agriculture, Environmental and Related Studies",05,international,,2022,129,bronze/education-higher-ed/education_he-student-enrolments-pivot_2024.xlsx
Murdoch University,"Agriculture, Environmental and Related Studies",05,international,,2023,270,bronze/education-higher-ed/education_he-student-enrolments-pivot_2024.xlsx
Murdoch University,"Agriculture, Environmental and Related Studies",05,international,,2024,257,bronze/education-higher-ed/education_he-student-enrolments-pivot_2024.xlsx
Murdoch University,Creative Arts,10,domestic,,2020,717,bronze/education-higher-ed/education_he-student-enrolments-pivot_2024.xlsx
Murdoch University,Creative Arts,10,domestic,,2021,696,bronze/education-higher-ed/education_he-student-enrolments-pivot_2024.xlsx
Murdoch University,Creative Arts,10,domestic,,2022,604,bronze/education-higher-ed/education_he-student-enrolments-pivot_2024.xlsx
Murdoch University,Creative Arts,10,domestic,,2023,548,bronze/education-higher-ed/education_he-student-enrolments-pivot_2024.xlsx
Murdoch University,Creative Arts,10,domestic,,2024,465,bronze/education-higher-ed/education_he-student-enrolments-pivot_2024.xlsx
Murdoch University,Creative Arts,10,international,,2020,97,bronze/education-higher-ed/education_he-student-enrolments-pivot_2024.xlsx
Murdoch University,Creative Arts,10,international,,2021,216,bronze/education-higher-ed/education_he-student-enrolments-pivot_2024.xlsx
Murdoch University,Creative Arts,10,international,,2022,351,bronze/education-higher-ed/education_he-student-enrolments-pivot_2024.xlsx
Murdoch University,Creative Arts,10,international,,2023,393,bronze/education-higher-ed/education_he-student-enrolments-pivot_2024.xlsx
Murdoch University,Creative Arts,10,international,,2024,340,bronze/education-higher-ed/education_he-student-enrolments-pivot_2024.xlsx
Murdoch University,Education,07,domestic,,2020,1920,bronze/education-higher-ed/education_he-student-enrolments-pivot_2024.xlsx
Murdoch University,Education,07,domestic,,2021,1887,bronze/education-higher-ed/education_he-student-enrolments-pivot_2024.xlsx
Murdoch University,Education,07,domestic,,2022,1685,bronze/education-higher-ed/education_he-student-enrolments-pivot_2024.xlsx
Murdoch University,Education,07,domestic,,2023,1557,bronze/education-higher-ed/education_he-student-enrolments-pivot_2024.xlsx
Murdoch University,Education,07,domestic,,2024,1481,bronze/education-higher-ed/education_he-student-enrolments-pivot_2024.xlsx
Murdoch University,Education,07,international,,2020,75,bronze/education-higher-ed/education_he-student-enrolments-pivot_2024.xlsx
Murdoch University,Education,07,international,,2021,58,bronze/education-higher-ed/education_he-student-enrolments-pivot_2024.xlsx
Murdoch University,Education,07,international,,2022,68,bronze/education-higher-ed/education_he-student-enrolments-pivot_2024.xlsx
Murdoch University,Education,07,international,,2023,71,bronze/education-higher-ed/education_he-student-enrolments-pivot_2024.xlsx
Murdoch University,Education,07,international,,2024,119,bronze/education-higher-ed/education_he-student-enrolments-pivot_2024.xlsx
Murdoch University,Engineering and Related Technologies,03,domestic,,2020,371,bronze/education-higher-ed/education_he-student-enrolments-pivot_2024.xlsx
Murdoch University,Engineering and Related Technologies,03,domestic,,2021,339,bronze/education-higher-ed/education_he-student-enrolments-pivot_2024.xlsx
Murdoch University,Engineering and Related Technologies,03,domestic,,2022,277,bronze/education-higher-ed/education_he-student-enrolments-pivot_2024.xlsx
Murdoch University,Engineering and Related Technologies,03,domestic,,2023,256,bronze/education-higher-ed/education_he-student-enrolments-pivot_2024.xlsx
Murdoch University,Engineering and Related Technologies,03,domestic,,2024,236,bronze/education-higher-ed/education_he-student-enrolments-pivot_2024.xlsx
Murdoch University,Engineering and Related Technologies,03,international,,2020,169,bronze/education-higher-ed/education_he-student-enrolments-pivot_2024.xlsx
Murdoch University,Engineering and Related Technologies,03,international,,2021,119,bronze/education-higher-ed/education_he-student-enrolments-pivot_2024.xlsx
Murdoch University,Engineering and Related Technologies,03,international,,2022,116,bronze/education-higher-ed/education_he-student-enrolments-pivot_2024.xlsx
Murdoch University,Engineering and Related Technologies,03,international,,2023,449,bronze/education-higher-ed/education_he-student-enrolments-pivot_2024.xlsx
Murdoch University,Engineering and Related Technologies,03,international,,2024,499,bronze/education-higher-ed/education_he-student-enrolments-pivot_2024.xlsx
Murdoch University,Health,06,domestic,,2020,2144,bronze/education-higher-ed/education_he-student-enrolments-pivot_2024.xlsx
Murdoch University,Health,06,domestic,,2021,2234,bronze/education-higher-ed/education_he-student-enrolments-pivot_2024.xlsx
Murdoch University,Health,06,domestic,,2022,2127,bronze/education-higher-ed/education_he-student-enrolments-pivot_2024.xlsx
Murdoch University,Health,06,domestic,,2023,2108,bronze/education-higher-ed/education_he-student-enrolments-pivot_2024.xlsx
Murdoch University,Health,06,domestic,,2024,2050,bronze/education-higher-ed/education_he-student-enrolments-pivot_2024.xlsx
Murdoch University,Health,06,international,,2020,465,bronze/education-higher-ed/education_he-student-enrolments-pivot_2024.xlsx
Murdoch University,Health,06,international,,2021,456,bronze/education-higher-ed/education_he-student-enrolments-pivot_2024.xlsx
Murdoch University,Health,06,international,,2022,470,bronze/education-higher-ed/education_he-student-enrolments-pivot_2024.xlsx
Murdoch University,Health,06,international,,2023,574,bronze/education-higher-ed/education_he-student-enrolments-pivot_2024.xlsx
Murdoch University,Health,06,international,,2024,697,bronze/education-higher-ed/education_he-student-enrolments-pivot_2024.xlsx
Murdoch University,Information Technology,02,domestic,,2020,109,bronze/education-higher-ed/education_he-student-enrolments-pivot_2024.xlsx
Murdoch University,Information Technology,02,domestic,,2021,280,bronze/education-higher-ed/education_he-student-enrolments-pivot_2024.xlsx
Murdoch University,Information Technology,02,domestic,,2022,418,bronze/education-higher-ed/education_he-student-enrolments-pivot_2024.xlsx
Murdoch University,Information Technology,02,domestic,,2023,442,bronze/education-higher-ed/education_he-student-enrolments-pivot_2024.xlsx
Murdoch University,Information Technology,02,domestic,,2024,472,bronze/education-higher-ed/education_he-student-enrolments-pivot_2024.xlsx
Murdoch University,Information Technology,02,international,,2020,575,bronze/education-higher-ed/education_he-student-enrolments-pivot_2024.xlsx
Murdoch University,Information Technology,02,international,,2021,954,bronze/education-higher-ed/education_he-student-enrolments-pivot_2024.xlsx
Murdoch University,Information Technology,02,international,,2022,1294,bronze/education-higher-ed/education_he-student-enrolments-pivot_2024.xlsx
Murdoch University,Information Technology,02,international,,2023,2410,bronze/education-higher-ed/education_he-student-enrolments-pivot_2024.xlsx
Murdoch University,Information Technology,02,international,,2024,2731,bronze/education-higher-ed/education_he-student-enrolments-pivot_2024.xlsx
Murdoch University,Management and Commerce,08,domestic,,2020,1045,bronze/education-higher-ed/education_he-student-enrolments-pivot_2024.xlsx
Murdoch University,Management and Commerce,08,domestic,,2021,909,bronze/education-higher-ed/education_he-student-enrolments-pivot_2024.xlsx
Murdoch University,Management and Commerce,08,domestic,,2022,856,bronze/education-higher-ed/education_he-student-enrolments-pivot_2024.xlsx
Murdoch University,Management and Commerce,08,domestic,,2023,737,bronze/education-higher-ed/education_he-student-enrolments-pivot_2024.xlsx
Murdoch University,Management and Commerce,08,domestic,,2024,726,bronze/education-higher-ed/education_he-student-enrolments-pivot_2024.xlsx
Murdoch University,Management and Commerce,08,international,,2020,3862,bronze/education-higher-ed/education_he-student-enrolments-pivot_2024.xlsx
Murdoch University,Management and Commerce,08,international,,2021,3609,bronze/education-higher-ed/education_he-student-enrolments-pivot_2024.xlsx
Murdoch University,Management and Commerce,08,international,,2022,3455,bronze/education-higher-ed/education_he-student-enrolments-pivot_2024.xlsx
Murdoch University,Management and Commerce,08,international,,2023,4898,bronze/education-higher-ed/education_he-student-enrolments-pivot_2024.xlsx
Murdoch University,Management and Commerce,08,international,,2024,5546,bronze/education-higher-ed/education_he-student-enrolments-pivot_2024.xlsx
Murdoch University,Mixed Field Programmes,12,domestic,,2023,519,bronze/education-higher-ed/education_he-student-enrolments-pivot_2024.xlsx
Murdoch University,Mixed Field Programmes,12,domestic,,2024,505,bronze/education-higher-ed/education_he-student-enrolments-pivot_2024.xlsx
Murdoch University,Natural and Physical Sciences,01,domestic,,2020,3860,bronze/education-higher-ed/education_he-student-enrolments-pivot_2024.xlsx
Murdoch University,Natural and Physical Sciences,01,domestic,,2021,3204,bronze/education-higher-ed/education_he-student-enrolments-pivot_2024.xlsx
Murdoch University,Natural and Physical Sciences,01,domestic,,2022,2467,bronze/education-higher-ed/education_he-student-enrolments-pivot_2024.xlsx
Murdoch University,Natural and Physical Sciences,01,domestic,,2023,1660,bronze/education-higher-ed/education_he-student-enrolments-pivot_2024.xlsx
Murdoch University,Natural and Physical Sciences,01,domestic,,2024,1345,bronze/education-higher-ed/education_he-student-enrolments-pivot_2024.xlsx
Murdoch University,Natural and Physical Sciences,01,international,,2020,1899,bronze/education-higher-ed/education_he-student-enrolments-pivot_2024.xlsx
Murdoch University,Natural and Physical Sciences,01,international,,2021,1427,bronze/education-higher-ed/education_he-student-enrolments-pivot_2024.xlsx
Murdoch University,Natural and Physical Sciences,01,international,,2022,902,bronze/education-higher-ed/education_he-student-enrolments-pivot_2024.xlsx
Murdoch University,Natural and Physical Sciences,01,international,,2023,638,bronze/education-higher-ed/education_he-student-enrolments-pivot_2024.xlsx
Murdoch University,Natural and Physical Sciences,01,international,,2024,477,bronze/education-higher-ed/education_he-student-enrolments-pivot_2024.xlsx
Murdoch University,Non-Award Courses,,domestic,,2020,80,bronze/education-higher-ed/education_he-student-enrolments-pivot_2024.xlsx
Murdoch University,Non-Award Courses,,domestic,,2021,43,bronze/education-higher-ed/education_he-student-enrolments-pivot_2024.xlsx
Murdoch University,Non-Award Courses,,domestic,,2022,19,bronze/education-higher-ed/education_he-student-enrolments-pivot_2024.xlsx
Murdoch University,Non-Award Courses,,domestic,,2023,13,bronze/education-higher-ed/education_he-student-enrolments-pivot_2024.xlsx
Murdoch University,Non-Award Courses,,domestic,,2024,28,bronze/education-higher-ed/education_he-student-enrolments-pivot_2024.xlsx
Murdoch University,Non-Award Courses,,international,,2020,76,bronze/education-higher-ed/education_he-student-enrolments-pivot_2024.xlsx
Murdoch University,Non-Award Courses,,international,,2021,80,bronze/education-higher-ed/education_he-student-enrolments-pivot_2024.xlsx
Murdoch University,Non-Award Courses,,international,,2022,107,bronze/education-higher-ed/education_he-student-enrolments-pivot_2024.xlsx
Murdoch University,Non-Award Courses,,international,,2023,204,bronze/education-higher-ed/education_he-student-enrolments-pivot_2024.xlsx
Murdoch University,Non-Award Courses,,international,,2024,210,bronze/education-higher-ed/education_he-student-enrolments-pivot_2024.xlsx
Murdoch University,Society and Culture,09,domestic,,2020,5606,bronze/education-higher-ed/education_he-student-enrolments-pivot_2024.xlsx
Murdoch University,Society and Culture,09,domestic,,2021,4731,bronze/education-higher-ed/education_he-student-enrolments-pivot_2024.xlsx
Murdoch University,Society and Culture,09,domestic,,2022,3916,bronze/education-higher-ed/education_he-student-enrolments-pivot_2024.xlsx
Murdoch University,Society and Culture,09,domestic,,2023,2907,bronze/education-higher-ed/education_he-student-enrolments-pivot_2024.xlsx
Murdoch University,Society and Culture,09,domestic,,2024,2595,bronze/education-higher-ed/education_he-student-enrolments-pivot_2024.xlsx
Murdoch University,Society and Culture,09,international,,2020,2082,bronze/education-higher-ed/education_he-student-enrolments-pivot_2024.xlsx
Murdoch University,Society and Culture,09,international,,2021,1631,bronze/education-higher-ed/education_he-student-enrolments-pivot_2024.xlsx
Murdoch University,Society and Culture,09,international,,2022,1456,bronze/education-higher-ed/education_he-student-enrolments-pivot_2024.xlsx
Murdoch University,Society and Culture,09,international,,2023,2807,bronze/education-higher-ed/education_he-student-enrolments-pivot_2024.xlsx
Murdoch University,Society and Culture,09,international,,2024,3281,bronze/education-higher-ed/education_he-student-enrolments-pivot_2024.xlsx
Queensland University of Technology,Architecture and Building,04,domestic,,2020,3260,bronze/education-higher-ed/education_he-student-enrolments-pivot_2024.xlsx
Queensland University of Technology,Architecture and Building,04,domestic,,2021,3637,bronze/education-higher-ed/education_he-student-enrolments-pivot_2024.xlsx
Queensland University of Technology,Architecture and Building,04,domestic,,2022,3195,bronze/education-higher-ed/education_he-student-enrolments-pivot_2024.xlsx
Queensland University of Technology,Architecture and Building,04,domestic,,2023,3264,bronze/education-higher-ed/education_he-student-enrolments-pivot_2024.xlsx
Queensland University of Technology,Architecture and Building,04,domestic,,2024,1926,bronze/education-higher-ed/education_he-student-enrolments-pivot_2024.xlsx
Queensland University of Technology,Architecture and Building,04,international,,2020,474,bronze/education-higher-ed/education_he-student-enrolments-pivot_2024.xlsx
Queensland University of Technology,Architecture and Building,04,international,,2021,468,bronze/education-higher-ed/education_he-student-enrolments-pivot_2024.xlsx
Queensland University of Technology,Architecture and Building,04,international,,2022,427,bronze/education-higher-ed/education_he-student-enrolments-pivot_2024.xlsx
Queensland University of Technology,Architecture and Building,04,international,,2023,420,bronze/education-higher-ed/education_he-student-enrolments-pivot_2024.xlsx
Queensland University of Technology,Architecture and Building,04,international,,2024,159,bronze/education-higher-ed/education_he-student-enrolments-pivot_2024.xlsx
Queensland University of Technology,Creative Arts,10,domestic,,2020,4458,bronze/education-higher-ed/education_he-student-enrolments-pivot_2024.xlsx
Queensland University of Technology,Creative Arts,10,domestic,,2021,4228,bronze/education-higher-ed/education_he-student-enrolments-pivot_2024.xlsx
Queensland University of Technology,Creative Arts,10,domestic,,2022,3012,bronze/education-higher-ed/education_he-student-enrolments-pivot_2024.xlsx
Queensland University of Technology,Creative Arts,10,domestic,,2023,2735,bronze/education-higher-ed/education_he-student-enrolments-pivot_2024.xlsx
Queensland University of Technology,Creative Arts,10,domestic,,2024,4098,bronze/education-higher-ed/education_he-student-enrolments-pivot_2024.xlsx
Queensland University of Technology,Creative Arts,10,international,,2020,693,bronze/education-higher-ed/education_he-student-enrolments-pivot_2024.xlsx
Queensland University of Technology,Creative Arts,10,international,,2021,721,bronze/education-higher-ed/education_he-student-enrolments-pivot_2024.xlsx
Queensland University of Technology,Creative Arts,10,international,,2022,652,bronze/education-higher-ed/education_he-student-enrolments-pivot_2024.xlsx
Queensland University of Technology,Creative Arts,10,international,,2023,646,bronze/education-higher-ed/education_he-student-enrolments-pivot_2024.xlsx
Queensland University of Technology,Creative Arts,10,international,,2024,903,bronze/education-higher-ed/education_he-student-enrolments-pivot_2024.xlsx
Queensland University of Technology,Education,07,domestic,,2020,4424,bronze/education-higher-ed/education_he-student-enrolments-pivot_2024.xlsx
Queensland University of Technology,Education,07,domestic,,2021,5267,bronze/education-higher-ed/education_he-student-enrolments-pivot_2024.xlsx
Queensland University of Technology,Education,07,domestic,,2022,4468,bronze/education-higher-ed/education_he-student-enrolments-pivot_2024.xlsx
Queensland University of Technology,Education,07,domestic,,2023,4475,bronze/education-higher-ed/education_he-student-enrolments-pivot_2024.xlsx
Queensland University of Technology,Education,07,domestic,,2024,4580,bronze/education-higher-ed/education_he-student-enrolments-pivot_2024.xlsx
Queensland University of Technology,Education,07,international,,2020,253,bronze/education-higher-ed/education_he-student-enrolments-pivot_2024.xlsx
Queensland University of Technology,Education,07,international,,2021,295,bronze/education-higher-ed/education_he-student-enrolments-pivot_2024.xlsx
Queensland University of Technology,Education,07,international,,2022,238,bronze/education-higher-ed/education_he-student-enrolments-pivot_2024.xlsx
Queensland University of Technology,Education,07,international,,2023,275,bronze/education-higher-ed/education_he-student-enrolments-pivot_2024.xlsx
Queensland University of Technology,Education,07,international,,2024,246,bronze/education-higher-ed/education_he-student-enrolments-pivot_2024.xlsx
Queensland University of Technology,Engineering and Related Technologies,03,domestic,,2020,3579,bronze/education-higher-ed/education_he-student-enrolments-pivot_2024.xlsx
Queensland University of Technology,Engineering and Related Technologies,03,domestic,,2021,3721,bronze/education-higher-ed/education_he-student-enrolments-pivot_2024.xlsx
Queensland University of Technology,Engineering and Related Technologies,03,domestic,,2022,3715,bronze/education-higher-ed/education_he-student-enrolments-pivot_2024.xlsx
Queensland University of Technology,Engineering and Related Technologies,03,domestic,,2023,3904,bronze/education-higher-ed/education_he-student-enrolments-pivot_2024.xlsx
Queensland University of Technology,Engineering and Related Technologies,03,domestic,,2024,4245,bronze/education-higher-ed/education_he-student-enrolments-pivot_2024.xlsx
Queensland University of Technology,Engineering and Related Technologies,03,international,,2020,904,bronze/education-higher-ed/education_he-student-enrolments-pivot_2024.xlsx
Queensland University of Technology,Engineering and Related Technologies,03,international,,2021,759,bronze/education-higher-ed/education_he-student-enrolments-pivot_2024.xlsx
Queensland University of Technology,Engineering and Related Technologies,03,international,,2022,699,bronze/education-higher-ed/education_he-student-enrolments-pivot_2024.xlsx
Queensland University of Technology,Engineering and Related Technologies,03,international,,2023,992,bronze/education-higher-ed/education_he-student-enrolments-pivot_2024.xlsx
Queensland University of Technology,Engineering and Related Technologies,03,international,,2024,999,bronze/education-higher-ed/education_he-student-enrolments-pivot_2024.xlsx
Queensland University of Technology,Health,06,domestic,,2020,7182,bronze/education-higher-ed/education_he-student-enrolments-pivot_2024.xlsx
Queensland University of Technology,Health,06,domestic,,2021,7428,bronze/education-higher-ed/education_he-student-enrolments-pivot_2024.xlsx
Queensland University of Technology,Health,06,domestic,,2022,6761,bronze/education-higher-ed/education_he-student-enrolments-pivot_2024.xlsx
Queensland University of Technology,Health,06,domestic,,2023,6341,bronze/education-higher-ed/education_he-student-enrolments-pivot_2024.xlsx
Queensland University of Technology,Health,06,domestic,,2024,6243,bronze/education-higher-ed/education_he-student-enrolments-pivot_2024.xlsx
Queensland University of Technology,Health,06,international,,2020,1552,bronze/education-higher-ed/education_he-student-enrolments-pivot_2024.xlsx
Queensland University of Technology,Health,06,international,,2021,1275,bronze/education-higher-ed/education_he-student-enrolments-pivot_2024.xlsx
Queensland University of Technology,Health,06,international,,2022,1391,bronze/education-higher-ed/education_he-student-enrolments-pivot_2024.xlsx
Queensland University of Technology,Health,06,international,,2023,2216,bronze/education-higher-ed/education_he-student-enrolments-pivot_2024.xlsx
Queensland University of Technology,Health,06,international,,2024,2186,bronze/education-higher-ed/education_he-student-enrolments-pivot_2024.xlsx
Queensland University of Technology,Information Technology,02,domestic,,2020,2566,bronze/education-higher-ed/education_he-student-enrolments-pivot_2024.xlsx
Queensland University of Technology,Information Technology,02,domestic,,2021,2912,bronze/education-higher-ed/education_he-student-enrolments-pivot_2024.xlsx
Queensland University of Technology,Information Technology,02,domestic,,2022,2923,bronze/education-higher-ed/education_he-student-enrolments-pivot_2024.xlsx
Queensland University of Technology,Information Technology,02,domestic,,2023,3267,bronze/education-higher-ed/education_he-student-enrolments-pivot_2024.xlsx
Queensland University of Technology,Information Technology,02,domestic,,2024,3662,bronze/education-higher-ed/education_he-student-enrolments-pivot_2024.xlsx
Queensland University of Technology,Information Technology,02,international,,2020,1249,bronze/education-higher-ed/education_he-student-enrolments-pivot_2024.xlsx
Queensland University of Technology,Information Technology,02,international,,2021,1021,bronze/education-higher-ed/education_he-student-enrolments-pivot_2024.xlsx
Queensland University of Technology,Information Technology,02,international,,2022,1035,bronze/education-higher-ed/education_he-student-enrolments-pivot_2024.xlsx
Queensland University of Technology,Information Technology,02,international,,2023,1594,bronze/education-higher-ed/education_he-student-enrolments-pivot_2024.xlsx
Queensland University of Technology,Information Technology,02,international,,2024,1900,bronze/education-higher-ed/education_he-student-enrolments-pivot_2024.xlsx
Queensland University of Technology,Management and Commerce,08,domestic,,2020,8735,bronze/education-higher-ed/education_he-student-enrolments-pivot_2024.xlsx
Queensland University of Technology,Management and Commerce,08,domestic,,2021,8678,bronze/education-higher-ed/education_he-student-enrolments-pivot_2024.xlsx
Queensland University of Technology,Management and Commerce,08,domestic,,2022,9332,bronze/education-higher-ed/education_he-student-enrolments-pivot_2024.xlsx
Queensland University of Technology,Management and Commerce,08,domestic,,2023,9188,bronze/education-higher-ed/education_he-student-enrolments-pivot_2024.xlsx
Queensland University of Technology,Management and Commerce,08,domestic,,2024,9107,bronze/education-higher-ed/education_he-student-enrolments-pivot_2024.xlsx
Queensland University of Technology,Management and Commerce,08,international,,2020,2434,bronze/education-higher-ed/education_he-student-enrolments-pivot_2024.xlsx
Queensland University of Technology,Management and Commerce,08,international,,2021,1908,bronze/education-higher-ed/education_he-student-enrolments-pivot_2024.xlsx
Queensland University of Technology,Management and Commerce,08,international,,2022,1645,bronze/education-higher-ed/education_he-student-enrolments-pivot_2024.xlsx
Queensland University of Technology,Management and Commerce,08,international,,2023,2481,bronze/education-higher-ed/education_he-student-enrolments-pivot_2024.xlsx
Queensland University of Technology,Management and Commerce,08,international,,2024,2154,bronze/education-higher-ed/education_he-student-enrolments-pivot_2024.xlsx
Queensland University of Technology,Natural and Physical Sciences,01,domestic,,2020,2600,bronze/education-higher-ed/education_he-student-enrolments-pivot_2024.xlsx
Queensland University of Technology,Natural and Physical Sciences,01,domestic,,2021,2734,bronze/education-higher-ed/education_he-student-enrolments-pivot_2024.xlsx
Queensland University of Technology,Natural and Physical Sciences,01,domestic,,2022,2643,bronze/education-higher-ed/education_he-student-enrolments-pivot_2024.xlsx
Queensland University of Technology,Natural and Physical Sciences,01,domestic,,2023,2598,bronze/education-higher-ed/education_he-student-enrolments-pivot_2024.xlsx
Queensland University of Technology,Natural and Physical Sciences,01,domestic,,2024,2489,bronze/education-higher-ed/education_he-student-enrolments-pivot_2024.xlsx
Queensland University of Technology,Natural and Physical Sciences,01,international,,2020,373,bronze/education-higher-ed/education_he-student-enrolments-pivot_2024.xlsx
Queensland University of Technology,Natural and Physical Sciences,01,international,,2021,323,bronze/education-higher-ed/education_he-student-enrolments-pivot_2024.xlsx
Queensland University of Technology,Natural and Physical Sciences,01,international,,2022,293,bronze/education-higher-ed/education_he-student-enrolments-pivot_2024.xlsx
Queensland University of Technology,Natural and Physical Sciences,01,international,,2023,345,bronze/education-higher-ed/education_he-student-enrolments-pivot_2024.xlsx
Queensland University of Technology,Natural and Physical Sciences,01,international,,2024,300,bronze/education-higher-ed/education_he-student-enrolments-pivot_2024.xlsx
Queensland University of Technology,Non-Award Courses,,domestic,,2020,526,bronze/education-higher-ed/education_he-student-enrolments-pivot_2024.xlsx
Queensland University of Technology,Non-Award Courses,,domestic,,2021,292,bronze/education-higher-ed/education_he-student-enrolments-pivot_2024.xlsx
Queensland University of Technology,Non-Award Courses,,domestic,,2022,315,bronze/education-higher-ed/education_he-student-enrolments-pivot_2024.xlsx
Queensland University of Technology,Non-Award Courses,,domestic,,2023,327,bronze/education-higher-ed/education_he-student-enrolments-pivot_2024.xlsx
Queensland University of Technology,Non-Award Courses,,domestic,,2024,368,bronze/education-higher-ed/education_he-student-enrolments-pivot_2024.xlsx
Queensland University of Technology,Non-Award Courses,,international,,2020,126,bronze/education-higher-ed/education_he-student-enrolments-pivot_2024.xlsx
Queensland University of Technology,Non-Award Courses,,international,,2021,38,bronze/education-higher-ed/education_he-student-enrolments-pivot_2024.xlsx
Queensland University of Technology,Non-Award Courses,,international,,2022,279,bronze/education-higher-ed/education_he-student-enrolments-pivot_2024.xlsx
Queensland University of Technology,Non-Award Courses,,international,,2023,458,bronze/education-higher-ed/education_he-student-enrolments-pivot_2024.xlsx
Queensland University of Technology,Non-Award Courses,,international,,2024,432,bronze/education-higher-ed/education_he-student-enrolments-pivot_2024.xlsx
Queensland University of Technology,Society and Culture,09,domestic,,2020,6951,bronze/education-higher-ed/education_he-student-enrolments-pivot_2024.xlsx
Queensland University of Technology,Society and Culture,09,domestic,,2021,7212,bronze/education-higher-ed/education_he-student-enrolments-pivot_2024.xlsx
Queensland University of Technology,Society and Culture,09,domestic,,2022,6747,bronze/education-higher-ed/education_he-student-enrolments-pivot_2024.xlsx
Queensland University of Technology,Society and Culture,09,domestic,,2023,6280,bronze/education-higher-ed/education_he-student-enrolments-pivot_2024.xlsx
Queensland University of Technology,Society and Culture,09,domestic,,2024,6177,bronze/education-higher-ed/education_he-student-enrolments-pivot_2024.xlsx
Queensland University of Technology,Society and Culture,09,international,,2020,378,bronze/education-higher-ed/education_he-student-enrolments-pivot_2024.xlsx
Queensland University of Technology,Society and Culture,09,international,,2021,357,bronze/education-higher-ed/education_he-student-enrolments-pivot_2024.xlsx
Queensland University of Technology,Society and Culture,09,international,,2022,314,bronze/education-higher-ed/education_he-student-enrolments-pivot_2024.xlsx
Queensland University of Technology,Society and Culture,09,international,,2023,321,bronze/education-higher-ed/education_he-student-enrolments-pivot_2024.xlsx
Queensland University of Technology,Society and Culture,09,international,,2024,390,bronze/education-higher-ed/education_he-student-enrolments-pivot_2024.xlsx
RMIT University,"Agriculture, Environmental and Related Studies",05,domestic,,2020,337,bronze/education-higher-ed/education_he-student-enrolments-pivot_2024.xlsx
RMIT University,"Agriculture, Environmental and Related Studies",05,domestic,,2021,358,bronze/education-higher-ed/education_he-student-enrolments-pivot_2024.xlsx
RMIT University,"Agriculture, Environmental and Related Studies",05,domestic,,2022,374,bronze/education-higher-ed/education_he-student-enrolments-pivot_2024.xlsx
RMIT University,"Agriculture, Environmental and Related Studies",05,domestic,,2023,331,bronze/education-higher-ed/education_he-student-enrolments-pivot_2024.xlsx
RMIT University,"Agriculture, Environmental and Related Studies",05,domestic,,2024,318,bronze/education-higher-ed/education_he-student-enrolments-pivot_2024.xlsx
RMIT University,"Agriculture, Environmental and Related Studies",05,international,,2020,52,bronze/education-higher-ed/education_he-student-enrolments-pivot_2024.xlsx
RMIT University,"Agriculture, Environmental and Related Studies",05,international,,2021,35,bronze/education-higher-ed/education_he-student-enrolments-pivot_2024.xlsx
RMIT University,"Agriculture, Environmental and Related Studies",05,international,,2022,13,bronze/education-higher-ed/education_he-student-enrolments-pivot_2024.xlsx
RMIT University,"Agriculture, Environmental and Related Studies",05,international,,2023,10,bronze/education-higher-ed/education_he-student-enrolments-pivot_2024.xlsx
RMIT University,"Agriculture, Environmental and Related Studies",05,international,,2024,16,bronze/education-higher-ed/education_he-student-enrolments-pivot_2024.xlsx
RMIT University,Architecture and Building,04,domestic,,2020,2834,bronze/education-higher-ed/education_he-student-enrolments-pivot_2024.xlsx
RMIT University,Architecture and Building,04,domestic,,2021,2987,bronze/education-higher-ed/education_he-student-enrolments-pivot_2024.xlsx
RMIT University,Architecture and Building,04,domestic,,2022,2815,bronze/education-higher-ed/education_he-student-enrolments-pivot_2024.xlsx
RMIT University,Architecture and Building,04,domestic,,2023,2688,bronze/education-higher-ed/education_he-student-enrolments-pivot_2024.xlsx
RMIT University,Architecture and Building,04,domestic,,2024,2819,bronze/education-higher-ed/education_he-student-enrolments-pivot_2024.xlsx
RMIT University,Architecture and Building,04,international,,2020,1842,bronze/education-higher-ed/education_he-student-enrolments-pivot_2024.xlsx
RMIT University,Architecture and Building,04,international,,2021,1773,bronze/education-higher-ed/education_he-student-enrolments-pivot_2024.xlsx
RMIT University,Architecture and Building,04,international,,2022,1639,bronze/education-higher-ed/education_he-student-enrolments-pivot_2024.xlsx
RMIT University,Architecture and Building,04,international,,2023,1484,bronze/education-higher-ed/education_he-student-enrolments-pivot_2024.xlsx
RMIT University,Architecture and Building,04,international,,2024,1306,bronze/education-higher-ed/education_he-student-enrolments-pivot_2024.xlsx
RMIT University,Creative Arts,10,domestic,,2020,5411,bronze/education-higher-ed/education_he-student-enrolments-pivot_2024.xlsx
RMIT University,Creative Arts,10,domestic,,2021,5727,bronze/education-higher-ed/education_he-student-enrolments-pivot_2024.xlsx
RMIT University,Creative Arts,10,domestic,,2022,5279,bronze/education-higher-ed/education_he-student-enrolments-pivot_2024.xlsx
RMIT University,Creative Arts,10,domestic,,2023,5186,bronze/education-higher-ed/education_he-student-enrolments-pivot_2024.xlsx
RMIT University,Creative Arts,10,domestic,,2024,5315,bronze/education-higher-ed/education_he-student-enrolments-pivot_2024.xlsx
RMIT University,Creative Arts,10,international,,2020,4434,bronze/education-higher-ed/education_he-student-enrolments-pivot_2024.xlsx
RMIT University,Creative Arts,10,international,,2021,5074,bronze/education-higher-ed/education_he-student-enrolments-pivot_2024.xlsx
RMIT University,Creative Arts,10,international,,2022,5556,bronze/education-higher-ed/education_he-student-enrolments-pivot_2024.xlsx
RMIT University,Creative Arts,10,international,,2023,5905,bronze/education-higher-ed/education_he-student-enrolments-pivot_2024.xlsx
RMIT University,Creative Arts,10,international,,2024,5937,bronze/education-higher-ed/education_he-student-enrolments-pivot_2024.xlsx
RMIT University,Education,07,domestic,,2020,840,bronze/education-higher-ed/education_he-student-enrolments-pivot_2024.xlsx
RMIT University,Education,07,domestic,,2021,895,bronze/education-higher-ed/education_he-student-enrolments-pivot_2024.xlsx
RMIT University,Education,07,domestic,,2022,810,bronze/education-higher-ed/education_he-student-enrolments-pivot_2024.xlsx
RMIT University,Education,07,domestic,,2023,735,bronze/education-higher-ed/education_he-student-enrolments-pivot_2024.xlsx
RMIT University,Education,07,domestic,,2024,688,bronze/education-higher-ed/education_he-student-enrolments-pivot_2024.xlsx
RMIT University,Education,07,international,,2020,453,bronze/education-higher-ed/education_he-student-enrolments-pivot_2024.xlsx
RMIT University,Education,07,international,,2021,250,bronze/education-higher-ed/education_he-student-enrolments-pivot_2024.xlsx
RMIT University,Education,07,international,,2022,196,bronze/education-higher-ed/education_he-student-enrolments-pivot_2024.xlsx
RMIT University,Education,07,international,,2023,409,bronze/education-higher-ed/education_he-student-enrolments-pivot_2024.xlsx
RMIT University,Education,07,international,,2024,930,bronze/education-higher-ed/education_he-student-enrolments-pivot_2024.xlsx
RMIT University,Engineering and Related Technologies,03,domestic,,2020,5826,bronze/education-higher-ed/education_he-student-enrolments-pivot_2024.xlsx
RMIT University,Engineering and Related Technologies,03,domestic,,2021,6175,bronze/education-higher-ed/education_he-student-enrolments-pivot_2024.xlsx
RMIT University,Engineering and Related Technologies,03,domestic,,2022,6180,bronze/education-higher-ed/education_he-student-enrolments-pivot_2024.xlsx
RMIT University,Engineering and Related Technologies,03,domestic,,2023,6365,bronze/education-higher-ed/education_he-student-enrolments-pivot_2024.xlsx
RMIT University,Engineering and Related Technologies,03,domestic,,2024,6608,bronze/education-higher-ed/education_he-student-enrolments-pivot_2024.xlsx
RMIT University,Engineering and Related Technologies,03,international,,2020,4984,bronze/education-higher-ed/education_he-student-enrolments-pivot_2024.xlsx
RMIT University,Engineering and Related Technologies,03,international,,2021,4390,bronze/education-higher-ed/education_he-student-enrolments-pivot_2024.xlsx
RMIT University,Engineering and Related Technologies,03,international,,2022,3907,bronze/education-higher-ed/education_he-student-enrolments-pivot_2024.xlsx
RMIT University,Engineering and Related Technologies,03,international,,2023,3999,bronze/education-higher-ed/education_he-student-enrolments-pivot_2024.xlsx
RMIT University,Engineering and Related Technologies,03,international,,2024,4176,bronze/education-higher-ed/education_he-student-enrolments-pivot_2024.xlsx
RMIT University,Health,06,domestic,,2020,3337,bronze/education-higher-ed/education_he-student-enrolments-pivot_2024.xlsx
RMIT University,Health,06,domestic,,2021,3423,bronze/education-higher-ed/education_he-student-enrolments-pivot_2024.xlsx
RMIT University,Health,06,domestic,,2022,3304,bronze/education-higher-ed/education_he-student-enrolments-pivot_2024.xlsx
RMIT University,Health,06,domestic,,2023,3225,bronze/education-higher-ed/education_he-student-enrolments-pivot_2024.xlsx
RMIT University,Health,06,domestic,,2024,3124,bronze/education-higher-ed/education_he-student-enrolments-pivot_2024.xlsx
RMIT University,Health,06,international,,2020,465,bronze/education-higher-ed/education_he-student-enrolments-pivot_2024.xlsx
RMIT University,Health,06,international,,2021,460,bronze/education-higher-ed/education_he-student-enrolments-pivot_2024.xlsx
RMIT University,Health,06,international,,2022,328,bronze/education-higher-ed/education_he-student-enrolments-pivot_2024.xlsx
RMIT University,Health,06,international,,2023,291,bronze/education-higher-ed/education_he-student-enrolments-pivot_2024.xlsx
RMIT University,Health,06,international,,2024,415,bronze/education-higher-ed/education_he-student-enrolments-pivot_2024.xlsx
RMIT University,Information Technology,02,domestic,,2020,4087,bronze/education-higher-ed/education_he-student-enrolments-pivot_2024.xlsx
RMIT University,Information Technology,02,domestic,,2021,4060,bronze/education-higher-ed/education_he-student-enrolments-pivot_2024.xlsx
RMIT University,Information Technology,02,domestic,,2022,3845,bronze/education-higher-ed/education_he-student-enrolments-pivot_2024.xlsx
RMIT University,Information Technology,02,domestic,,2023,3610,bronze/education-higher-ed/education_he-student-enrolments-pivot_2024.xlsx
RMIT University,Information Technology,02,domestic,,2024,3663,bronze/education-higher-ed/education_he-student-enrolments-pivot_2024.xlsx
RMIT University,Information Technology,02,international,,2020,2816,bronze/education-higher-ed/education_he-student-enrolments-pivot_2024.xlsx
RMIT University,Information Technology,02,international,,2021,2533,bronze/education-higher-ed/education_he-student-enrolments-pivot_2024.xlsx
RMIT University,Information Technology,02,international,,2022,2410,bronze/education-higher-ed/education_he-student-enrolments-pivot_2024.xlsx
RMIT University,Information Technology,02,international,,2023,3146,bronze/education-higher-ed/education_he-student-enrolments-pivot_2024.xlsx
RMIT University,Information Technology,02,international,,2024,4028,bronze/education-higher-ed/education_he-student-enrolments-pivot_2024.xlsx
RMIT University,Management and Commerce,08,domestic,,2020,11258,bronze/education-higher-ed/education_he-student-enrolments-pivot_2024.xlsx
RMIT University,Management and Commerce,08,domestic,,2021,11355,bronze/education-higher-ed/education_he-student-enrolments-pivot_2024.xlsx
RMIT University,Management and Commerce,08,domestic,,2022,9783,bronze/education-higher-ed/education_he-student-enrolments-pivot_2024.xlsx
RMIT University,Management and Commerce,08,domestic,,2023,8388,bronze/education-higher-ed/education_he-student-enrolments-pivot_2024.xlsx
RMIT University,Management and Commerce,08,domestic,,2024,8070,bronze/education-higher-ed/education_he-student-enrolments-pivot_2024.xlsx
RMIT University,Management and Commerce,08,international,,2020,15712,bronze/education-higher-ed/education_he-student-enrolments-pivot_2024.xlsx
RMIT University,Management and Commerce,08,international,,2021,16463,bronze/education-higher-ed/education_he-student-enrolments-pivot_2024.xlsx
RMIT University,Management and Commerce,08,international,,2022,16974,bronze/education-higher-ed/education_he-student-enrolments-pivot_2024.xlsx
RMIT University,Management and Commerce,08,international,,2023,17700,bronze/education-higher-ed/education_he-student-enrolments-pivot_2024.xlsx
RMIT University,Management and Commerce,08,international,,2024,17822,bronze/education-higher-ed/education_he-student-enrolments-pivot_2024.xlsx
RMIT University,Natural and Physical Sciences,01,domestic,,2020,2456,bronze/education-higher-ed/education_he-student-enrolments-pivot_2024.xlsx
RMIT University,Natural and Physical Sciences,01,domestic,,2021,2538,bronze/education-higher-ed/education_he-student-enrolments-pivot_2024.xlsx
RMIT University,Natural and Physical Sciences,01,domestic,,2022,2368,bronze/education-higher-ed/education_he-student-enrolments-pivot_2024.xlsx
RMIT University,Natural and Physical Sciences,01,domestic,,2023,2166,bronze/education-higher-ed/education_he-student-enrolments-pivot_2024.xlsx
RMIT University,Natural and Physical Sciences,01,domestic,,2024,2134,bronze/education-higher-ed/education_he-student-enrolments-pivot_2024.xlsx
RMIT University,Natural and Physical Sciences,01,international,,2020,1211,bronze/education-higher-ed/education_he-student-enrolments-pivot_2024.xlsx
RMIT University,Natural and Physical Sciences,01,international,,2021,1078,bronze/education-higher-ed/education_he-student-enrolments-pivot_2024.xlsx
RMIT University,Natural and Physical Sciences,01,international,,2022,996,bronze/education-higher-ed/education_he-student-enrolments-pivot_2024.xlsx
RMIT University,Natural and Physical Sciences,01,international,,2023,1525,bronze/education-higher-ed/education_he-student-enrolments-pivot_2024.xlsx
RMIT University,Natural and Physical Sciences,01,international,,2024,2104,bronze/education-higher-ed/education_he-student-enrolments-pivot_2024.xlsx
RMIT University,Non-Award Courses,,domestic,,2020,23,bronze/education-higher-ed/education_he-student-enrolments-pivot_2024.xlsx
RMIT University,Non-Award Courses,,domestic,,2021,37,bronze/education-higher-ed/education_he-student-enrolments-pivot_2024.xlsx
RMIT University,Non-Award Courses,,domestic,,2022,29,bronze/education-higher-ed/education_he-student-enrolments-pivot_2024.xlsx
RMIT University,Non-Award Courses,,domestic,,2023,12,bronze/education-higher-ed/education_he-student-enrolments-pivot_2024.xlsx
RMIT University,Non-Award Courses,,domestic,,2024,29,bronze/education-higher-ed/education_he-student-enrolments-pivot_2024.xlsx
RMIT University,Non-Award Courses,,international,,2020,834,bronze/education-higher-ed/education_he-student-enrolments-pivot_2024.xlsx
RMIT University,Non-Award Courses,,international,,2021,656,bronze/education-higher-ed/education_he-student-enrolments-pivot_2024.xlsx
RMIT University,Non-Award Courses,,international,,2022,152,bronze/education-higher-ed/education_he-student-enrolments-pivot_2024.xlsx
RMIT University,Non-Award Courses,,international,,2023,257,bronze/education-higher-ed/education_he-student-enrolments-pivot_2024.xlsx
RMIT University,Non-Award Courses,,international,,2024,255,bronze/education-higher-ed/education_he-student-enrolments-pivot_2024.xlsx
RMIT University,Society and Culture,09,domestic,,2020,4899,bronze/education-higher-ed/education_he-student-enrolments-pivot_2024.xlsx
RMIT University,Society and Culture,09,domestic,,2021,5286,bronze/education-higher-ed/education_he-student-enrolments-pivot_2024.xlsx
RMIT University,Society and Culture,09,domestic,,2022,5200,bronze/education-higher-ed/education_he-student-enrolments-pivot_2024.xlsx
RMIT University,Society and Culture,09,domestic,,2023,4975,bronze/education-higher-ed/education_he-student-enrolments-pivot_2024.xlsx
RMIT University,Society and Culture,09,domestic,,2024,5143,bronze/education-higher-ed/education_he-student-enrolments-pivot_2024.xlsx
RMIT University,Society and Culture,09,international,,2020,493,bronze/education-higher-ed/education_he-student-enrolments-pivot_2024.xlsx
RMIT University,Society and Culture,09,international,,2021,566,bronze/education-higher-ed/education_he-student-enrolments-pivot_2024.xlsx
RMIT University,Society and Culture,09,international,,2022,686,bronze/education-higher-ed/education_he-student-enrolments-pivot_2024.xlsx
RMIT University,Society and Culture,09,international,,2023,920,bronze/education-higher-ed/education_he-student-enrolments-pivot_2024.xlsx
RMIT University,Society and Culture,09,international,,2024,1009,bronze/education-higher-ed/education_he-student-enrolments-pivot_2024.xlsx
Southern Cross University,"Agriculture, Environmental and Related Studies",05,domestic,,2020,528,bronze/education-higher-ed/education_he-student-enrolments-pivot_2024.xlsx
Southern Cross University,"Agriculture, Environmental and Related Studies",05,domestic,,2021,429,bronze/education-higher-ed/education_he-student-enrolments-pivot_2024.xlsx
Southern Cross University,"Agriculture, Environmental and Related Studies",05,domestic,,2022,261,bronze/education-higher-ed/education_he-student-enrolments-pivot_2024.xlsx
Southern Cross University,"Agriculture, Environmental and Related Studies",05,domestic,,2023,171,bronze/education-higher-ed/education_he-student-enrolments-pivot_2024.xlsx
Southern Cross University,"Agriculture, Environmental and Related Studies",05,domestic,,2024,147,bronze/education-higher-ed/education_he-student-enrolments-pivot_2024.xlsx
Southern Cross University,"Agriculture, Environmental and Related Studies",05,international,,2020,66,bronze/education-higher-ed/education_he-student-enrolments-pivot_2024.xlsx
Southern Cross University,"Agriculture, Environmental and Related Studies",05,international,,2021,56,bronze/education-higher-ed/education_he-student-enrolments-pivot_2024.xlsx
Southern Cross University,"Agriculture, Environmental and Related Studies",05,international,,2022,52,bronze/education-higher-ed/education_he-student-enrolments-pivot_2024.xlsx
Southern Cross University,"Agriculture, Environmental and Related Studies",05,international,,2023,34,bronze/education-higher-ed/education_he-student-enrolments-pivot_2024.xlsx
Southern Cross University,"Agriculture, Environmental and Related Studies",05,international,,2024,41,bronze/education-higher-ed/education_he-student-enrolments-pivot_2024.xlsx
Southern Cross University,Creative Arts,10,domestic,,2020,629,bronze/education-higher-ed/education_he-student-enrolments-pivot_2024.xlsx
Southern Cross University,Creative Arts,10,domestic,,2021,562,bronze/education-higher-ed/education_he-student-enrolments-pivot_2024.xlsx
Southern Cross University,Creative Arts,10,domestic,,2022,446,bronze/education-higher-ed/education_he-student-enrolments-pivot_2024.xlsx
Southern Cross University,Creative Arts,10,domestic,,2023,380,bronze/education-higher-ed/education_he-student-enrolments-pivot_2024.xlsx
Southern Cross University,Creative Arts,10,domestic,,2024,335,bronze/education-higher-ed/education_he-student-enrolments-pivot_2024.xlsx
Southern Cross University,Creative Arts,10,international,,2020,14,bronze/education-higher-ed/education_he-student-enrolments-pivot_2024.xlsx
Southern Cross University,Creative Arts,10,international,,2021,11,bronze/education-higher-ed/education_he-student-enrolments-pivot_2024.xlsx
Southern Cross University,Creative Arts,10,international,,2022,7,bronze/education-higher-ed/education_he-student-enrolments-pivot_2024.xlsx
Southern Cross University,Creative Arts,10,international,,2023,9,bronze/education-higher-ed/education_he-student-enrolments-pivot_2024.xlsx
Southern Cross University,Creative Arts,10,international,,2024,4,bronze/education-higher-ed/education_he-student-enrolments-pivot_2024.xlsx
Southern Cross University,Education,07,domestic,,2020,3143,bronze/education-higher-ed/education_he-student-enrolments-pivot_2024.xlsx
Southern Cross University,Education,07,domestic,,2021,3247,bronze/education-higher-ed/education_he-student-enrolments-pivot_2024.xlsx
Southern Cross University,Education,07,domestic,,2022,3214,bronze/education-higher-ed/education_he-student-enrolments-pivot_2024.xlsx
Southern Cross University,Education,07,domestic,,2023,3106,bronze/education-higher-ed/education_he-student-enrolments-pivot_2024.xlsx
Southern Cross University,Education,07,domestic,,2024,3445,bronze/education-higher-ed/education_he-student-enrolments-pivot_2024.xlsx
Southern Cross University,Education,07,international,,2020,9,bronze/education-higher-ed/education_he-student-enrolments-pivot_2024.xlsx
Southern Cross University,Education,07,international,,2021,127,bronze/education-higher-ed/education_he-student-enrolments-pivot_2024.xlsx
Southern Cross University,Education,07,international,,2022,286,bronze/education-higher-ed/education_he-student-enrolments-pivot_2024.xlsx
Southern Cross University,Education,07,international,,2023,1297,bronze/education-higher-ed/education_he-student-enrolments-pivot_2024.xlsx
Southern Cross University,Education,07,international,,2024,3090,bronze/education-higher-ed/education_he-student-enrolments-pivot_2024.xlsx
Southern Cross University,Engineering and Related Technologies,03,domestic,,2020,253,bronze/education-higher-ed/education_he-student-enrolments-pivot_2024.xlsx
Southern Cross University,Engineering and Related Technologies,03,domestic,,2021,289,bronze/education-higher-ed/education_he-student-enrolments-pivot_2024.xlsx
Southern Cross University,Engineering and Related Technologies,03,domestic,,2022,372,bronze/education-higher-ed/education_he-student-enrolments-pivot_2024.xlsx
Southern Cross University,Engineering and Related Technologies,03,domestic,,2023,407,bronze/education-higher-ed/education_he-student-enrolments-pivot_2024.xlsx
Southern Cross University,Engineering and Related Technologies,03,domestic,,2024,461,bronze/education-higher-ed/education_he-student-enrolments-pivot_2024.xlsx
Southern Cross University,Engineering and Related Technologies,03,international,,2020,183,bronze/education-higher-ed/education_he-student-enrolments-pivot_2024.xlsx
Southern Cross University,Engineering and Related Technologies,03,international,,2021,118,bronze/education-higher-ed/education_he-student-enrolments-pivot_2024.xlsx
Southern Cross University,Engineering and Related Technologies,03,international,,2022,80,bronze/education-higher-ed/education_he-student-enrolments-pivot_2024.xlsx
Southern Cross University,Engineering and Related Technologies,03,international,,2023,90,bronze/education-higher-ed/education_he-student-enrolments-pivot_2024.xlsx
Southern Cross University,Engineering and Related Technologies,03,international,,2024,69,bronze/education-higher-ed/education_he-student-enrolments-pivot_2024.xlsx
Southern Cross University,"Food, Hospitality and Personal Services",11,domestic,,2021,38,bronze/education-higher-ed/education_he-student-enrolments-pivot_2024.xlsx
Southern Cross University,"Food, Hospitality and Personal Services",11,domestic,,2022,65,bronze/education-higher-ed/education_he-student-enrolments-pivot_2024.xlsx
Southern Cross University,"Food, Hospitality and Personal Services",11,domestic,,2023,69,bronze/education-higher-ed/education_he-student-enrolments-pivot_2024.xlsx
Southern Cross University,"Food, Hospitality and Personal Services",11,domestic,,2024,75,bronze/education-higher-ed/education_he-student-enrolments-pivot_2024.xlsx
Southern Cross University,"Food, Hospitality and Personal Services",11,international,,2021,7,bronze/education-higher-ed/education_he-student-enrolments-pivot_2024.xlsx
Southern Cross University,"Food, Hospitality and Personal Services",11,international,,2022,3,bronze/education-higher-ed/education_he-student-enrolments-pivot_2024.xlsx
Southern Cross University,"Food, Hospitality and Personal Services",11,international,,2023,5,bronze/education-higher-ed/education_he-student-enrolments-pivot_2024.xlsx
Southern Cross University,"Food, Hospitality and Personal Services",11,international,,2024,5,bronze/education-higher-ed/education_he-student-enrolments-pivot_2024.xlsx
Southern Cross University,Health,06,domestic,,2020,4254,bronze/education-higher-ed/education_he-student-enrolments-pivot_2024.xlsx
Southern Cross University,Health,06,domestic,,2021,4411,bronze/education-higher-ed/education_he-student-enrolments-pivot_2024.xlsx
Southern Cross University,Health,06,domestic,,2022,4053,bronze/education-higher-ed/education_he-student-enrolments-pivot_2024.xlsx
Southern Cross University,Health,06,domestic,,2023,4050,bronze/education-higher-ed/education_he-student-enrolments-pivot_2024.xlsx
Southern Cross University,Health,06,domestic,,2024,3801,bronze/education-higher-ed/education_he-student-enrolments-pivot_2024.xlsx
Southern Cross University,Health,06,international,,2020,258,bronze/education-higher-ed/education_he-student-enrolments-pivot_2024.xlsx
Southern Cross University,Health,06,international,,2021,220,bronze/education-higher-ed/education_he-student-enrolments-pivot_2024.xlsx
Southern Cross University,Health,06,international,,2022,377,bronze/education-higher-ed/education_he-student-enrolments-pivot_2024.xlsx
Southern Cross University,Health,06,international,,2023,310,bronze/education-higher-ed/education_he-student-enrolments-pivot_2024.xlsx
Southern Cross University,Health,06,international,,2024,387,bronze/education-higher-ed/education_he-student-enrolments-pivot_2024.xlsx
Southern Cross University,Information Technology,02,domestic,,2020,234,bronze/education-higher-ed/education_he-student-enrolments-pivot_2024.xlsx
Southern Cross University,Information Technology,02,domestic,,2021,197,bronze/education-higher-ed/education_he-student-enrolments-pivot_2024.xlsx
Southern Cross University,Information Technology,02,domestic,,2022,186,bronze/education-higher-ed/education_he-student-enrolments-pivot_2024.xlsx
Southern Cross University,Information Technology,02,domestic,,2023,181,bronze/education-higher-ed/education_he-student-enrolments-pivot_2024.xlsx
Southern Cross University,Information Technology,02,domestic,,2024,167,bronze/education-higher-ed/education_he-student-enrolments-pivot_2024.xlsx
Southern Cross University,Information Technology,02,international,,2020,1055,bronze/education-higher-ed/education_he-student-enrolments-pivot_2024.xlsx
Southern Cross University,Information Technology,02,international,,2021,986,bronze/education-higher-ed/education_he-student-enrolments-pivot_2024.xlsx
Southern Cross University,Information Technology,02,international,,2022,896,bronze/education-higher-ed/education_he-student-enrolments-pivot_2024.xlsx
Southern Cross University,Information Technology,02,international,,2023,910,bronze/education-higher-ed/education_he-student-enrolments-pivot_2024.xlsx
Southern Cross University,Information Technology,02,international,,2024,702,bronze/education-higher-ed/education_he-student-enrolments-pivot_2024.xlsx
Southern Cross University,Management and Commerce,08,domestic,,2020,2193,bronze/education-higher-ed/education_he-student-enrolments-pivot_2024.xlsx
Southern Cross University,Management and Commerce,08,domestic,,2021,1875,bronze/education-higher-ed/education_he-student-enrolments-pivot_2024.xlsx
Southern Cross University,Management and Commerce,08,domestic,,2022,1434,bronze/education-higher-ed/education_he-student-enrolments-pivot_2024.xlsx
Southern Cross University,Management and Commerce,08,domestic,,2023,1194,bronze/education-higher-ed/education_he-student-enrolments-pivot_2024.xlsx
Southern Cross University,Management and Commerce,08,domestic,,2024,991,bronze/education-higher-ed/education_he-student-enrolments-pivot_2024.xlsx
Southern Cross University,Management and Commerce,08,international,,2020,2308,bronze/education-higher-ed/education_he-student-enrolments-pivot_2024.xlsx
Southern Cross University,Management and Commerce,08,international,,2021,1612,bronze/education-higher-ed/education_he-student-enrolments-pivot_2024.xlsx
Southern Cross University,Management and Commerce,08,international,,2022,1342,bronze/education-higher-ed/education_he-student-enrolments-pivot_2024.xlsx
Southern Cross University,Management and Commerce,08,international,,2023,1152,bronze/education-higher-ed/education_he-student-enrolments-pivot_2024.xlsx
Southern Cross University,Management and Commerce,08,international,,2024,925,bronze/education-higher-ed/education_he-student-enrolments-pivot_2024.xlsx
Southern Cross University,Mixed Field Programmes,12,domestic,,2020,1111,bronze/education-higher-ed/education_he-student-enrolments-pivot_2024.xlsx
Southern Cross University,Mixed Field Programmes,12,domestic,,2021,803,bronze/education-higher-ed/education_he-student-enrolments-pivot_2024.xlsx
Southern Cross University,Mixed Field Programmes,12,domestic,,2022,655,bronze/education-higher-ed/education_he-student-enrolments-pivot_2024.xlsx
Southern Cross University,Mixed Field Programmes,12,domestic,,2023,702,bronze/education-higher-ed/education_he-student-enrolments-pivot_2024.xlsx
Southern Cross University,Mixed Field Programmes,12,domestic,,2024,664,bronze/education-higher-ed/education_he-student-enrolments-pivot_2024.xlsx
Southern Cross University,Natural and Physical Sciences,01,domestic,,2020,337,bronze/education-higher-ed/education_he-student-enrolments-pivot_2024.xlsx
Southern Cross University,Natural and Physical Sciences,01,domestic,,2021,581,bronze/education-higher-ed/education_he-student-enrolments-pivot_2024.xlsx
Southern Cross University,Natural and Physical Sciences,01,domestic,,2022,622,bronze/education-higher-ed/education_he-student-enrolments-pivot_2024.xlsx
Southern Cross University,Natural and Physical Sciences,01,domestic,,2023,546,bronze/education-higher-ed/education_he-student-enrolments-pivot_2024.xlsx
Southern Cross University,Natural and Physical Sciences,01,domestic,,2024,526,bronze/education-higher-ed/education_he-student-enrolments-pivot_2024.xlsx
Southern Cross University,Natural and Physical Sciences,01,international,,2020,48,bronze/education-higher-ed/education_he-student-enrolments-pivot_2024.xlsx
Southern Cross University,Natural and Physical Sciences,01,international,,2021,44,bronze/education-higher-ed/education_he-student-enrolments-pivot_2024.xlsx
Southern Cross University,Natural and Physical Sciences,01,international,,2022,30,bronze/education-higher-ed/education_he-student-enrolments-pivot_2024.xlsx
Southern Cross University,Natural and Physical Sciences,01,international,,2023,49,bronze/education-higher-ed/education_he-student-enrolments-pivot_2024.xlsx
Southern Cross University,Natural and Physical Sciences,01,international,,2024,48,bronze/education-higher-ed/education_he-student-enrolments-pivot_2024.xlsx
Southern Cross University,Non-Award Courses,,domestic,,2020,184,bronze/education-higher-ed/education_he-student-enrolments-pivot_2024.xlsx
Southern Cross University,Non-Award Courses,,domestic,,2021,81,bronze/education-higher-ed/education_he-student-enrolments-pivot_2024.xlsx
Southern Cross University,Non-Award Courses,,domestic,,2022,22,bronze/education-higher-ed/education_he-student-enrolments-pivot_2024.xlsx
Southern Cross University,Non-Award Courses,,domestic,,2023,12,bronze/education-higher-ed/education_he-student-enrolments-pivot_2024.xlsx
Southern Cross University,Non-Award Courses,,domestic,,2024,71,bronze/education-higher-ed/education_he-student-enrolments-pivot_2024.xlsx
Southern Cross University,Non-Award Courses,,international,,2020,44,bronze/education-higher-ed/education_he-student-enrolments-pivot_2024.xlsx
Southern Cross University,Non-Award Courses,,international,,2021,39,bronze/education-higher-ed/education_he-student-enrolments-pivot_2024.xlsx
Southern Cross University,Non-Award Courses,,international,,2022,31,bronze/education-higher-ed/education_he-student-enrolments-pivot_2024.xlsx
Southern Cross University,Non-Award Courses,,international,,2023,15,bronze/education-higher-ed/education_he-student-enrolments-pivot_2024.xlsx
Southern Cross University,Non-Award Courses,,international,,2024,22,bronze/education-higher-ed/education_he-student-enrolments-pivot_2024.xlsx
Southern Cross University,Society and Culture,09,domestic,,2020,2918,bronze/education-higher-ed/education_he-student-enrolments-pivot_2024.xlsx
Southern Cross University,Society and Culture,09,domestic,,2021,2897,bronze/education-higher-ed/education_he-student-enrolments-pivot_2024.xlsx
Southern Cross University,Society and Culture,09,domestic,,2022,2586,bronze/education-higher-ed/education_he-student-enrolments-pivot_2024.xlsx
Southern Cross University,Society and Culture,09,domestic,,2023,2319,bronze/education-higher-ed/education_he-student-enrolments-pivot_2024.xlsx
Southern Cross University,Society and Culture,09,domestic,,2024,2202,bronze/education-higher-ed/education_he-student-enrolments-pivot_2024.xlsx
Southern Cross University,Society and Culture,09,international,,2020,56,bronze/education-higher-ed/education_he-student-enrolments-pivot_2024.xlsx
Southern Cross University,Society and Culture,09,international,,2021,118,bronze/education-higher-ed/education_he-student-enrolments-pivot_2024.xlsx
Southern Cross University,Society and Culture,09,international,,2022,189,bronze/education-higher-ed/education_he-student-enrolments-pivot_2024.xlsx
Southern Cross University,Society and Culture,09,international,,2023,237,bronze/education-higher-ed/education_he-student-enrolments-pivot_2024.xlsx
Southern Cross University,Society and Culture,09,international,,2024,243,bronze/education-higher-ed/education_he-student-enrolments-pivot_2024.xlsx
Swinburne University of Technology,"Agriculture, Environmental and Related Studies",05,international,,2021,6,bronze/education-higher-ed/education_he-student-enrolments-pivot_2024.xlsx
Swinburne University of Technology,"Agriculture, Environmental and Related Studies",05,international,,2022,5,bronze/education-higher-ed/education_he-student-enrolments-pivot_2024.xlsx
Swinburne University of Technology,"Agriculture, Environmental and Related Studies",05,international,,2023,16,bronze/education-higher-ed/education_he-student-enrolments-pivot_2024.xlsx
Swinburne University of Technology,"Agriculture, Environmental and Related Studies",05,international,,2024,23,bronze/education-higher-ed/education_he-student-enrolments-pivot_2024.xlsx
Swinburne University of Technology,Architecture and Building,04,domestic,,2020,388,bronze/education-higher-ed/education_he-student-enrolments-pivot_2024.xlsx
Swinburne University of Technology,Architecture and Building,04,domestic,,2021,475,bronze/education-higher-ed/education_he-student-enrolments-pivot_2024.xlsx
Swinburne University of Technology,Architecture and Building,04,domestic,,2022,525,bronze/education-higher-ed/education_he-student-enrolments-pivot_2024.xlsx
Swinburne University of Technology,Architecture and Building,04,domestic,,2023,546,bronze/education-higher-ed/education_he-student-enrolments-pivot_2024.xlsx
Swinburne University of Technology,Architecture and Building,04,domestic,,2024,563,bronze/education-higher-ed/education_he-student-enrolments-pivot_2024.xlsx
Swinburne University of Technology,Architecture and Building,04,international,,2020,127,bronze/education-higher-ed/education_he-student-enrolments-pivot_2024.xlsx
Swinburne University of Technology,Architecture and Building,04,international,,2021,147,bronze/education-higher-ed/education_he-student-enrolments-pivot_2024.xlsx
Swinburne University of Technology,Architecture and Building,04,international,,2022,142,bronze/education-higher-ed/education_he-student-enrolments-pivot_2024.xlsx
Swinburne University of Technology,Architecture and Building,04,international,,2023,169,bronze/education-higher-ed/education_he-student-enrolments-pivot_2024.xlsx
Swinburne University of Technology,Architecture and Building,04,international,,2024,189,bronze/education-higher-ed/education_he-student-enrolments-pivot_2024.xlsx
Swinburne University of Technology,Creative Arts,10,domestic,,2020,3739,bronze/education-higher-ed/education_he-student-enrolments-pivot_2024.xlsx
Swinburne University of Technology,Creative Arts,10,domestic,,2021,3640,bronze/education-higher-ed/education_he-student-enrolments-pivot_2024.xlsx
Swinburne University of Technology,Creative Arts,10,domestic,,2022,3366,bronze/education-higher-ed/education_he-student-enrolments-pivot_2024.xlsx
Swinburne University of Technology,Creative Arts,10,domestic,,2023,3151,bronze/education-higher-ed/education_he-student-enrolments-pivot_2024.xlsx
Swinburne University of Technology,Creative Arts,10,domestic,,2024,2836,bronze/education-higher-ed/education_he-student-enrolments-pivot_2024.xlsx
Swinburne University of Technology,Creative Arts,10,international,,2020,681,bronze/education-higher-ed/education_he-student-enrolments-pivot_2024.xlsx
Swinburne University of Technology,Creative Arts,10,international,,2021,782,bronze/education-higher-ed/education_he-student-enrolments-pivot_2024.xlsx
Swinburne University of Technology,Creative Arts,10,international,,2022,1047,bronze/education-higher-ed/education_he-student-enrolments-pivot_2024.xlsx
Swinburne University of Technology,Creative Arts,10,international,,2023,1418,bronze/education-higher-ed/education_he-student-enrolments-pivot_2024.xlsx
Swinburne University of Technology,Creative Arts,10,international,,2024,1740,bronze/education-higher-ed/education_he-student-enrolments-pivot_2024.xlsx
Swinburne University of Technology,Education,07,domestic,,2020,7178,bronze/education-higher-ed/education_he-student-enrolments-pivot_2024.xlsx
Swinburne University of Technology,Education,07,domestic,,2021,7823,bronze/education-higher-ed/education_he-student-enrolments-pivot_2024.xlsx
Swinburne University of Technology,Education,07,domestic,,2022,7750,bronze/education-higher-ed/education_he-student-enrolments-pivot_2024.xlsx
Swinburne University of Technology,Education,07,domestic,,2023,8522,bronze/education-higher-ed/education_he-student-enrolments-pivot_2024.xlsx
Swinburne University of Technology,Education,07,domestic,,2024,8490,bronze/education-higher-ed/education_he-student-enrolments-pivot_2024.xlsx
Swinburne University of Technology,Education,07,international,,2020,105,bronze/education-higher-ed/education_he-student-enrolments-pivot_2024.xlsx
Swinburne University of Technology,Education,07,international,,2021,127,bronze/education-higher-ed/education_he-student-enrolments-pivot_2024.xlsx
Swinburne University of Technology,Education,07,international,,2022,134,bronze/education-higher-ed/education_he-student-enrolments-pivot_2024.xlsx
Swinburne University of Technology,Education,07,international,,2023,461,bronze/education-higher-ed/education_he-student-enrolments-pivot_2024.xlsx
Swinburne University of Technology,Education,07,international,,2024,918,bronze/education-higher-ed/education_he-student-enrolments-pivot_2024.xlsx
Swinburne University of Technology,Engineering and Related Technologies,03,domestic,,2020,3141,bronze/education-higher-ed/education_he-student-enrolments-pivot_2024.xlsx
Swinburne University of Technology,Engineering and Related Technologies,03,domestic,,2021,2963,bronze/education-higher-ed/education_he-student-enrolments-pivot_2024.xlsx
Swinburne University of Technology,Engineering and Related Technologies,03,domestic,,2022,2533,bronze/education-higher-ed/education_he-student-enrolments-pivot_2024.xlsx
Swinburne University of Technology,Engineering and Related Technologies,03,domestic,,2023,2385,bronze/education-higher-ed/education_he-student-enrolments-pivot_2024.xlsx
Swinburne University of Technology,Engineering and Related Technologies,03,domestic,,2024,2165,bronze/education-higher-ed/education_he-student-enrolments-pivot_2024.xlsx
Swinburne University of Technology,Engineering and Related Technologies,03,international,,2020,2908,bronze/education-higher-ed/education_he-student-enrolments-pivot_2024.xlsx
Swinburne University of Technology,Engineering and Related Technologies,03,international,,2021,2389,bronze/education-higher-ed/education_he-student-enrolments-pivot_2024.xlsx
Swinburne University of Technology,Engineering and Related Technologies,03,international,,2022,2301,bronze/education-higher-ed/education_he-student-enrolments-pivot_2024.xlsx
Swinburne University of Technology,Engineering and Related Technologies,03,international,,2023,2595,bronze/education-higher-ed/education_he-student-enrolments-pivot_2024.xlsx
Swinburne University of Technology,Engineering and Related Technologies,03,international,,2024,2609,bronze/education-higher-ed/education_he-student-enrolments-pivot_2024.xlsx
Swinburne University of Technology,Health,06,domestic,,2020,1508,bronze/education-higher-ed/education_he-student-enrolments-pivot_2024.xlsx
Swinburne University of Technology,Health,06,domestic,,2021,1611,bronze/education-higher-ed/education_he-student-enrolments-pivot_2024.xlsx
Swinburne University of Technology,Health,06,domestic,,2022,1482,bronze/education-higher-ed/education_he-student-enrolments-pivot_2024.xlsx
Swinburne University of Technology,Health,06,domestic,,2023,1530,bronze/education-higher-ed/education_he-student-enrolments-pivot_2024.xlsx
Swinburne University of Technology,Health,06,domestic,,2024,1502,bronze/education-higher-ed/education_he-student-enrolments-pivot_2024.xlsx
Swinburne University of Technology,Health,06,international,,2020,275,bronze/education-higher-ed/education_he-student-enrolments-pivot_2024.xlsx
Swinburne University of Technology,Health,06,international,,2021,329,bronze/education-higher-ed/education_he-student-enrolments-pivot_2024.xlsx
Swinburne University of Technology,Health,06,international,,2022,504,bronze/education-higher-ed/education_he-student-enrolments-pivot_2024.xlsx
Swinburne University of Technology,Health,06,international,,2023,705,bronze/education-higher-ed/education_he-student-enrolments-pivot_2024.xlsx
Swinburne University of Technology,Health,06,international,,2024,669,bronze/education-higher-ed/education_he-student-enrolments-pivot_2024.xlsx
Swinburne University of Technology,Information Technology,02,domestic,,2020,1785,bronze/education-higher-ed/education_he-student-enrolments-pivot_2024.xlsx
Swinburne University of Technology,Information Technology,02,domestic,,2021,1840,bronze/education-higher-ed/education_he-student-enrolments-pivot_2024.xlsx
Swinburne University of Technology,Information Technology,02,domestic,,2022,1787,bronze/education-higher-ed/education_he-student-enrolments-pivot_2024.xlsx
Swinburne University of Technology,Information Technology,02,domestic,,2023,1946,bronze/education-higher-ed/education_he-student-enrolments-pivot_2024.xlsx
Swinburne University of Technology,Information Technology,02,domestic,,2024,1987,bronze/education-higher-ed/education_he-student-enrolments-pivot_2024.xlsx
Swinburne University of Technology,Information Technology,02,international,,2020,2179,bronze/education-higher-ed/education_he-student-enrolments-pivot_2024.xlsx
Swinburne University of Technology,Information Technology,02,international,,2021,2140,bronze/education-higher-ed/education_he-student-enrolments-pivot_2024.xlsx
Swinburne University of Technology,Information Technology,02,international,,2022,2949,bronze/education-higher-ed/education_he-student-enrolments-pivot_2024.xlsx
Swinburne University of Technology,Information Technology,02,international,,2023,4937,bronze/education-higher-ed/education_he-student-enrolments-pivot_2024.xlsx
Swinburne University of Technology,Information Technology,02,international,,2024,5098,bronze/education-higher-ed/education_he-student-enrolments-pivot_2024.xlsx
Swinburne University of Technology,Management and Commerce,08,domestic,,2020,5999,bronze/education-higher-ed/education_he-student-enrolments-pivot_2024.xlsx
Swinburne University of Technology,Management and Commerce,08,domestic,,2021,5508,bronze/education-higher-ed/education_he-student-enrolments-pivot_2024.xlsx
Swinburne University of Technology,Management and Commerce,08,domestic,,2022,4658,bronze/education-higher-ed/education_he-student-enrolments-pivot_2024.xlsx
Swinburne University of Technology,Management and Commerce,08,domestic,,2023,4376,bronze/education-higher-ed/education_he-student-enrolments-pivot_2024.xlsx
Swinburne University of Technology,Management and Commerce,08,domestic,,2024,4254,bronze/education-higher-ed/education_he-student-enrolments-pivot_2024.xlsx
Swinburne University of Technology,Management and Commerce,08,international,,2020,2688,bronze/education-higher-ed/education_he-student-enrolments-pivot_2024.xlsx
Swinburne University of Technology,Management and Commerce,08,international,,2021,2736,bronze/education-higher-ed/education_he-student-enrolments-pivot_2024.xlsx
Swinburne University of Technology,Management and Commerce,08,international,,2022,3242,bronze/education-higher-ed/education_he-student-enrolments-pivot_2024.xlsx
Swinburne University of Technology,Management and Commerce,08,international,,2023,4169,bronze/education-higher-ed/education_he-student-enrolments-pivot_2024.xlsx
Swinburne University of Technology,Management and Commerce,08,international,,2024,4220,bronze/education-higher-ed/education_he-student-enrolments-pivot_2024.xlsx
Swinburne University of Technology,Natural and Physical Sciences,01,domestic,,2020,746,bronze/education-higher-ed/education_he-student-enrolments-pivot_2024.xlsx
Swinburne University of Technology,Natural and Physical Sciences,01,domestic,,2021,717,bronze/education-higher-ed/education_he-student-enrolments-pivot_2024.xlsx
Swinburne University of Technology,Natural and Physical Sciences,01,domestic,,2022,662,bronze/education-higher-ed/education_he-student-enrolments-pivot_2024.xlsx
Swinburne University of Technology,Natural and Physical Sciences,01,domestic,,2023,583,bronze/education-higher-ed/education_he-student-enrolments-pivot_2024.xlsx
Swinburne University of Technology,Natural and Physical Sciences,01,domestic,,2024,541,bronze/education-higher-ed/education_he-student-enrolments-pivot_2024.xlsx
Swinburne University of Technology,Natural and Physical Sciences,01,international,,2020,363,bronze/education-higher-ed/education_he-student-enrolments-pivot_2024.xlsx
Swinburne University of Technology,Natural and Physical Sciences,01,international,,2021,338,bronze/education-higher-ed/education_he-student-enrolments-pivot_2024.xlsx
Swinburne University of Technology,Natural and Physical Sciences,01,international,,2022,351,bronze/education-higher-ed/education_he-student-enrolments-pivot_2024.xlsx
Swinburne University of Technology,Natural and Physical Sciences,01,international,,2023,430,bronze/education-higher-ed/education_he-student-enrolments-pivot_2024.xlsx
Swinburne University of Technology,Natural and Physical Sciences,01,international,,2024,394,bronze/education-higher-ed/education_he-student-enrolments-pivot_2024.xlsx
Swinburne University of Technology,Non-Award Courses,,domestic,,2020,75,bronze/education-higher-ed/education_he-student-enrolments-pivot_2024.xlsx
Swinburne University of Technology,Non-Award Courses,,domestic,,2021,62,bronze/education-higher-ed/education_he-student-enrolments-pivot_2024.xlsx
Swinburne University of Technology,Non-Award Courses,,domestic,,2022,47,bronze/education-higher-ed/education_he-student-enrolments-pivot_2024.xlsx
Swinburne University of Technology,Non-Award Courses,,domestic,,2023,46,bronze/education-higher-ed/education_he-student-enrolments-pivot_2024.xlsx
Swinburne University of Technology,Non-Award Courses,,domestic,,2024,59,bronze/education-higher-ed/education_he-student-enrolments-pivot_2024.xlsx
Swinburne University of Technology,Non-Award Courses,,international,,2020,94,bronze/education-higher-ed/education_he-student-enrolments-pivot_2024.xlsx
Swinburne University of Technology,Non-Award Courses,,international,,2021,50,bronze/education-higher-ed/education_he-student-enrolments-pivot_2024.xlsx
Swinburne University of Technology,Non-Award Courses,,international,,2022,189,bronze/education-higher-ed/education_he-student-enrolments-pivot_2024.xlsx
Swinburne University of Technology,Non-Award Courses,,international,,2023,216,bronze/education-higher-ed/education_he-student-enrolments-pivot_2024.xlsx
Swinburne University of Technology,Non-Award Courses,,international,,2024,166,bronze/education-higher-ed/education_he-student-enrolments-pivot_2024.xlsx
Swinburne University of Technology,Society and Culture,09,domestic,,2020,7428,bronze/education-higher-ed/education_he-student-enrolments-pivot_2024.xlsx
Swinburne University of Technology,Society and Culture,09,domestic,,2021,7697,bronze/education-higher-ed/education_he-student-enrolments-pivot_2024.xlsx
Swinburne University of Technology,Society and Culture,09,domestic,,2022,6973,bronze/education-higher-ed/education_he-student-enrolments-pivot_2024.xlsx
Swinburne University of Technology,Society and Culture,09,domestic,,2023,6872,bronze/education-higher-ed/education_he-student-enrolments-pivot_2024.xlsx
Swinburne University of Technology,Society and Culture,09,domestic,,2024,6707,bronze/education-higher-ed/education_he-student-enrolments-pivot_2024.xlsx
Swinburne University of Technology,Society and Culture,09,international,,2020,466,bronze/education-higher-ed/education_he-student-enrolments-pivot_2024.xlsx
Swinburne University of Technology,Society and Culture,09,international,,2021,460,bronze/education-higher-ed/education_he-student-enrolments-pivot_2024.xlsx
Swinburne University of Technology,Society and Culture,09,international,,2022,536,bronze/education-higher-ed/education_he-student-enrolments-pivot_2024.xlsx
Swinburne University of Technology,Society and Culture,09,international,,2023,254,bronze/education-higher-ed/education_he-student-enrolments-pivot_2024.xlsx
Swinburne University of Technology,Society and Culture,09,international,,2024,266,bronze/education-higher-ed/education_he-student-enrolments-pivot_2024.xlsx
The Australian National University,"Agriculture, Environmental and Related Studies",05,domestic,,2020,416,bronze/education-higher-ed/education_he-student-enrolments-pivot_2024.xlsx
The Australian National University,"Agriculture, Environmental and Related Studies",05,domestic,,2021,456,bronze/education-higher-ed/education_he-student-enrolments-pivot_2024.xlsx
The Australian National University,"Agriculture, Environmental and Related Studies",05,domestic,,2022,438,bronze/education-higher-ed/education_he-student-enrolments-pivot_2024.xlsx
The Australian National University,"Agriculture, Environmental and Related Studies",05,domestic,,2023,378,bronze/education-higher-ed/education_he-student-enrolments-pivot_2024.xlsx
The Australian National University,"Agriculture, Environmental and Related Studies",05,domestic,,2024,301,bronze/education-higher-ed/education_he-student-enrolments-pivot_2024.xlsx
The Australian National University,"Agriculture, Environmental and Related Studies",05,international,,2020,163,bronze/education-higher-ed/education_he-student-enrolments-pivot_2024.xlsx
The Australian National University,"Agriculture, Environmental and Related Studies",05,international,,2021,136,bronze/education-higher-ed/education_he-student-enrolments-pivot_2024.xlsx
The Australian National University,"Agriculture, Environmental and Related Studies",05,international,,2022,117,bronze/education-higher-ed/education_he-student-enrolments-pivot_2024.xlsx
The Australian National University,"Agriculture, Environmental and Related Studies",05,international,,2023,130,bronze/education-higher-ed/education_he-student-enrolments-pivot_2024.xlsx
The Australian National University,"Agriculture, Environmental and Related Studies",05,international,,2024,143,bronze/education-higher-ed/education_he-student-enrolments-pivot_2024.xlsx
The Australian National University,Creative Arts,10,domestic,,2020,450,bronze/education-higher-ed/education_he-student-enrolments-pivot_2024.xlsx
The Australian National University,Creative Arts,10,domestic,,2021,505,bronze/education-higher-ed/education_he-student-enrolments-pivot_2024.xlsx
The Australian National University,Creative Arts,10,domestic,,2022,433,bronze/education-higher-ed/education_he-student-enrolments-pivot_2024.xlsx
The Australian National University,Creative Arts,10,domestic,,2023,382,bronze/education-higher-ed/education_he-student-enrolments-pivot_2024.xlsx
The Australian National University,Creative Arts,10,domestic,,2024,305,bronze/education-higher-ed/education_he-student-enrolments-pivot_2024.xlsx
The Australian National University,Creative Arts,10,international,,2020,41,bronze/education-higher-ed/education_he-student-enrolments-pivot_2024.xlsx
The Australian National University,Creative Arts,10,international,,2021,34,bronze/education-higher-ed/education_he-student-enrolments-pivot_2024.xlsx
The Australian National University,Creative Arts,10,international,,2022,24,bronze/education-higher-ed/education_he-student-enrolments-pivot_2024.xlsx
The Australian National University,Creative Arts,10,international,,2023,23,bronze/education-higher-ed/education_he-student-enrolments-pivot_2024.xlsx
The Australian National University,Creative Arts,10,international,,2024,8,bronze/education-higher-ed/education_he-student-enrolments-pivot_2024.xlsx
The Australian National University,Education,07,domestic,,2020,0,bronze/education-higher-ed/education_he-student-enrolments-pivot_2024.xlsx
The Australian National University,Engineering and Related Technologies,03,domestic,,2020,1023,bronze/education-higher-ed/education_he-student-enrolments-pivot_2024.xlsx
The Australian National University,Engineering and Related Technologies,03,domestic,,2021,1052,bronze/education-higher-ed/education_he-student-enrolments-pivot_2024.xlsx
The Australian National University,Engineering and Related Technologies,03,domestic,,2022,941,bronze/education-higher-ed/education_he-student-enrolments-pivot_2024.xlsx
The Australian National University,Engineering and Related Technologies,03,domestic,,2023,900,bronze/education-higher-ed/education_he-student-enrolments-pivot_2024.xlsx
The Australian National University,Engineering and Related Technologies,03,domestic,,2024,867,bronze/education-higher-ed/education_he-student-enrolments-pivot_2024.xlsx
The Australian National University,Engineering and Related Technologies,03,international,,2020,724,bronze/education-higher-ed/education_he-student-enrolments-pivot_2024.xlsx
The Australian National University,Engineering and Related Technologies,03,international,,2021,673,bronze/education-higher-ed/education_he-student-enrolments-pivot_2024.xlsx
The Australian National University,Engineering and Related Technologies,03,international,,2022,611,bronze/education-higher-ed/education_he-student-enrolments-pivot_2024.xlsx
The Australian National University,Engineering and Related Technologies,03,international,,2023,590,bronze/education-higher-ed/education_he-student-enrolments-pivot_2024.xlsx
The Australian National University,Engineering and Related Technologies,03,international,,2024,501,bronze/education-higher-ed/education_he-student-enrolments-pivot_2024.xlsx
The Australian National University,Health,06,domestic,,2020,745,bronze/education-higher-ed/education_he-student-enrolments-pivot_2024.xlsx
The Australian National University,Health,06,domestic,,2021,790,bronze/education-higher-ed/education_he-student-enrolments-pivot_2024.xlsx
The Australian National University,Health,06,domestic,,2022,769,bronze/education-higher-ed/education_he-student-enrolments-pivot_2024.xlsx
The Australian National University,Health,06,domestic,,2023,743,bronze/education-higher-ed/education_he-student-enrolments-pivot_2024.xlsx
The Australian National University,Health,06,domestic,,2024,710,bronze/education-higher-ed/education_he-student-enrolments-pivot_2024.xlsx
The Australian National University,Health,06,international,,2020,91,bronze/education-higher-ed/education_he-student-enrolments-pivot_2024.xlsx
The Australian National University,Health,06,international,,2021,86,bronze/education-higher-ed/education_he-student-enrolments-pivot_2024.xlsx
The Australian National University,Health,06,international,,2022,88,bronze/education-higher-ed/education_he-student-enrolments-pivot_2024.xlsx
The Australian National University,Health,06,international,,2023,123,bronze/education-higher-ed/education_he-student-enrolments-pivot_2024.xlsx
The Australian National University,Health,06,international,,2024,99,bronze/education-higher-ed/education_he-student-enrolments-pivot_2024.xlsx
The Australian National University,Information Technology,02,domestic,,2020,434,bronze/education-higher-ed/education_he-student-enrolments-pivot_2024.xlsx
The Australian National University,Information Technology,02,domestic,,2021,608,bronze/education-higher-ed/education_he-student-enrolments-pivot_2024.xlsx
The Australian National University,Information Technology,02,domestic,,2022,781,bronze/education-higher-ed/education_he-student-enrolments-pivot_2024.xlsx
The Australian National University,Information Technology,02,domestic,,2023,725,bronze/education-higher-ed/education_he-student-enrolments-pivot_2024.xlsx
The Australian National University,Information Technology,02,domestic,,2024,592,bronze/education-higher-ed/education_he-student-enrolments-pivot_2024.xlsx
The Australian National University,Information Technology,02,international,,2020,1091,bronze/education-higher-ed/education_he-student-enrolments-pivot_2024.xlsx
The Australian National University,Information Technology,02,international,,2021,1023,bronze/education-higher-ed/education_he-student-enrolments-pivot_2024.xlsx
The Australian National University,Information Technology,02,international,,2022,1120,bronze/education-higher-ed/education_he-student-enrolments-pivot_2024.xlsx
The Australian National University,Information Technology,02,international,,2023,1216,bronze/education-higher-ed/education_he-student-enrolments-pivot_2024.xlsx
The Australian National University,Information Technology,02,international,,2024,1215,bronze/education-higher-ed/education_he-student-enrolments-pivot_2024.xlsx
The Australian National University,Management and Commerce,08,domestic,,2020,1202,bronze/education-higher-ed/education_he-student-enrolments-pivot_2024.xlsx
The Australian National University,Management and Commerce,08,domestic,,2021,1372,bronze/education-higher-ed/education_he-student-enrolments-pivot_2024.xlsx
The Australian National University,Management and Commerce,08,domestic,,2022,1506,bronze/education-higher-ed/education_he-student-enrolments-pivot_2024.xlsx
The Australian National University,Management and Commerce,08,domestic,,2023,1446,bronze/education-higher-ed/education_he-student-enrolments-pivot_2024.xlsx
The Australian National University,Management and Commerce,08,domestic,,2024,1374,bronze/education-higher-ed/education_he-student-enrolments-pivot_2024.xlsx
The Australian National University,Management and Commerce,08,international,,2020,3607,bronze/education-higher-ed/education_he-student-enrolments-pivot_2024.xlsx
The Australian National University,Management and Commerce,08,international,,2021,3352,bronze/education-higher-ed/education_he-student-enrolments-pivot_2024.xlsx
The Australian National University,Management and Commerce,08,international,,2022,3628,bronze/education-higher-ed/education_he-student-enrolments-pivot_2024.xlsx
The Australian National University,Management and Commerce,08,international,,2023,4214,bronze/education-higher-ed/education_he-student-enrolments-pivot_2024.xlsx
The Australian National University,Management and Commerce,08,international,,2024,3871,bronze/education-higher-ed/education_he-student-enrolments-pivot_2024.xlsx
The Australian National University,Mixed Field Programmes,12,domestic,,2020,3,bronze/education-higher-ed/education_he-student-enrolments-pivot_2024.xlsx
The Australian National University,Natural and Physical Sciences,01,domestic,,2020,2067,bronze/education-higher-ed/education_he-student-enrolments-pivot_2024.xlsx
The Australian National University,Natural and Physical Sciences,01,domestic,,2021,2262,bronze/education-higher-ed/education_he-student-enrolments-pivot_2024.xlsx
The Australian National University,Natural and Physical Sciences,01,domestic,,2022,2056,bronze/education-higher-ed/education_he-student-enrolments-pivot_2024.xlsx
The Australian National University,Natural and Physical Sciences,01,domestic,,2023,1970,bronze/education-higher-ed/education_he-student-enrolments-pivot_2024.xlsx
The Australian National University,Natural and Physical Sciences,01,domestic,,2024,1857,bronze/education-higher-ed/education_he-student-enrolments-pivot_2024.xlsx
The Australian National University,Natural and Physical Sciences,01,international,,2020,1030,bronze/education-higher-ed/education_he-student-enrolments-pivot_2024.xlsx
The Australian National University,Natural and Physical Sciences,01,international,,2021,1000,bronze/education-higher-ed/education_he-student-enrolments-pivot_2024.xlsx
The Australian National University,Natural and Physical Sciences,01,international,,2022,960,bronze/education-higher-ed/education_he-student-enrolments-pivot_2024.xlsx
The Australian National University,Natural and Physical Sciences,01,international,,2023,1010,bronze/education-higher-ed/education_he-student-enrolments-pivot_2024.xlsx
The Australian National University,Natural and Physical Sciences,01,international,,2024,1105,bronze/education-higher-ed/education_he-student-enrolments-pivot_2024.xlsx
The Australian National University,Non-Award Courses,,domestic,,2020,47,bronze/education-higher-ed/education_he-student-enrolments-pivot_2024.xlsx
The Australian National University,Non-Award Courses,,domestic,,2021,21,bronze/education-higher-ed/education_he-student-enrolments-pivot_2024.xlsx
The Australian National University,Non-Award Courses,,domestic,,2022,23,bronze/education-higher-ed/education_he-student-enrolments-pivot_2024.xlsx
The Australian National University,Non-Award Courses,,domestic,,2023,30,bronze/education-higher-ed/education_he-student-enrolments-pivot_2024.xlsx
The Australian National University,Non-Award Courses,,domestic,,2024,37,bronze/education-higher-ed/education_he-student-enrolments-pivot_2024.xlsx
The Australian National University,Non-Award Courses,,international,,2020,8,bronze/education-higher-ed/education_he-student-enrolments-pivot_2024.xlsx
The Australian National University,Non-Award Courses,,international,,2021,4,bronze/education-higher-ed/education_he-student-enrolments-pivot_2024.xlsx
The Australian National University,Non-Award Courses,,international,,2022,17,bronze/education-higher-ed/education_he-student-enrolments-pivot_2024.xlsx
The Australian National University,Non-Award Courses,,international,,2023,34,bronze/education-higher-ed/education_he-student-enrolments-pivot_2024.xlsx
The Australian National University,Non-Award Courses,,international,,2024,26,bronze/education-higher-ed/education_he-student-enrolments-pivot_2024.xlsx
The Australian National University,Society and Culture,09,domestic,,2020,9081,bronze/education-higher-ed/education_he-student-enrolments-pivot_2024.xlsx
The Australian National University,Society and Culture,09,domestic,,2021,9336,bronze/education-higher-ed/education_he-student-enrolments-pivot_2024.xlsx
The Australian National University,Society and Culture,09,domestic,,2022,8657,bronze/education-higher-ed/education_he-student-enrolments-pivot_2024.xlsx
The Australian National University,Society and Culture,09,domestic,,2023,7943,bronze/education-higher-ed/education_he-student-enrolments-pivot_2024.xlsx
The Australian National University,Society and Culture,09,domestic,,2024,7494,bronze/education-higher-ed/education_he-student-enrolments-pivot_2024.xlsx
The Australian National University,Society and Culture,09,international,,2020,2113,bronze/education-higher-ed/education_he-student-enrolments-pivot_2024.xlsx
The Australian National University,Society and Culture,09,international,,2021,1966,bronze/education-higher-ed/education_he-student-enrolments-pivot_2024.xlsx
The Australian National University,Society and Culture,09,international,,2022,2073,bronze/education-higher-ed/education_he-student-enrolments-pivot_2024.xlsx
The Australian National University,Society and Culture,09,international,,2023,2394,bronze/education-higher-ed/education_he-student-enrolments-pivot_2024.xlsx
The Australian National University,Society and Culture,09,international,,2024,2434,bronze/education-higher-ed/education_he-student-enrolments-pivot_2024.xlsx
The University of Adelaide,"Agriculture, Environmental and Related Studies",05,domestic,,2020,817,bronze/education-higher-ed/education_he-student-enrolments-pivot_2024.xlsx
The University of Adelaide,"Agriculture, Environmental and Related Studies",05,domestic,,2021,888,bronze/education-higher-ed/education_he-student-enrolments-pivot_2024.xlsx
The University of Adelaide,"Agriculture, Environmental and Related Studies",05,domestic,,2022,838,bronze/education-higher-ed/education_he-student-enrolments-pivot_2024.xlsx
The University of Adelaide,"Agriculture, Environmental and Related Studies",05,domestic,,2023,765,bronze/education-higher-ed/education_he-student-enrolments-pivot_2024.xlsx
The University of Adelaide,"Agriculture, Environmental and Related Studies",05,domestic,,2024,662,bronze/education-higher-ed/education_he-student-enrolments-pivot_2024.xlsx
The University of Adelaide,"Agriculture, Environmental and Related Studies",05,international,,2020,290,bronze/education-higher-ed/education_he-student-enrolments-pivot_2024.xlsx
The University of Adelaide,"Agriculture, Environmental and Related Studies",05,international,,2021,276,bronze/education-higher-ed/education_he-student-enrolments-pivot_2024.xlsx
The University of Adelaide,"Agriculture, Environmental and Related Studies",05,international,,2022,258,bronze/education-higher-ed/education_he-student-enrolments-pivot_2024.xlsx
The University of Adelaide,"Agriculture, Environmental and Related Studies",05,international,,2023,287,bronze/education-higher-ed/education_he-student-enrolments-pivot_2024.xlsx
The University of Adelaide,"Agriculture, Environmental and Related Studies",05,international,,2024,301,bronze/education-higher-ed/education_he-student-enrolments-pivot_2024.xlsx
The University of Adelaide,Architecture and Building,04,domestic,,2020,305,bronze/education-higher-ed/education_he-student-enrolments-pivot_2024.xlsx
The University of Adelaide,Architecture and Building,04,domestic,,2021,304,bronze/education-higher-ed/education_he-student-enrolments-pivot_2024.xlsx
The University of Adelaide,Architecture and Building,04,domestic,,2022,351,bronze/education-higher-ed/education_he-student-enrolments-pivot_2024.xlsx
The University of Adelaide,Architecture and Building,04,domestic,,2023,350,bronze/education-higher-ed/education_he-student-enrolments-pivot_2024.xlsx
The University of Adelaide,Architecture and Building,04,domestic,,2024,341,bronze/education-higher-ed/education_he-student-enrolments-pivot_2024.xlsx
The University of Adelaide,Architecture and Building,04,international,,2020,370,bronze/education-higher-ed/education_he-student-enrolments-pivot_2024.xlsx
The University of Adelaide,Architecture and Building,04,international,,2021,348,bronze/education-higher-ed/education_he-student-enrolments-pivot_2024.xlsx
The University of Adelaide,Architecture and Building,04,international,,2022,278,bronze/education-higher-ed/education_he-student-enrolments-pivot_2024.xlsx
The University of Adelaide,Architecture and Building,04,international,,2023,275,bronze/education-higher-ed/education_he-student-enrolments-pivot_2024.xlsx
The University of Adelaide,Architecture and Building,04,international,,2024,261,bronze/education-higher-ed/education_he-student-enrolments-pivot_2024.xlsx
The University of Adelaide,Creative Arts,10,domestic,,2020,1036,bronze/education-higher-ed/education_he-student-enrolments-pivot_2024.xlsx
The University of Adelaide,Creative Arts,10,domestic,,2021,1023,bronze/education-higher-ed/education_he-student-enrolments-pivot_2024.xlsx
The University of Adelaide,Creative Arts,10,domestic,,2022,933,bronze/education-higher-ed/education_he-student-enrolments-pivot_2024.xlsx
The University of Adelaide,Creative Arts,10,domestic,,2023,922,bronze/education-higher-ed/education_he-student-enrolments-pivot_2024.xlsx
The University of Adelaide,Creative Arts,10,domestic,,2024,831,bronze/education-higher-ed/education_he-student-enrolments-pivot_2024.xlsx
The University of Adelaide,Creative Arts,10,international,,2020,182,bronze/education-higher-ed/education_he-student-enrolments-pivot_2024.xlsx
The University of Adelaide,Creative Arts,10,international,,2021,228,bronze/education-higher-ed/education_he-student-enrolments-pivot_2024.xlsx
The University of Adelaide,Creative Arts,10,international,,2022,263,bronze/education-higher-ed/education_he-student-enrolments-pivot_2024.xlsx
The University of Adelaide,Creative Arts,10,international,,2023,294,bronze/education-higher-ed/education_he-student-enrolments-pivot_2024.xlsx
The University of Adelaide,Creative Arts,10,international,,2024,292,bronze/education-higher-ed/education_he-student-enrolments-pivot_2024.xlsx
The University of Adelaide,Education,07,domestic,,2020,939,bronze/education-higher-ed/education_he-student-enrolments-pivot_2024.xlsx
The University of Adelaide,Education,07,domestic,,2021,951,bronze/education-higher-ed/education_he-student-enrolments-pivot_2024.xlsx
The University of Adelaide,Education,07,domestic,,2022,864,bronze/education-higher-ed/education_he-student-enrolments-pivot_2024.xlsx
The University of Adelaide,Education,07,domestic,,2023,755,bronze/education-higher-ed/education_he-student-enrolments-pivot_2024.xlsx
The University of Adelaide,Education,07,domestic,,2024,636,bronze/education-higher-ed/education_he-student-enrolments-pivot_2024.xlsx
The University of Adelaide,Education,07,international,,2020,266,bronze/education-higher-ed/education_he-student-enrolments-pivot_2024.xlsx
The University of Adelaide,Education,07,international,,2021,234,bronze/education-higher-ed/education_he-student-enrolments-pivot_2024.xlsx
The University of Adelaide,Education,07,international,,2022,267,bronze/education-higher-ed/education_he-student-enrolments-pivot_2024.xlsx
The University of Adelaide,Education,07,international,,2023,285,bronze/education-higher-ed/education_he-student-enrolments-pivot_2024.xlsx
The University of Adelaide,Education,07,international,,2024,304,bronze/education-higher-ed/education_he-student-enrolments-pivot_2024.xlsx
The University of Adelaide,Engineering and Related Technologies,03,domestic,,2020,2295,bronze/education-higher-ed/education_he-student-enrolments-pivot_2024.xlsx
The University of Adelaide,Engineering and Related Technologies,03,domestic,,2021,2354,bronze/education-higher-ed/education_he-student-enrolments-pivot_2024.xlsx
The University of Adelaide,Engineering and Related Technologies,03,domestic,,2022,2254,bronze/education-higher-ed/education_he-student-enrolments-pivot_2024.xlsx
The University of Adelaide,Engineering and Related Technologies,03,domestic,,2023,2250,bronze/education-higher-ed/education_he-student-enrolments-pivot_2024.xlsx
The University of Adelaide,Engineering and Related Technologies,03,domestic,,2024,2316,bronze/education-higher-ed/education_he-student-enrolments-pivot_2024.xlsx
The University of Adelaide,Engineering and Related Technologies,03,international,,2020,1794,bronze/education-higher-ed/education_he-student-enrolments-pivot_2024.xlsx
The University of Adelaide,Engineering and Related Technologies,03,international,,2021,1514,bronze/education-higher-ed/education_he-student-enrolments-pivot_2024.xlsx
The University of Adelaide,Engineering and Related Technologies,03,international,,2022,1193,bronze/education-higher-ed/education_he-student-enrolments-pivot_2024.xlsx
The University of Adelaide,Engineering and Related Technologies,03,international,,2023,1435,bronze/education-higher-ed/education_he-student-enrolments-pivot_2024.xlsx
The University of Adelaide,Engineering and Related Technologies,03,international,,2024,1764,bronze/education-higher-ed/education_he-student-enrolments-pivot_2024.xlsx
The University of Adelaide,Health,06,domestic,,2020,4466,bronze/education-higher-ed/education_he-student-enrolments-pivot_2024.xlsx
The University of Adelaide,Health,06,domestic,,2021,4853,bronze/education-higher-ed/education_he-student-enrolments-pivot_2024.xlsx
The University of Adelaide,Health,06,domestic,,2022,4945,bronze/education-higher-ed/education_he-student-enrolments-pivot_2024.xlsx
The University of Adelaide,Health,06,domestic,,2023,5012,bronze/education-higher-ed/education_he-student-enrolments-pivot_2024.xlsx
The University of Adelaide,Health,06,domestic,,2024,5143,bronze/education-higher-ed/education_he-student-enrolments-pivot_2024.xlsx
The University of Adelaide,Health,06,international,,2020,961,bronze/education-higher-ed/education_he-student-enrolments-pivot_2024.xlsx
The University of Adelaide,Health,06,international,,2021,930,bronze/education-higher-ed/education_he-student-enrolments-pivot_2024.xlsx
The University of Adelaide,Health,06,international,,2022,921,bronze/education-higher-ed/education_he-student-enrolments-pivot_2024.xlsx
The University of Adelaide,Health,06,international,,2023,914,bronze/education-higher-ed/education_he-student-enrolments-pivot_2024.xlsx
The University of Adelaide,Health,06,international,,2024,1102,bronze/education-higher-ed/education_he-student-enrolments-pivot_2024.xlsx
The University of Adelaide,Information Technology,02,domestic,,2020,771,bronze/education-higher-ed/education_he-student-enrolments-pivot_2024.xlsx
The University of Adelaide,Information Technology,02,domestic,,2021,1090,bronze/education-higher-ed/education_he-student-enrolments-pivot_2024.xlsx
The University of Adelaide,Information Technology,02,domestic,,2022,1200,bronze/education-higher-ed/education_he-student-enrolments-pivot_2024.xlsx
The University of Adelaide,Information Technology,02,domestic,,2023,1277,bronze/education-higher-ed/education_he-student-enrolments-pivot_2024.xlsx
The University of Adelaide,Information Technology,02,domestic,,2024,1233,bronze/education-higher-ed/education_he-student-enrolments-pivot_2024.xlsx
The University of Adelaide,Information Technology,02,international,,2020,1058,bronze/education-higher-ed/education_he-student-enrolments-pivot_2024.xlsx
The University of Adelaide,Information Technology,02,international,,2021,1297,bronze/education-higher-ed/education_he-student-enrolments-pivot_2024.xlsx
The University of Adelaide,Information Technology,02,international,,2022,1410,bronze/education-higher-ed/education_he-student-enrolments-pivot_2024.xlsx
The University of Adelaide,Information Technology,02,international,,2023,1725,bronze/education-higher-ed/education_he-student-enrolments-pivot_2024.xlsx
The University of Adelaide,Information Technology,02,international,,2024,2118,bronze/education-higher-ed/education_he-student-enrolments-pivot_2024.xlsx
The University of Adelaide,Management and Commerce,08,domestic,,2020,2338,bronze/education-higher-ed/education_he-student-enrolments-pivot_2024.xlsx
The University of Adelaide,Management and Commerce,08,domestic,,2021,2382,bronze/education-higher-ed/education_he-student-enrolments-pivot_2024.xlsx
The University of Adelaide,Management and Commerce,08,domestic,,2022,2255,bronze/education-higher-ed/education_he-student-enrolments-pivot_2024.xlsx
The University of Adelaide,Management and Commerce,08,domestic,,2023,2090,bronze/education-higher-ed/education_he-student-enrolments-pivot_2024.xlsx
The University of Adelaide,Management and Commerce,08,domestic,,2024,1988,bronze/education-higher-ed/education_he-student-enrolments-pivot_2024.xlsx
The University of Adelaide,Management and Commerce,08,international,,2020,3226,bronze/education-higher-ed/education_he-student-enrolments-pivot_2024.xlsx
The University of Adelaide,Management and Commerce,08,international,,2021,3187,bronze/education-higher-ed/education_he-student-enrolments-pivot_2024.xlsx
The University of Adelaide,Management and Commerce,08,international,,2022,2703,bronze/education-higher-ed/education_he-student-enrolments-pivot_2024.xlsx
The University of Adelaide,Management and Commerce,08,international,,2023,2574,bronze/education-higher-ed/education_he-student-enrolments-pivot_2024.xlsx
The University of Adelaide,Management and Commerce,08,international,,2024,2691,bronze/education-higher-ed/education_he-student-enrolments-pivot_2024.xlsx
The University of Adelaide,Natural and Physical Sciences,01,domestic,,2020,2020,bronze/education-higher-ed/education_he-student-enrolments-pivot_2024.xlsx
The University of Adelaide,Natural and Physical Sciences,01,domestic,,2021,2062,bronze/education-higher-ed/education_he-student-enrolments-pivot_2024.xlsx
The University of Adelaide,Natural and Physical Sciences,01,domestic,,2022,1908,bronze/education-higher-ed/education_he-student-enrolments-pivot_2024.xlsx
The University of Adelaide,Natural and Physical Sciences,01,domestic,,2023,1785,bronze/education-higher-ed/education_he-student-enrolments-pivot_2024.xlsx
The University of Adelaide,Natural and Physical Sciences,01,domestic,,2024,1719,bronze/education-higher-ed/education_he-student-enrolments-pivot_2024.xlsx
The University of Adelaide,Natural and Physical Sciences,01,international,,2020,537,bronze/education-higher-ed/education_he-student-enrolments-pivot_2024.xlsx
The University of Adelaide,Natural and Physical Sciences,01,international,,2021,530,bronze/education-higher-ed/education_he-student-enrolments-pivot_2024.xlsx
The University of Adelaide,Natural and Physical Sciences,01,international,,2022,551,bronze/education-higher-ed/education_he-student-enrolments-pivot_2024.xlsx
The University of Adelaide,Natural and Physical Sciences,01,international,,2023,617,bronze/education-higher-ed/education_he-student-enrolments-pivot_2024.xlsx
The University of Adelaide,Natural and Physical Sciences,01,international,,2024,732,bronze/education-higher-ed/education_he-student-enrolments-pivot_2024.xlsx
The University of Adelaide,Non-Award Courses,,domestic,,2020,105,bronze/education-higher-ed/education_he-student-enrolments-pivot_2024.xlsx
The University of Adelaide,Non-Award Courses,,domestic,,2021,115,bronze/education-higher-ed/education_he-student-enrolments-pivot_2024.xlsx
The University of Adelaide,Non-Award Courses,,domestic,,2022,181,bronze/education-higher-ed/education_he-student-enrolments-pivot_2024.xlsx
The University of Adelaide,Non-Award Courses,,domestic,,2023,145,bronze/education-higher-ed/education_he-student-enrolments-pivot_2024.xlsx
The University of Adelaide,Non-Award Courses,,domestic,,2024,178,bronze/education-higher-ed/education_he-student-enrolments-pivot_2024.xlsx
The University of Adelaide,Non-Award Courses,,international,,2020,35,bronze/education-higher-ed/education_he-student-enrolments-pivot_2024.xlsx
The University of Adelaide,Non-Award Courses,,international,,2021,14,bronze/education-higher-ed/education_he-student-enrolments-pivot_2024.xlsx
The University of Adelaide,Non-Award Courses,,international,,2022,41,bronze/education-higher-ed/education_he-student-enrolments-pivot_2024.xlsx
The University of Adelaide,Non-Award Courses,,international,,2023,68,bronze/education-higher-ed/education_he-student-enrolments-pivot_2024.xlsx
The University of Adelaide,Non-Award Courses,,international,,2024,68,bronze/education-higher-ed/education_he-student-enrolments-pivot_2024.xlsx
The University of Adelaide,Society and Culture,09,domestic,,2020,5132,bronze/education-higher-ed/education_he-student-enrolments-pivot_2024.xlsx
The University of Adelaide,Society and Culture,09,domestic,,2021,5631,bronze/education-higher-ed/education_he-student-enrolments-pivot_2024.xlsx
The University of Adelaide,Society and Culture,09,domestic,,2022,5875,bronze/education-higher-ed/education_he-student-enrolments-pivot_2024.xlsx
The University of Adelaide,Society and Culture,09,domestic,,2023,5797,bronze/education-higher-ed/education_he-student-enrolments-pivot_2024.xlsx
The University of Adelaide,Society and Culture,09,domestic,,2024,5364,bronze/education-higher-ed/education_he-student-enrolments-pivot_2024.xlsx
The University of Adelaide,Society and Culture,09,international,,2020,510,bronze/education-higher-ed/education_he-student-enrolments-pivot_2024.xlsx
The University of Adelaide,Society and Culture,09,international,,2021,520,bronze/education-higher-ed/education_he-student-enrolments-pivot_2024.xlsx
The University of Adelaide,Society and Culture,09,international,,2022,563,bronze/education-higher-ed/education_he-student-enrolments-pivot_2024.xlsx
The University of Adelaide,Society and Culture,09,international,,2023,552,bronze/education-higher-ed/education_he-student-enrolments-pivot_2024.xlsx
The University of Adelaide,Society and Culture,09,international,,2024,538,bronze/education-higher-ed/education_he-student-enrolments-pivot_2024.xlsx
The University of Melbourne,"Agriculture, Environmental and Related Studies",05,domestic,,2020,1274,bronze/education-higher-ed/education_he-student-enrolments-pivot_2024.xlsx
The University of Melbourne,"Agriculture, Environmental and Related Studies",05,domestic,,2021,1342,bronze/education-higher-ed/education_he-student-enrolments-pivot_2024.xlsx
The University of Melbourne,"Agriculture, Environmental and Related Studies",05,domestic,,2022,1193,bronze/education-higher-ed/education_he-student-enrolments-pivot_2024.xlsx
The University of Melbourne,"Agriculture, Environmental and Related Studies",05,domestic,,2023,1051,bronze/education-higher-ed/education_he-student-enrolments-pivot_2024.xlsx
The University of Melbourne,"Agriculture, Environmental and Related Studies",05,domestic,,2024,991,bronze/education-higher-ed/education_he-student-enrolments-pivot_2024.xlsx
The University of Melbourne,"Agriculture, Environmental and Related Studies",05,international,,2020,616,bronze/education-higher-ed/education_he-student-enrolments-pivot_2024.xlsx
The University of Melbourne,"Agriculture, Environmental and Related Studies",05,international,,2021,528,bronze/education-higher-ed/education_he-student-enrolments-pivot_2024.xlsx
The University of Melbourne,"Agriculture, Environmental and Related Studies",05,international,,2022,497,bronze/education-higher-ed/education_he-student-enrolments-pivot_2024.xlsx
The University of Melbourne,"Agriculture, Environmental and Related Studies",05,international,,2023,510,bronze/education-higher-ed/education_he-student-enrolments-pivot_2024.xlsx
The University of Melbourne,"Agriculture, Environmental and Related Studies",05,international,,2024,645,bronze/education-higher-ed/education_he-student-enrolments-pivot_2024.xlsx
The University of Melbourne,Architecture and Building,04,domestic,,2020,1968,bronze/education-higher-ed/education_he-student-enrolments-pivot_2024.xlsx
The University of Melbourne,Architecture and Building,04,domestic,,2021,2100,bronze/education-higher-ed/education_he-student-enrolments-pivot_2024.xlsx
The University of Melbourne,Architecture and Building,04,domestic,,2022,1989,bronze/education-higher-ed/education_he-student-enrolments-pivot_2024.xlsx
The University of Melbourne,Architecture and Building,04,domestic,,2023,2018,bronze/education-higher-ed/education_he-student-enrolments-pivot_2024.xlsx
The University of Melbourne,Architecture and Building,04,domestic,,2024,2130,bronze/education-higher-ed/education_he-student-enrolments-pivot_2024.xlsx
The University of Melbourne,Architecture and Building,04,international,,2020,2290,bronze/education-higher-ed/education_he-student-enrolments-pivot_2024.xlsx
The University of Melbourne,Architecture and Building,04,international,,2021,2158,bronze/education-higher-ed/education_he-student-enrolments-pivot_2024.xlsx
The University of Melbourne,Architecture and Building,04,international,,2022,1966,bronze/education-higher-ed/education_he-student-enrolments-pivot_2024.xlsx
The University of Melbourne,Architecture and Building,04,international,,2023,1976,bronze/education-higher-ed/education_he-student-enrolments-pivot_2024.xlsx
The University of Melbourne,Architecture and Building,04,international,,2024,1934,bronze/education-higher-ed/education_he-student-enrolments-pivot_2024.xlsx
The University of Melbourne,Creative Arts,10,domestic,,2020,2558,bronze/education-higher-ed/education_he-student-enrolments-pivot_2024.xlsx
The University of Melbourne,Creative Arts,10,domestic,,2021,2794,bronze/education-higher-ed/education_he-student-enrolments-pivot_2024.xlsx
The University of Melbourne,Creative Arts,10,domestic,,2022,2624,bronze/education-higher-ed/education_he-student-enrolments-pivot_2024.xlsx
The University of Melbourne,Creative Arts,10,domestic,,2023,2498,bronze/education-higher-ed/education_he-student-enrolments-pivot_2024.xlsx
The University of Melbourne,Creative Arts,10,domestic,,2024,2481,bronze/education-higher-ed/education_he-student-enrolments-pivot_2024.xlsx
The University of Melbourne,Creative Arts,10,international,,2020,1037,bronze/education-higher-ed/education_he-student-enrolments-pivot_2024.xlsx
The University of Melbourne,Creative Arts,10,international,,2021,926,bronze/education-higher-ed/education_he-student-enrolments-pivot_2024.xlsx
The University of Melbourne,Creative Arts,10,international,,2022,901,bronze/education-higher-ed/education_he-student-enrolments-pivot_2024.xlsx
The University of Melbourne,Creative Arts,10,international,,2023,1451,bronze/education-higher-ed/education_he-student-enrolments-pivot_2024.xlsx
The University of Melbourne,Creative Arts,10,international,,2024,1606,bronze/education-higher-ed/education_he-student-enrolments-pivot_2024.xlsx
The University of Melbourne,Education,07,domestic,,2020,2927,bronze/education-higher-ed/education_he-student-enrolments-pivot_2024.xlsx
The University of Melbourne,Education,07,domestic,,2021,3301,bronze/education-higher-ed/education_he-student-enrolments-pivot_2024.xlsx
The University of Melbourne,Education,07,domestic,,2022,3110,bronze/education-higher-ed/education_he-student-enrolments-pivot_2024.xlsx
The University of Melbourne,Education,07,domestic,,2023,2711,bronze/education-higher-ed/education_he-student-enrolments-pivot_2024.xlsx
The University of Melbourne,Education,07,domestic,,2024,2419,bronze/education-higher-ed/education_he-student-enrolments-pivot_2024.xlsx
The University of Melbourne,Education,07,international,,2020,847,bronze/education-higher-ed/education_he-student-enrolments-pivot_2024.xlsx
The University of Melbourne,Education,07,international,,2021,1076,bronze/education-higher-ed/education_he-student-enrolments-pivot_2024.xlsx
The University of Melbourne,Education,07,international,,2022,1223,bronze/education-higher-ed/education_he-student-enrolments-pivot_2024.xlsx
The University of Melbourne,Education,07,international,,2023,1403,bronze/education-higher-ed/education_he-student-enrolments-pivot_2024.xlsx
The University of Melbourne,Education,07,international,,2024,1921,bronze/education-higher-ed/education_he-student-enrolments-pivot_2024.xlsx
The University of Melbourne,Engineering and Related Technologies,03,domestic,,2020,1171,bronze/education-higher-ed/education_he-student-enrolments-pivot_2024.xlsx
The University of Melbourne,Engineering and Related Technologies,03,domestic,,2021,1122,bronze/education-higher-ed/education_he-student-enrolments-pivot_2024.xlsx
The University of Melbourne,Engineering and Related Technologies,03,domestic,,2022,1112,bronze/education-higher-ed/education_he-student-enrolments-pivot_2024.xlsx
The University of Melbourne,Engineering and Related Technologies,03,domestic,,2023,1065,bronze/education-higher-ed/education_he-student-enrolments-pivot_2024.xlsx
The University of Melbourne,Engineering and Related Technologies,03,domestic,,2024,1032,bronze/education-higher-ed/education_he-student-enrolments-pivot_2024.xlsx
The University of Melbourne,Engineering and Related Technologies,03,international,,2020,2389,bronze/education-higher-ed/education_he-student-enrolments-pivot_2024.xlsx
The University of Melbourne,Engineering and Related Technologies,03,international,,2021,2029,bronze/education-higher-ed/education_he-student-enrolments-pivot_2024.xlsx
The University of Melbourne,Engineering and Related Technologies,03,international,,2022,1779,bronze/education-higher-ed/education_he-student-enrolments-pivot_2024.xlsx
The University of Melbourne,Engineering and Related Technologies,03,international,,2023,1706,bronze/education-higher-ed/education_he-student-enrolments-pivot_2024.xlsx
The University of Melbourne,Engineering and Related Technologies,03,international,,2024,1709,bronze/education-higher-ed/education_he-student-enrolments-pivot_2024.xlsx
The University of Melbourne,Health,06,domestic,,2020,6165,bronze/education-higher-ed/education_he-student-enrolments-pivot_2024.xlsx
The University of Melbourne,Health,06,domestic,,2021,6530,bronze/education-higher-ed/education_he-student-enrolments-pivot_2024.xlsx
The University of Melbourne,Health,06,domestic,,2022,6576,bronze/education-higher-ed/education_he-student-enrolments-pivot_2024.xlsx
The University of Melbourne,Health,06,domestic,,2023,6563,bronze/education-higher-ed/education_he-student-enrolments-pivot_2024.xlsx
The University of Melbourne,Health,06,domestic,,2024,6563,bronze/education-higher-ed/education_he-student-enrolments-pivot_2024.xlsx
The University of Melbourne,Health,06,international,,2020,1430,bronze/education-higher-ed/education_he-student-enrolments-pivot_2024.xlsx
The University of Melbourne,Health,06,international,,2021,1417,bronze/education-higher-ed/education_he-student-enrolments-pivot_2024.xlsx
The University of Melbourne,Health,06,international,,2022,1517,bronze/education-higher-ed/education_he-student-enrolments-pivot_2024.xlsx
The University of Melbourne,Health,06,international,,2023,1703,bronze/education-higher-ed/education_he-student-enrolments-pivot_2024.xlsx
The University of Melbourne,Health,06,international,,2024,1956,bronze/education-higher-ed/education_he-student-enrolments-pivot_2024.xlsx
The University of Melbourne,Information Technology,02,domestic,,2020,497,bronze/education-higher-ed/education_he-student-enrolments-pivot_2024.xlsx
The University of Melbourne,Information Technology,02,domestic,,2021,574,bronze/education-higher-ed/education_he-student-enrolments-pivot_2024.xlsx
The University of Melbourne,Information Technology,02,domestic,,2022,610,bronze/education-higher-ed/education_he-student-enrolments-pivot_2024.xlsx
The University of Melbourne,Information Technology,02,domestic,,2023,548,bronze/education-higher-ed/education_he-student-enrolments-pivot_2024.xlsx
The University of Melbourne,Information Technology,02,domestic,,2024,604,bronze/education-higher-ed/education_he-student-enrolments-pivot_2024.xlsx
The University of Melbourne,Information Technology,02,international,,2020,2123,bronze/education-higher-ed/education_he-student-enrolments-pivot_2024.xlsx
The University of Melbourne,Information Technology,02,international,,2021,2110,bronze/education-higher-ed/education_he-student-enrolments-pivot_2024.xlsx
The University of Melbourne,Information Technology,02,international,,2022,2176,bronze/education-higher-ed/education_he-student-enrolments-pivot_2024.xlsx
The University of Melbourne,Information Technology,02,international,,2023,2275,bronze/education-higher-ed/education_he-student-enrolments-pivot_2024.xlsx
The University of Melbourne,Information Technology,02,international,,2024,2278,bronze/education-higher-ed/education_he-student-enrolments-pivot_2024.xlsx
The University of Melbourne,Management and Commerce,08,domestic,,2020,5876,bronze/education-higher-ed/education_he-student-enrolments-pivot_2024.xlsx
The University of Melbourne,Management and Commerce,08,domestic,,2021,5889,bronze/education-higher-ed/education_he-student-enrolments-pivot_2024.xlsx
The University of Melbourne,Management and Commerce,08,domestic,,2022,5646,bronze/education-higher-ed/education_he-student-enrolments-pivot_2024.xlsx
The University of Melbourne,Management and Commerce,08,domestic,,2023,5670,bronze/education-higher-ed/education_he-student-enrolments-pivot_2024.xlsx
The University of Melbourne,Management and Commerce,08,domestic,,2024,5931,bronze/education-higher-ed/education_he-student-enrolments-pivot_2024.xlsx
The University of Melbourne,Management and Commerce,08,international,,2020,6830,bronze/education-higher-ed/education_he-student-enrolments-pivot_2024.xlsx
The University of Melbourne,Management and Commerce,08,international,,2021,6573,bronze/education-higher-ed/education_he-student-enrolments-pivot_2024.xlsx
The University of Melbourne,Management and Commerce,08,international,,2022,6795,bronze/education-higher-ed/education_he-student-enrolments-pivot_2024.xlsx
The University of Melbourne,Management and Commerce,08,international,,2023,7933,bronze/education-higher-ed/education_he-student-enrolments-pivot_2024.xlsx
The University of Melbourne,Management and Commerce,08,international,,2024,8920,bronze/education-higher-ed/education_he-student-enrolments-pivot_2024.xlsx
The University of Melbourne,Natural and Physical Sciences,01,domestic,,2020,9686,bronze/education-higher-ed/education_he-student-enrolments-pivot_2024.xlsx
The University of Melbourne,Natural and Physical Sciences,01,domestic,,2021,10166,bronze/education-higher-ed/education_he-student-enrolments-pivot_2024.xlsx
The University of Melbourne,Natural and Physical Sciences,01,domestic,,2022,9953,bronze/education-higher-ed/education_he-student-enrolments-pivot_2024.xlsx
The University of Melbourne,Natural and Physical Sciences,01,domestic,,2023,10106,bronze/education-higher-ed/education_he-student-enrolments-pivot_2024.xlsx
The University of Melbourne,Natural and Physical Sciences,01,domestic,,2024,10441,bronze/education-higher-ed/education_he-student-enrolments-pivot_2024.xlsx
The University of Melbourne,Natural and Physical Sciences,01,international,,2020,5790,bronze/education-higher-ed/education_he-student-enrolments-pivot_2024.xlsx
The University of Melbourne,Natural and Physical Sciences,01,international,,2021,5943,bronze/education-higher-ed/education_he-student-enrolments-pivot_2024.xlsx
The University of Melbourne,Natural and Physical Sciences,01,international,,2022,5917,bronze/education-higher-ed/education_he-student-enrolments-pivot_2024.xlsx
The University of Melbourne,Natural and Physical Sciences,01,international,,2023,5925,bronze/education-higher-ed/education_he-student-enrolments-pivot_2024.xlsx
The University of Melbourne,Natural and Physical Sciences,01,international,,2024,6258,bronze/education-higher-ed/education_he-student-enrolments-pivot_2024.xlsx
The University of Melbourne,Non-Award Courses,,domestic,,2020,227,bronze/education-higher-ed/education_he-student-enrolments-pivot_2024.xlsx
The University of Melbourne,Non-Award Courses,,domestic,,2021,227,bronze/education-higher-ed/education_he-student-enrolments-pivot_2024.xlsx
The University of Melbourne,Non-Award Courses,,domestic,,2022,199,bronze/education-higher-ed/education_he-student-enrolments-pivot_2024.xlsx
The University of Melbourne,Non-Award Courses,,domestic,,2023,187,bronze/education-higher-ed/education_he-student-enrolments-pivot_2024.xlsx
The University of Melbourne,Non-Award Courses,,domestic,,2024,229,bronze/education-higher-ed/education_he-student-enrolments-pivot_2024.xlsx
The University of Melbourne,Non-Award Courses,,international,,2020,267,bronze/education-higher-ed/education_he-student-enrolments-pivot_2024.xlsx
The University of Melbourne,Non-Award Courses,,international,,2021,55,bronze/education-higher-ed/education_he-student-enrolments-pivot_2024.xlsx
The University of Melbourne,Non-Award Courses,,international,,2022,177,bronze/education-higher-ed/education_he-student-enrolments-pivot_2024.xlsx
The University of Melbourne,Non-Award Courses,,international,,2023,417,bronze/education-higher-ed/education_he-student-enrolments-pivot_2024.xlsx
The University of Melbourne,Non-Award Courses,,international,,2024,548,bronze/education-higher-ed/education_he-student-enrolments-pivot_2024.xlsx
The University of Melbourne,Society and Culture,09,domestic,,2020,10305,bronze/education-higher-ed/education_he-student-enrolments-pivot_2024.xlsx
The University of Melbourne,Society and Culture,09,domestic,,2021,10553,bronze/education-higher-ed/education_he-student-enrolments-pivot_2024.xlsx
The University of Melbourne,Society and Culture,09,domestic,,2022,10253,bronze/education-higher-ed/education_he-student-enrolments-pivot_2024.xlsx
The University of Melbourne,Society and Culture,09,domestic,,2023,9803,bronze/education-higher-ed/education_he-student-enrolments-pivot_2024.xlsx
The University of Melbourne,Society and Culture,09,domestic,,2024,9764,bronze/education-higher-ed/education_he-student-enrolments-pivot_2024.xlsx
The University of Melbourne,Society and Culture,09,international,,2020,3635,bronze/education-higher-ed/education_he-student-enrolments-pivot_2024.xlsx
The University of Melbourne,Society and Culture,09,international,,2021,3679,bronze/education-higher-ed/education_he-student-enrolments-pivot_2024.xlsx
The University of Melbourne,Society and Culture,09,international,,2022,3933,bronze/education-higher-ed/education_he-student-enrolments-pivot_2024.xlsx
The University of Melbourne,Society and Culture,09,international,,2023,4725,bronze/education-higher-ed/education_he-student-enrolments-pivot_2024.xlsx
The University of Melbourne,Society and Culture,09,international,,2024,5212,bronze/education-higher-ed/education_he-student-enrolments-pivot_2024.xlsx
The University of New England,"Agriculture, Environmental and Related Studies",05,domestic,,2020,1294,bronze/education-higher-ed/education_he-student-enrolments-pivot_2024.xlsx
The University of New England,"Agriculture, Environmental and Related Studies",05,domestic,,2021,1167,bronze/education-higher-ed/education_he-student-enrolments-pivot_2024.xlsx
The University of New England,"Agriculture, Environmental and Related Studies",05,domestic,,2022,1131,bronze/education-higher-ed/education_he-student-enrolments-pivot_2024.xlsx
The University of New England,"Agriculture, Environmental and Related Studies",05,domestic,,2023,1127,bronze/education-higher-ed/education_he-student-enrolments-pivot_2024.xlsx
The University of New England,"Agriculture, Environmental and Related Studies",05,domestic,,2024,1056,bronze/education-higher-ed/education_he-student-enrolments-pivot_2024.xlsx
The University of New England,"Agriculture, Environmental and Related Studies",05,international,,2020,259,bronze/education-higher-ed/education_he-student-enrolments-pivot_2024.xlsx
The University of New England,"Agriculture, Environmental and Related Studies",05,international,,2021,182,bronze/education-higher-ed/education_he-student-enrolments-pivot_2024.xlsx
The University of New England,"Agriculture, Environmental and Related Studies",05,international,,2022,197,bronze/education-higher-ed/education_he-student-enrolments-pivot_2024.xlsx
The University of New England,"Agriculture, Environmental and Related Studies",05,international,,2023,310,bronze/education-higher-ed/education_he-student-enrolments-pivot_2024.xlsx
The University of New England,"Agriculture, Environmental and Related Studies",05,international,,2024,240,bronze/education-higher-ed/education_he-student-enrolments-pivot_2024.xlsx
The University of New England,Architecture and Building,04,domestic,,2020,327,bronze/education-higher-ed/education_he-student-enrolments-pivot_2024.xlsx
The University of New England,Architecture and Building,04,domestic,,2021,375,bronze/education-higher-ed/education_he-student-enrolments-pivot_2024.xlsx
The University of New England,Architecture and Building,04,domestic,,2022,405,bronze/education-higher-ed/education_he-student-enrolments-pivot_2024.xlsx
The University of New England,Architecture and Building,04,domestic,,2023,423,bronze/education-higher-ed/education_he-student-enrolments-pivot_2024.xlsx
The University of New England,Architecture and Building,04,domestic,,2024,425,bronze/education-higher-ed/education_he-student-enrolments-pivot_2024.xlsx
The University of New England,Architecture and Building,04,international,,2020,0,bronze/education-higher-ed/education_he-student-enrolments-pivot_2024.xlsx
The University of New England,Architecture and Building,04,international,,2021,0,bronze/education-higher-ed/education_he-student-enrolments-pivot_2024.xlsx
The University of New England,Architecture and Building,04,international,,2022,2,bronze/education-higher-ed/education_he-student-enrolments-pivot_2024.xlsx
The University of New England,Architecture and Building,04,international,,2023,10,bronze/education-higher-ed/education_he-student-enrolments-pivot_2024.xlsx
The University of New England,Architecture and Building,04,international,,2024,3,bronze/education-higher-ed/education_he-student-enrolments-pivot_2024.xlsx
The University of New England,Creative Arts,10,domestic,,2020,326,bronze/education-higher-ed/education_he-student-enrolments-pivot_2024.xlsx
The University of New England,Creative Arts,10,domestic,,2021,289,bronze/education-higher-ed/education_he-student-enrolments-pivot_2024.xlsx
The University of New England,Creative Arts,10,domestic,,2022,263,bronze/education-higher-ed/education_he-student-enrolments-pivot_2024.xlsx
The University of New England,Creative Arts,10,domestic,,2023,204,bronze/education-higher-ed/education_he-student-enrolments-pivot_2024.xlsx
The University of New England,Creative Arts,10,domestic,,2024,215,bronze/education-higher-ed/education_he-student-enrolments-pivot_2024.xlsx
The University of New England,Creative Arts,10,international,,2020,0,bronze/education-higher-ed/education_he-student-enrolments-pivot_2024.xlsx
The University of New England,Creative Arts,10,international,,2021,2,bronze/education-higher-ed/education_he-student-enrolments-pivot_2024.xlsx
The University of New England,Creative Arts,10,international,,2022,3,bronze/education-higher-ed/education_he-student-enrolments-pivot_2024.xlsx
The University of New England,Education,07,domestic,,2020,4826,bronze/education-higher-ed/education_he-student-enrolments-pivot_2024.xlsx
The University of New England,Education,07,domestic,,2021,4968,bronze/education-higher-ed/education_he-student-enrolments-pivot_2024.xlsx
The University of New England,Education,07,domestic,,2022,4553,bronze/education-higher-ed/education_he-student-enrolments-pivot_2024.xlsx
The University of New England,Education,07,domestic,,2023,4278,bronze/education-higher-ed/education_he-student-enrolments-pivot_2024.xlsx
The University of New England,Education,07,domestic,,2024,3939,bronze/education-higher-ed/education_he-student-enrolments-pivot_2024.xlsx
The University of New England,Education,07,international,,2020,27,bronze/education-higher-ed/education_he-student-enrolments-pivot_2024.xlsx
The University of New England,Education,07,international,,2021,39,bronze/education-higher-ed/education_he-student-enrolments-pivot_2024.xlsx
The University of New England,Education,07,international,,2022,38,bronze/education-higher-ed/education_he-student-enrolments-pivot_2024.xlsx
The University of New England,Education,07,international,,2023,34,bronze/education-higher-ed/education_he-student-enrolments-pivot_2024.xlsx
The University of New England,Education,07,international,,2024,31,bronze/education-higher-ed/education_he-student-enrolments-pivot_2024.xlsx
The University of New England,Engineering and Related Technologies,03,domestic,,2020,2,bronze/education-higher-ed/education_he-student-enrolments-pivot_2024.xlsx
The University of New England,Engineering and Related Technologies,03,domestic,,2021,0,bronze/education-higher-ed/education_he-student-enrolments-pivot_2024.xlsx
The University of New England,Engineering and Related Technologies,03,international,,2024,5,bronze/education-higher-ed/education_he-student-enrolments-pivot_2024.xlsx
The University of New England,Health,06,domestic,,2020,1456,bronze/education-higher-ed/education_he-student-enrolments-pivot_2024.xlsx
The University of New England,Health,06,domestic,,2021,1463,bronze/education-higher-ed/education_he-student-enrolments-pivot_2024.xlsx
The University of New England,Health,06,domestic,,2022,1363,bronze/education-higher-ed/education_he-student-enrolments-pivot_2024.xlsx
The University of New England,Health,06,domestic,,2023,1232,bronze/education-higher-ed/education_he-student-enrolments-pivot_2024.xlsx
The University of New England,Health,06,domestic,,2024,1223,bronze/education-higher-ed/education_he-student-enrolments-pivot_2024.xlsx
The University of New England,Health,06,international,,2020,414,bronze/education-higher-ed/education_he-student-enrolments-pivot_2024.xlsx
The University of New England,Health,06,international,,2021,364,bronze/education-higher-ed/education_he-student-enrolments-pivot_2024.xlsx
The University of New England,Health,06,international,,2022,270,bronze/education-higher-ed/education_he-student-enrolments-pivot_2024.xlsx
The University of New England,Health,06,international,,2023,332,bronze/education-higher-ed/education_he-student-enrolments-pivot_2024.xlsx
The University of New England,Health,06,international,,2024,274,bronze/education-higher-ed/education_he-student-enrolments-pivot_2024.xlsx
The University of New England,Information Technology,02,domestic,,2020,569,bronze/education-higher-ed/education_he-student-enrolments-pivot_2024.xlsx
The University of New England,Information Technology,02,domestic,,2021,568,bronze/education-higher-ed/education_he-student-enrolments-pivot_2024.xlsx
The University of New England,Information Technology,02,domestic,,2022,617,bronze/education-higher-ed/education_he-student-enrolments-pivot_2024.xlsx
The University of New England,Information Technology,02,domestic,,2023,612,bronze/education-higher-ed/education_he-student-enrolments-pivot_2024.xlsx
The University of New England,Information Technology,02,domestic,,2024,617,bronze/education-higher-ed/education_he-student-enrolments-pivot_2024.xlsx
The University of New England,Information Technology,02,international,,2020,71,bronze/education-higher-ed/education_he-student-enrolments-pivot_2024.xlsx
The University of New England,Information Technology,02,international,,2021,42,bronze/education-higher-ed/education_he-student-enrolments-pivot_2024.xlsx
The University of New England,Information Technology,02,international,,2022,90,bronze/education-higher-ed/education_he-student-enrolments-pivot_2024.xlsx
The University of New England,Information Technology,02,international,,2023,138,bronze/education-higher-ed/education_he-student-enrolments-pivot_2024.xlsx
The University of New England,Information Technology,02,international,,2024,118,bronze/education-higher-ed/education_he-student-enrolments-pivot_2024.xlsx
The University of New England,Management and Commerce,08,domestic,,2020,2596,bronze/education-higher-ed/education_he-student-enrolments-pivot_2024.xlsx
The University of New England,Management and Commerce,08,domestic,,2021,2343,bronze/education-higher-ed/education_he-student-enrolments-pivot_2024.xlsx
The University of New England,Management and Commerce,08,domestic,,2022,1893,bronze/education-higher-ed/education_he-student-enrolments-pivot_2024.xlsx
The University of New England,Management and Commerce,08,domestic,,2023,1657,bronze/education-higher-ed/education_he-student-enrolments-pivot_2024.xlsx
The University of New England,Management and Commerce,08,domestic,,2024,1526,bronze/education-higher-ed/education_he-student-enrolments-pivot_2024.xlsx
The University of New England,Management and Commerce,08,international,,2020,448,bronze/education-higher-ed/education_he-student-enrolments-pivot_2024.xlsx
The University of New England,Management and Commerce,08,international,,2021,297,bronze/education-higher-ed/education_he-student-enrolments-pivot_2024.xlsx
The University of New England,Management and Commerce,08,international,,2022,182,bronze/education-higher-ed/education_he-student-enrolments-pivot_2024.xlsx
The University of New England,Management and Commerce,08,international,,2023,347,bronze/education-higher-ed/education_he-student-enrolments-pivot_2024.xlsx
The University of New England,Management and Commerce,08,international,,2024,232,bronze/education-higher-ed/education_he-student-enrolments-pivot_2024.xlsx
The University of New England,Mixed Field Programmes,12,domestic,,2020,692,bronze/education-higher-ed/education_he-student-enrolments-pivot_2024.xlsx
The University of New England,Mixed Field Programmes,12,domestic,,2021,595,bronze/education-higher-ed/education_he-student-enrolments-pivot_2024.xlsx
The University of New England,Mixed Field Programmes,12,domestic,,2022,481,bronze/education-higher-ed/education_he-student-enrolments-pivot_2024.xlsx
The University of New England,Mixed Field Programmes,12,domestic,,2023,346,bronze/education-higher-ed/education_he-student-enrolments-pivot_2024.xlsx
The University of New England,Mixed Field Programmes,12,domestic,,2024,303,bronze/education-higher-ed/education_he-student-enrolments-pivot_2024.xlsx
The University of New England,Natural and Physical Sciences,01,domestic,,2020,2028,bronze/education-higher-ed/education_he-student-enrolments-pivot_2024.xlsx
The University of New England,Natural and Physical Sciences,01,domestic,,2021,2007,bronze/education-higher-ed/education_he-student-enrolments-pivot_2024.xlsx
The University of New England,Natural and Physical Sciences,01,domestic,,2022,1861,bronze/education-higher-ed/education_he-student-enrolments-pivot_2024.xlsx
The University of New England,Natural and Physical Sciences,01,domestic,,2023,1880,bronze/education-higher-ed/education_he-student-enrolments-pivot_2024.xlsx
The University of New England,Natural and Physical Sciences,01,domestic,,2024,2094,bronze/education-higher-ed/education_he-student-enrolments-pivot_2024.xlsx
The University of New England,Natural and Physical Sciences,01,international,,2020,11,bronze/education-higher-ed/education_he-student-enrolments-pivot_2024.xlsx
The University of New England,Natural and Physical Sciences,01,international,,2021,10,bronze/education-higher-ed/education_he-student-enrolments-pivot_2024.xlsx
The University of New England,Natural and Physical Sciences,01,international,,2022,15,bronze/education-higher-ed/education_he-student-enrolments-pivot_2024.xlsx
The University of New England,Natural and Physical Sciences,01,international,,2023,56,bronze/education-higher-ed/education_he-student-enrolments-pivot_2024.xlsx
The University of New England,Natural and Physical Sciences,01,international,,2024,72,bronze/education-higher-ed/education_he-student-enrolments-pivot_2024.xlsx
The University of New England,Non-Award Courses,,domestic,,2020,73,bronze/education-higher-ed/education_he-student-enrolments-pivot_2024.xlsx
The University of New England,Non-Award Courses,,domestic,,2021,57,bronze/education-higher-ed/education_he-student-enrolments-pivot_2024.xlsx
The University of New England,Non-Award Courses,,domestic,,2022,38,bronze/education-higher-ed/education_he-student-enrolments-pivot_2024.xlsx
The University of New England,Non-Award Courses,,domestic,,2023,34,bronze/education-higher-ed/education_he-student-enrolments-pivot_2024.xlsx
The University of New England,Non-Award Courses,,domestic,,2024,35,bronze/education-higher-ed/education_he-student-enrolments-pivot_2024.xlsx
The University of New England,Non-Award Courses,,international,,2020,157,bronze/education-higher-ed/education_he-student-enrolments-pivot_2024.xlsx
The University of New England,Non-Award Courses,,international,,2021,133,bronze/education-higher-ed/education_he-student-enrolments-pivot_2024.xlsx
The University of New England,Non-Award Courses,,international,,2022,98,bronze/education-higher-ed/education_he-student-enrolments-pivot_2024.xlsx
The University of New England,Non-Award Courses,,international,,2023,80,bronze/education-higher-ed/education_he-student-enrolments-pivot_2024.xlsx
The University of New England,Non-Award Courses,,international,,2024,75,bronze/education-higher-ed/education_he-student-enrolments-pivot_2024.xlsx
The University of New England,Society and Culture,09,domestic,,2020,9189,bronze/education-higher-ed/education_he-student-enrolments-pivot_2024.xlsx
The University of New England,Society and Culture,09,domestic,,2021,8686,bronze/education-higher-ed/education_he-student-enrolments-pivot_2024.xlsx
The University of New England,Society and Culture,09,domestic,,2022,7719,bronze/education-higher-ed/education_he-student-enrolments-pivot_2024.xlsx
The University of New England,Society and Culture,09,domestic,,2023,6919,bronze/education-higher-ed/education_he-student-enrolments-pivot_2024.xlsx
The University of New England,Society and Culture,09,domestic,,2024,6791,bronze/education-higher-ed/education_he-student-enrolments-pivot_2024.xlsx
The University of New England,Society and Culture,09,international,,2020,97,bronze/education-higher-ed/education_he-student-enrolments-pivot_2024.xlsx
The University of New England,Society and Culture,09,international,,2021,130,bronze/education-higher-ed/education_he-student-enrolments-pivot_2024.xlsx
The University of New England,Society and Culture,09,international,,2022,113,bronze/education-higher-ed/education_he-student-enrolments-pivot_2024.xlsx
The University of New England,Society and Culture,09,international,,2023,104,bronze/education-higher-ed/education_he-student-enrolments-pivot_2024.xlsx
The University of New England,Society and Culture,09,international,,2024,113,bronze/education-higher-ed/education_he-student-enrolments-pivot_2024.xlsx
The University of Newcastle,"Agriculture, Environmental and Related Studies",05,domestic,,2020,628,bronze/education-higher-ed/education_he-student-enrolments-pivot_2024.xlsx
The University of Newcastle,"Agriculture, Environmental and Related Studies",05,domestic,,2021,711,bronze/education-higher-ed/education_he-student-enrolments-pivot_2024.xlsx
The University of Newcastle,"Agriculture, Environmental and Related Studies",05,domestic,,2022,700,bronze/education-higher-ed/education_he-student-enrolments-pivot_2024.xlsx
The University of Newcastle,"Agriculture, Environmental and Related Studies",05,domestic,,2023,636,bronze/education-higher-ed/education_he-student-enrolments-pivot_2024.xlsx
The University of Newcastle,"Agriculture, Environmental and Related Studies",05,domestic,,2024,668,bronze/education-higher-ed/education_he-student-enrolments-pivot_2024.xlsx
The University of Newcastle,"Agriculture, Environmental and Related Studies",05,international,,2020,50,bronze/education-higher-ed/education_he-student-enrolments-pivot_2024.xlsx
The University of Newcastle,"Agriculture, Environmental and Related Studies",05,international,,2021,46,bronze/education-higher-ed/education_he-student-enrolments-pivot_2024.xlsx
The University of Newcastle,"Agriculture, Environmental and Related Studies",05,international,,2022,51,bronze/education-higher-ed/education_he-student-enrolments-pivot_2024.xlsx
The University of Newcastle,"Agriculture, Environmental and Related Studies",05,international,,2023,46,bronze/education-higher-ed/education_he-student-enrolments-pivot_2024.xlsx
The University of Newcastle,"Agriculture, Environmental and Related Studies",05,international,,2024,46,bronze/education-higher-ed/education_he-student-enrolments-pivot_2024.xlsx
The University of Newcastle,Architecture and Building,04,domestic,,2020,1657,bronze/education-higher-ed/education_he-student-enrolments-pivot_2024.xlsx
The University of Newcastle,Architecture and Building,04,domestic,,2021,1615,bronze/education-higher-ed/education_he-student-enrolments-pivot_2024.xlsx
The University of Newcastle,Architecture and Building,04,domestic,,2022,1491,bronze/education-higher-ed/education_he-student-enrolments-pivot_2024.xlsx
The University of Newcastle,Architecture and Building,04,domestic,,2023,1277,bronze/education-higher-ed/education_he-student-enrolments-pivot_2024.xlsx
The University of Newcastle,Architecture and Building,04,domestic,,2024,1206,bronze/education-higher-ed/education_he-student-enrolments-pivot_2024.xlsx
The University of Newcastle,Architecture and Building,04,international,,2020,359,bronze/education-higher-ed/education_he-student-enrolments-pivot_2024.xlsx
The University of Newcastle,Architecture and Building,04,international,,2021,292,bronze/education-higher-ed/education_he-student-enrolments-pivot_2024.xlsx
The University of Newcastle,Architecture and Building,04,international,,2022,259,bronze/education-higher-ed/education_he-student-enrolments-pivot_2024.xlsx
The University of Newcastle,Architecture and Building,04,international,,2023,302,bronze/education-higher-ed/education_he-student-enrolments-pivot_2024.xlsx
The University of Newcastle,Architecture and Building,04,international,,2024,251,bronze/education-higher-ed/education_he-student-enrolments-pivot_2024.xlsx
The University of Newcastle,Creative Arts,10,domestic,,2020,1393,bronze/education-higher-ed/education_he-student-enrolments-pivot_2024.xlsx
The University of Newcastle,Creative Arts,10,domestic,,2021,1158,bronze/education-higher-ed/education_he-student-enrolments-pivot_2024.xlsx
The University of Newcastle,Creative Arts,10,domestic,,2022,1000,bronze/education-higher-ed/education_he-student-enrolments-pivot_2024.xlsx
The University of Newcastle,Creative Arts,10,domestic,,2023,921,bronze/education-higher-ed/education_he-student-enrolments-pivot_2024.xlsx
The University of Newcastle,Creative Arts,10,domestic,,2024,872,bronze/education-higher-ed/education_he-student-enrolments-pivot_2024.xlsx
The University of Newcastle,Creative Arts,10,international,,2020,95,bronze/education-higher-ed/education_he-student-enrolments-pivot_2024.xlsx
The University of Newcastle,Creative Arts,10,international,,2021,153,bronze/education-higher-ed/education_he-student-enrolments-pivot_2024.xlsx
The University of Newcastle,Creative Arts,10,international,,2022,212,bronze/education-higher-ed/education_he-student-enrolments-pivot_2024.xlsx
The University of Newcastle,Creative Arts,10,international,,2023,249,bronze/education-higher-ed/education_he-student-enrolments-pivot_2024.xlsx
The University of Newcastle,Creative Arts,10,international,,2024,363,bronze/education-higher-ed/education_he-student-enrolments-pivot_2024.xlsx
The University of Newcastle,Education,07,domestic,,2020,4532,bronze/education-higher-ed/education_he-student-enrolments-pivot_2024.xlsx
The University of Newcastle,Education,07,domestic,,2021,4782,bronze/education-higher-ed/education_he-student-enrolments-pivot_2024.xlsx
The University of Newcastle,Education,07,domestic,,2022,4361,bronze/education-higher-ed/education_he-student-enrolments-pivot_2024.xlsx
The University of Newcastle,Education,07,domestic,,2023,3956,bronze/education-higher-ed/education_he-student-enrolments-pivot_2024.xlsx
The University of Newcastle,Education,07,domestic,,2024,4172,bronze/education-higher-ed/education_he-student-enrolments-pivot_2024.xlsx
The University of Newcastle,Education,07,international,,2020,116,bronze/education-higher-ed/education_he-student-enrolments-pivot_2024.xlsx
The University of Newcastle,Education,07,international,,2021,99,bronze/education-higher-ed/education_he-student-enrolments-pivot_2024.xlsx
The University of Newcastle,Education,07,international,,2022,130,bronze/education-higher-ed/education_he-student-enrolments-pivot_2024.xlsx
The University of Newcastle,Education,07,international,,2023,158,bronze/education-higher-ed/education_he-student-enrolments-pivot_2024.xlsx
The University of Newcastle,Education,07,international,,2024,142,bronze/education-higher-ed/education_he-student-enrolments-pivot_2024.xlsx
The University of Newcastle,Engineering and Related Technologies,03,domestic,,2020,2043,bronze/education-higher-ed/education_he-student-enrolments-pivot_2024.xlsx
The University of Newcastle,Engineering and Related Technologies,03,domestic,,2021,2186,bronze/education-higher-ed/education_he-student-enrolments-pivot_2024.xlsx
The University of Newcastle,Engineering and Related Technologies,03,domestic,,2022,2157,bronze/education-higher-ed/education_he-student-enrolments-pivot_2024.xlsx
The University of Newcastle,Engineering and Related Technologies,03,domestic,,2023,2096,bronze/education-higher-ed/education_he-student-enrolments-pivot_2024.xlsx
The University of Newcastle,Engineering and Related Technologies,03,domestic,,2024,2070,bronze/education-higher-ed/education_he-student-enrolments-pivot_2024.xlsx
The University of Newcastle,Engineering and Related Technologies,03,international,,2020,680,bronze/education-higher-ed/education_he-student-enrolments-pivot_2024.xlsx
The University of Newcastle,Engineering and Related Technologies,03,international,,2021,592,bronze/education-higher-ed/education_he-student-enrolments-pivot_2024.xlsx
The University of Newcastle,Engineering and Related Technologies,03,international,,2022,544,bronze/education-higher-ed/education_he-student-enrolments-pivot_2024.xlsx
The University of Newcastle,Engineering and Related Technologies,03,international,,2023,497,bronze/education-higher-ed/education_he-student-enrolments-pivot_2024.xlsx
The University of Newcastle,Engineering and Related Technologies,03,international,,2024,393,bronze/education-higher-ed/education_he-student-enrolments-pivot_2024.xlsx
The University of Newcastle,Health,06,domestic,,2020,7731,bronze/education-higher-ed/education_he-student-enrolments-pivot_2024.xlsx
The University of Newcastle,Health,06,domestic,,2021,8104,bronze/education-higher-ed/education_he-student-enrolments-pivot_2024.xlsx
The University of Newcastle,Health,06,domestic,,2022,7810,bronze/education-higher-ed/education_he-student-enrolments-pivot_2024.xlsx
The University of Newcastle,Health,06,domestic,,2023,7718,bronze/education-higher-ed/education_he-student-enrolments-pivot_2024.xlsx
The University of Newcastle,Health,06,domestic,,2024,8641,bronze/education-higher-ed/education_he-student-enrolments-pivot_2024.xlsx
The University of Newcastle,Health,06,international,,2020,911,bronze/education-higher-ed/education_he-student-enrolments-pivot_2024.xlsx
The University of Newcastle,Health,06,international,,2021,754,bronze/education-higher-ed/education_he-student-enrolments-pivot_2024.xlsx
The University of Newcastle,Health,06,international,,2022,747,bronze/education-higher-ed/education_he-student-enrolments-pivot_2024.xlsx
The University of Newcastle,Health,06,international,,2023,711,bronze/education-higher-ed/education_he-student-enrolments-pivot_2024.xlsx
The University of Newcastle,Health,06,international,,2024,758,bronze/education-higher-ed/education_he-student-enrolments-pivot_2024.xlsx
The University of Newcastle,Information Technology,02,domestic,,2020,820,bronze/education-higher-ed/education_he-student-enrolments-pivot_2024.xlsx
The University of Newcastle,Information Technology,02,domestic,,2021,803,bronze/education-higher-ed/education_he-student-enrolments-pivot_2024.xlsx
The University of Newcastle,Information Technology,02,domestic,,2022,789,bronze/education-higher-ed/education_he-student-enrolments-pivot_2024.xlsx
The University of Newcastle,Information Technology,02,domestic,,2023,789,bronze/education-higher-ed/education_he-student-enrolments-pivot_2024.xlsx
The University of Newcastle,Information Technology,02,domestic,,2024,755,bronze/education-higher-ed/education_he-student-enrolments-pivot_2024.xlsx
The University of Newcastle,Information Technology,02,international,,2020,348,bronze/education-higher-ed/education_he-student-enrolments-pivot_2024.xlsx
The University of Newcastle,Information Technology,02,international,,2021,329,bronze/education-higher-ed/education_he-student-enrolments-pivot_2024.xlsx
The University of Newcastle,Information Technology,02,international,,2022,424,bronze/education-higher-ed/education_he-student-enrolments-pivot_2024.xlsx
The University of Newcastle,Information Technology,02,international,,2023,684,bronze/education-higher-ed/education_he-student-enrolments-pivot_2024.xlsx
The University of Newcastle,Information Technology,02,international,,2024,689,bronze/education-higher-ed/education_he-student-enrolments-pivot_2024.xlsx
The University of Newcastle,Management and Commerce,08,domestic,,2020,2509,bronze/education-higher-ed/education_he-student-enrolments-pivot_2024.xlsx
The University of Newcastle,Management and Commerce,08,domestic,,2021,2373,bronze/education-higher-ed/education_he-student-enrolments-pivot_2024.xlsx
The University of Newcastle,Management and Commerce,08,domestic,,2022,2124,bronze/education-higher-ed/education_he-student-enrolments-pivot_2024.xlsx
The University of Newcastle,Management and Commerce,08,domestic,,2023,1910,bronze/education-higher-ed/education_he-student-enrolments-pivot_2024.xlsx
The University of Newcastle,Management and Commerce,08,domestic,,2024,1721,bronze/education-higher-ed/education_he-student-enrolments-pivot_2024.xlsx
The University of Newcastle,Management and Commerce,08,international,,2020,2378,bronze/education-higher-ed/education_he-student-enrolments-pivot_2024.xlsx
The University of Newcastle,Management and Commerce,08,international,,2021,2067,bronze/education-higher-ed/education_he-student-enrolments-pivot_2024.xlsx
The University of Newcastle,Management and Commerce,08,international,,2022,2122,bronze/education-higher-ed/education_he-student-enrolments-pivot_2024.xlsx
The University of Newcastle,Management and Commerce,08,international,,2023,2491,bronze/education-higher-ed/education_he-student-enrolments-pivot_2024.xlsx
The University of Newcastle,Management and Commerce,08,international,,2024,2468,bronze/education-higher-ed/education_he-student-enrolments-pivot_2024.xlsx
The University of Newcastle,Natural and Physical Sciences,01,domestic,,2020,1695,bronze/education-higher-ed/education_he-student-enrolments-pivot_2024.xlsx
The University of Newcastle,Natural and Physical Sciences,01,domestic,,2021,1807,bronze/education-higher-ed/education_he-student-enrolments-pivot_2024.xlsx
The University of Newcastle,Natural and Physical Sciences,01,domestic,,2022,1763,bronze/education-higher-ed/education_he-student-enrolments-pivot_2024.xlsx
The University of Newcastle,Natural and Physical Sciences,01,domestic,,2023,1570,bronze/education-higher-ed/education_he-student-enrolments-pivot_2024.xlsx
The University of Newcastle,Natural and Physical Sciences,01,domestic,,2024,1556,bronze/education-higher-ed/education_he-student-enrolments-pivot_2024.xlsx
The University of Newcastle,Natural and Physical Sciences,01,international,,2020,159,bronze/education-higher-ed/education_he-student-enrolments-pivot_2024.xlsx
The University of Newcastle,Natural and Physical Sciences,01,international,,2021,151,bronze/education-higher-ed/education_he-student-enrolments-pivot_2024.xlsx
The University of Newcastle,Natural and Physical Sciences,01,international,,2022,147,bronze/education-higher-ed/education_he-student-enrolments-pivot_2024.xlsx
The University of Newcastle,Natural and Physical Sciences,01,international,,2023,224,bronze/education-higher-ed/education_he-student-enrolments-pivot_2024.xlsx
The University of Newcastle,Natural and Physical Sciences,01,international,,2024,252,bronze/education-higher-ed/education_he-student-enrolments-pivot_2024.xlsx
The University of Newcastle,Non-Award Courses,,domestic,,2020,135,bronze/education-higher-ed/education_he-student-enrolments-pivot_2024.xlsx
The University of Newcastle,Non-Award Courses,,domestic,,2021,115,bronze/education-higher-ed/education_he-student-enrolments-pivot_2024.xlsx
The University of Newcastle,Non-Award Courses,,domestic,,2022,138,bronze/education-higher-ed/education_he-student-enrolments-pivot_2024.xlsx
The University of Newcastle,Non-Award Courses,,domestic,,2023,118,bronze/education-higher-ed/education_he-student-enrolments-pivot_2024.xlsx
The University of Newcastle,Non-Award Courses,,domestic,,2024,102,bronze/education-higher-ed/education_he-student-enrolments-pivot_2024.xlsx
The University of Newcastle,Non-Award Courses,,international,,2020,94,bronze/education-higher-ed/education_he-student-enrolments-pivot_2024.xlsx
The University of Newcastle,Non-Award Courses,,international,,2021,61,bronze/education-higher-ed/education_he-student-enrolments-pivot_2024.xlsx
The University of Newcastle,Non-Award Courses,,international,,2022,154,bronze/education-higher-ed/education_he-student-enrolments-pivot_2024.xlsx
The University of Newcastle,Non-Award Courses,,international,,2023,220,bronze/education-higher-ed/education_he-student-enrolments-pivot_2024.xlsx
The University of Newcastle,Non-Award Courses,,international,,2024,206,bronze/education-higher-ed/education_he-student-enrolments-pivot_2024.xlsx
The University of Newcastle,Society and Culture,09,domestic,,2020,8399,bronze/education-higher-ed/education_he-student-enrolments-pivot_2024.xlsx
The University of Newcastle,Society and Culture,09,domestic,,2021,8430,bronze/education-higher-ed/education_he-student-enrolments-pivot_2024.xlsx
The University of Newcastle,Society and Culture,09,domestic,,2022,7869,bronze/education-higher-ed/education_he-student-enrolments-pivot_2024.xlsx
The University of Newcastle,Society and Culture,09,domestic,,2023,7280,bronze/education-higher-ed/education_he-student-enrolments-pivot_2024.xlsx
The University of Newcastle,Society and Culture,09,domestic,,2024,7313,bronze/education-higher-ed/education_he-student-enrolments-pivot_2024.xlsx
The University of Newcastle,Society and Culture,09,international,,2020,197,bronze/education-higher-ed/education_he-student-enrolments-pivot_2024.xlsx
The University of Newcastle,Society and Culture,09,international,,2021,149,bronze/education-higher-ed/education_he-student-enrolments-pivot_2024.xlsx
The University of Newcastle,Society and Culture,09,international,,2022,211,bronze/education-higher-ed/education_he-student-enrolments-pivot_2024.xlsx
The University of Newcastle,Society and Culture,09,international,,2023,266,bronze/education-higher-ed/education_he-student-enrolments-pivot_2024.xlsx
The University of Newcastle,Society and Culture,09,international,,2024,230,bronze/education-higher-ed/education_he-student-enrolments-pivot_2024.xlsx
The University of Notre Dame Australia,"Agriculture, Environmental and Related Studies",05,domestic,,2020,5,bronze/education-higher-ed/education_he-student-enrolments-pivot_2024.xlsx
The University of Notre Dame Australia,"Agriculture, Environmental and Related Studies",05,domestic,,2021,2,bronze/education-higher-ed/education_he-student-enrolments-pivot_2024.xlsx
The University of Notre Dame Australia,Architecture and Building,04,domestic,,2020,24,bronze/education-higher-ed/education_he-student-enrolments-pivot_2024.xlsx
The University of Notre Dame Australia,Architecture and Building,04,domestic,,2021,45,bronze/education-higher-ed/education_he-student-enrolments-pivot_2024.xlsx
The University of Notre Dame Australia,Architecture and Building,04,domestic,,2022,56,bronze/education-higher-ed/education_he-student-enrolments-pivot_2024.xlsx
The University of Notre Dame Australia,Architecture and Building,04,domestic,,2023,55,bronze/education-higher-ed/education_he-student-enrolments-pivot_2024.xlsx
The University of Notre Dame Australia,Architecture and Building,04,domestic,,2024,53,bronze/education-higher-ed/education_he-student-enrolments-pivot_2024.xlsx
The University of Notre Dame Australia,Architecture and Building,04,international,,2020,0,bronze/education-higher-ed/education_he-student-enrolments-pivot_2024.xlsx
The University of Notre Dame Australia,Architecture and Building,04,international,,2021,0,bronze/education-higher-ed/education_he-student-enrolments-pivot_2024.xlsx
The University of Notre Dame Australia,Architecture and Building,04,international,,2022,0,bronze/education-higher-ed/education_he-student-enrolments-pivot_2024.xlsx
The University of Notre Dame Australia,Architecture and Building,04,international,,2023,0,bronze/education-higher-ed/education_he-student-enrolments-pivot_2024.xlsx
The University of Notre Dame Australia,Architecture and Building,04,international,,2024,0,bronze/education-higher-ed/education_he-student-enrolments-pivot_2024.xlsx
The University of Notre Dame Australia,Creative Arts,10,domestic,,2020,220,bronze/education-higher-ed/education_he-student-enrolments-pivot_2024.xlsx
The University of Notre Dame Australia,Creative Arts,10,international,,2020,2,bronze/education-higher-ed/education_he-student-enrolments-pivot_2024.xlsx
The University of Notre Dame Australia,Education,07,domestic,,2020,3445,bronze/education-higher-ed/education_he-student-enrolments-pivot_2024.xlsx
The University of Notre Dame Australia,Education,07,domestic,,2021,3470,bronze/education-higher-ed/education_he-student-enrolments-pivot_2024.xlsx
The University of Notre Dame Australia,Education,07,domestic,,2022,3087,bronze/education-higher-ed/education_he-student-enrolments-pivot_2024.xlsx
The University of Notre Dame Australia,Education,07,domestic,,2023,2930,bronze/education-higher-ed/education_he-student-enrolments-pivot_2024.xlsx
The University of Notre Dame Australia,Education,07,domestic,,2024,2880,bronze/education-higher-ed/education_he-student-enrolments-pivot_2024.xlsx
The University of Notre Dame Australia,Education,07,international,,2020,13,bronze/education-higher-ed/education_he-student-enrolments-pivot_2024.xlsx
The University of Notre Dame Australia,Education,07,international,,2021,4,bronze/education-higher-ed/education_he-student-enrolments-pivot_2024.xlsx
The University of Notre Dame Australia,Education,07,international,,2022,6,bronze/education-higher-ed/education_he-student-enrolments-pivot_2024.xlsx
The University of Notre Dame Australia,Education,07,international,,2023,16,bronze/education-higher-ed/education_he-student-enrolments-pivot_2024.xlsx
The University of Notre Dame Australia,Education,07,international,,2024,7,bronze/education-higher-ed/education_he-student-enrolments-pivot_2024.xlsx
The University of Notre Dame Australia,Health,06,domestic,,2020,4618,bronze/education-higher-ed/education_he-student-enrolments-pivot_2024.xlsx
The University of Notre Dame Australia,Health,06,domestic,,2021,4623,bronze/education-higher-ed/education_he-student-enrolments-pivot_2024.xlsx
The University of Notre Dame Australia,Health,06,domestic,,2022,4508,bronze/education-higher-ed/education_he-student-enrolments-pivot_2024.xlsx
The University of Notre Dame Australia,Health,06,domestic,,2023,4463,bronze/education-higher-ed/education_he-student-enrolments-pivot_2024.xlsx
The University of Notre Dame Australia,Health,06,domestic,,2024,4674,bronze/education-higher-ed/education_he-student-enrolments-pivot_2024.xlsx
The University of Notre Dame Australia,Health,06,international,,2020,168,bronze/education-higher-ed/education_he-student-enrolments-pivot_2024.xlsx
The University of Notre Dame Australia,Health,06,international,,2021,98,bronze/education-higher-ed/education_he-student-enrolments-pivot_2024.xlsx
The University of Notre Dame Australia,Health,06,international,,2022,216,bronze/education-higher-ed/education_he-student-enrolments-pivot_2024.xlsx
The University of Notre Dame Australia,Health,06,international,,2023,345,bronze/education-higher-ed/education_he-student-enrolments-pivot_2024.xlsx
The University of Notre Dame Australia,Health,06,international,,2024,706,bronze/education-higher-ed/education_he-student-enrolments-pivot_2024.xlsx
The University of Notre Dame Australia,Information Technology,02,domestic,,2022,32,bronze/education-higher-ed/education_he-student-enrolments-pivot_2024.xlsx
The University of Notre Dame Australia,Information Technology,02,domestic,,2023,13,bronze/education-higher-ed/education_he-student-enrolments-pivot_2024.xlsx
The University of Notre Dame Australia,Information Technology,02,domestic,,2024,5,bronze/education-higher-ed/education_he-student-enrolments-pivot_2024.xlsx
The University of Notre Dame Australia,Management and Commerce,08,domestic,,2020,757,bronze/education-higher-ed/education_he-student-enrolments-pivot_2024.xlsx
The University of Notre Dame Australia,Management and Commerce,08,domestic,,2021,721,bronze/education-higher-ed/education_he-student-enrolments-pivot_2024.xlsx
The University of Notre Dame Australia,Management and Commerce,08,domestic,,2022,609,bronze/education-higher-ed/education_he-student-enrolments-pivot_2024.xlsx
The University of Notre Dame Australia,Management and Commerce,08,domestic,,2023,559,bronze/education-higher-ed/education_he-student-enrolments-pivot_2024.xlsx
The University of Notre Dame Australia,Management and Commerce,08,domestic,,2024,551,bronze/education-higher-ed/education_he-student-enrolments-pivot_2024.xlsx
The University of Notre Dame Australia,Management and Commerce,08,international,,2020,15,bronze/education-higher-ed/education_he-student-enrolments-pivot_2024.xlsx
The University of Notre Dame Australia,Management and Commerce,08,international,,2021,13,bronze/education-higher-ed/education_he-student-enrolments-pivot_2024.xlsx
The University of Notre Dame Australia,Management and Commerce,08,international,,2022,4,bronze/education-higher-ed/education_he-student-enrolments-pivot_2024.xlsx
The University of Notre Dame Australia,Management and Commerce,08,international,,2023,34,bronze/education-higher-ed/education_he-student-enrolments-pivot_2024.xlsx
The University of Notre Dame Australia,Management and Commerce,08,international,,2024,105,bronze/education-higher-ed/education_he-student-enrolments-pivot_2024.xlsx
The University of Notre Dame Australia,Mixed Field Programmes,12,domestic,,2020,586,bronze/education-higher-ed/education_he-student-enrolments-pivot_2024.xlsx
The University of Notre Dame Australia,Mixed Field Programmes,12,domestic,,2021,384,bronze/education-higher-ed/education_he-student-enrolments-pivot_2024.xlsx
The University of Notre Dame Australia,Mixed Field Programmes,12,domestic,,2022,357,bronze/education-higher-ed/education_he-student-enrolments-pivot_2024.xlsx
The University of Notre Dame Australia,Mixed Field Programmes,12,domestic,,2023,309,bronze/education-higher-ed/education_he-student-enrolments-pivot_2024.xlsx
The University of Notre Dame Australia,Mixed Field Programmes,12,domestic,,2024,273,bronze/education-higher-ed/education_he-student-enrolments-pivot_2024.xlsx
The University of Notre Dame Australia,Mixed Field Programmes,12,international,,2020,0,bronze/education-higher-ed/education_he-student-enrolments-pivot_2024.xlsx
The University of Notre Dame Australia,Mixed Field Programmes,12,international,,2021,0,bronze/education-higher-ed/education_he-student-enrolments-pivot_2024.xlsx
The University of Notre Dame Australia,Mixed Field Programmes,12,international,,2022,3,bronze/education-higher-ed/education_he-student-enrolments-pivot_2024.xlsx
The University of Notre Dame Australia,Mixed Field Programmes,12,international,,2023,2,bronze/education-higher-ed/education_he-student-enrolments-pivot_2024.xlsx
The University of Notre Dame Australia,Mixed Field Programmes,12,international,,2024,0,bronze/education-higher-ed/education_he-student-enrolments-pivot_2024.xlsx
The University of Notre Dame Australia,Natural and Physical Sciences,01,domestic,,2020,417,bronze/education-higher-ed/education_he-student-enrolments-pivot_2024.xlsx
The University of Notre Dame Australia,Natural and Physical Sciences,01,domestic,,2021,390,bronze/education-higher-ed/education_he-student-enrolments-pivot_2024.xlsx
The University of Notre Dame Australia,Natural and Physical Sciences,01,domestic,,2022,319,bronze/education-higher-ed/education_he-student-enrolments-pivot_2024.xlsx
The University of Notre Dame Australia,Natural and Physical Sciences,01,domestic,,2023,251,bronze/education-higher-ed/education_he-student-enrolments-pivot_2024.xlsx
The University of Notre Dame Australia,Natural and Physical Sciences,01,domestic,,2024,306,bronze/education-higher-ed/education_he-student-enrolments-pivot_2024.xlsx
The University of Notre Dame Australia,Natural and Physical Sciences,01,international,,2020,5,bronze/education-higher-ed/education_he-student-enrolments-pivot_2024.xlsx
The University of Notre Dame Australia,Natural and Physical Sciences,01,international,,2021,7,bronze/education-higher-ed/education_he-student-enrolments-pivot_2024.xlsx
The University of Notre Dame Australia,Natural and Physical Sciences,01,international,,2022,0,bronze/education-higher-ed/education_he-student-enrolments-pivot_2024.xlsx
The University of Notre Dame Australia,Natural and Physical Sciences,01,international,,2023,4,bronze/education-higher-ed/education_he-student-enrolments-pivot_2024.xlsx
The University of Notre Dame Australia,Natural and Physical Sciences,01,international,,2024,12,bronze/education-higher-ed/education_he-student-enrolments-pivot_2024.xlsx
The University of Notre Dame Australia,Non-Award Courses,,domestic,,2020,56,bronze/education-higher-ed/education_he-student-enrolments-pivot_2024.xlsx
The University of Notre Dame Australia,Non-Award Courses,,domestic,,2021,38,bronze/education-higher-ed/education_he-student-enrolments-pivot_2024.xlsx
The University of Notre Dame Australia,Non-Award Courses,,domestic,,2022,107,bronze/education-higher-ed/education_he-student-enrolments-pivot_2024.xlsx
The University of Notre Dame Australia,Non-Award Courses,,domestic,,2023,97,bronze/education-higher-ed/education_he-student-enrolments-pivot_2024.xlsx
The University of Notre Dame Australia,Non-Award Courses,,domestic,,2024,32,bronze/education-higher-ed/education_he-student-enrolments-pivot_2024.xlsx
The University of Notre Dame Australia,Non-Award Courses,,international,,2020,61,bronze/education-higher-ed/education_he-student-enrolments-pivot_2024.xlsx
The University of Notre Dame Australia,Non-Award Courses,,international,,2021,8,bronze/education-higher-ed/education_he-student-enrolments-pivot_2024.xlsx
The University of Notre Dame Australia,Non-Award Courses,,international,,2022,15,bronze/education-higher-ed/education_he-student-enrolments-pivot_2024.xlsx
The University of Notre Dame Australia,Non-Award Courses,,international,,2023,51,bronze/education-higher-ed/education_he-student-enrolments-pivot_2024.xlsx
The University of Notre Dame Australia,Non-Award Courses,,international,,2024,27,bronze/education-higher-ed/education_he-student-enrolments-pivot_2024.xlsx
The University of Notre Dame Australia,Society and Culture,09,domestic,,2020,2259,bronze/education-higher-ed/education_he-student-enrolments-pivot_2024.xlsx
The University of Notre Dame Australia,Society and Culture,09,domestic,,2021,2479,bronze/education-higher-ed/education_he-student-enrolments-pivot_2024.xlsx
The University of Notre Dame Australia,Society and Culture,09,domestic,,2022,2387,bronze/education-higher-ed/education_he-student-enrolments-pivot_2024.xlsx
The University of Notre Dame Australia,Society and Culture,09,domestic,,2023,2123,bronze/education-higher-ed/education_he-student-enrolments-pivot_2024.xlsx
The University of Notre Dame Australia,Society and Culture,09,domestic,,2024,2189,bronze/education-higher-ed/education_he-student-enrolments-pivot_2024.xlsx
The University of Notre Dame Australia,Society and Culture,09,international,,2020,47,bronze/education-higher-ed/education_he-student-enrolments-pivot_2024.xlsx
The University of Notre Dame Australia,Society and Culture,09,international,,2021,45,bronze/education-higher-ed/education_he-student-enrolments-pivot_2024.xlsx
The University of Notre Dame Australia,Society and Culture,09,international,,2022,98,bronze/education-higher-ed/education_he-student-enrolments-pivot_2024.xlsx
The University of Notre Dame Australia,Society and Culture,09,international,,2023,129,bronze/education-higher-ed/education_he-student-enrolments-pivot_2024.xlsx
The University of Notre Dame Australia,Society and Culture,09,international,,2024,186,bronze/education-higher-ed/education_he-student-enrolments-pivot_2024.xlsx
The University of Queensland,"Agriculture, Environmental and Related Studies",05,domestic,,2020,971,bronze/education-higher-ed/education_he-student-enrolments-pivot_2024.xlsx
The University of Queensland,"Agriculture, Environmental and Related Studies",05,domestic,,2021,985,bronze/education-higher-ed/education_he-student-enrolments-pivot_2024.xlsx
The University of Queensland,"Agriculture, Environmental and Related Studies",05,domestic,,2022,912,bronze/education-higher-ed/education_he-student-enrolments-pivot_2024.xlsx
The University of Queensland,"Agriculture, Environmental and Related Studies",05,domestic,,2023,875,bronze/education-higher-ed/education_he-student-enrolments-pivot_2024.xlsx
The University of Queensland,"Agriculture, Environmental and Related Studies",05,domestic,,2024,766,bronze/education-higher-ed/education_he-student-enrolments-pivot_2024.xlsx
The University of Queensland,"Agriculture, Environmental and Related Studies",05,international,,2020,587,bronze/education-higher-ed/education_he-student-enrolments-pivot_2024.xlsx
The University of Queensland,"Agriculture, Environmental and Related Studies",05,international,,2021,597,bronze/education-higher-ed/education_he-student-enrolments-pivot_2024.xlsx
The University of Queensland,"Agriculture, Environmental and Related Studies",05,international,,2022,629,bronze/education-higher-ed/education_he-student-enrolments-pivot_2024.xlsx
The University of Queensland,"Agriculture, Environmental and Related Studies",05,international,,2023,655,bronze/education-higher-ed/education_he-student-enrolments-pivot_2024.xlsx
The University of Queensland,"Agriculture, Environmental and Related Studies",05,international,,2024,701,bronze/education-higher-ed/education_he-student-enrolments-pivot_2024.xlsx
The University of Queensland,Architecture and Building,04,domestic,,2020,621,bronze/education-higher-ed/education_he-student-enrolments-pivot_2024.xlsx
The University of Queensland,Architecture and Building,04,domestic,,2021,605,bronze/education-higher-ed/education_he-student-enrolments-pivot_2024.xlsx
The University of Queensland,Architecture and Building,04,domestic,,2022,541,bronze/education-higher-ed/education_he-student-enrolments-pivot_2024.xlsx
The University of Queensland,Architecture and Building,04,domestic,,2023,528,bronze/education-higher-ed/education_he-student-enrolments-pivot_2024.xlsx
The University of Queensland,Architecture and Building,04,domestic,,2024,557,bronze/education-higher-ed/education_he-student-enrolments-pivot_2024.xlsx
The University of Queensland,Architecture and Building,04,international,,2020,324,bronze/education-higher-ed/education_he-student-enrolments-pivot_2024.xlsx
The University of Queensland,Architecture and Building,04,international,,2021,346,bronze/education-higher-ed/education_he-student-enrolments-pivot_2024.xlsx
The University of Queensland,Architecture and Building,04,international,,2022,303,bronze/education-higher-ed/education_he-student-enrolments-pivot_2024.xlsx
The University of Queensland,Architecture and Building,04,international,,2023,312,bronze/education-higher-ed/education_he-student-enrolments-pivot_2024.xlsx
The University of Queensland,Architecture and Building,04,international,,2024,287,bronze/education-higher-ed/education_he-student-enrolments-pivot_2024.xlsx
The University of Queensland,Creative Arts,10,domestic,,2020,947,bronze/education-higher-ed/education_he-student-enrolments-pivot_2024.xlsx
The University of Queensland,Creative Arts,10,domestic,,2021,912,bronze/education-higher-ed/education_he-student-enrolments-pivot_2024.xlsx
The University of Queensland,Creative Arts,10,domestic,,2022,873,bronze/education-higher-ed/education_he-student-enrolments-pivot_2024.xlsx
The University of Queensland,Creative Arts,10,domestic,,2023,816,bronze/education-higher-ed/education_he-student-enrolments-pivot_2024.xlsx
The University of Queensland,Creative Arts,10,domestic,,2024,824,bronze/education-higher-ed/education_he-student-enrolments-pivot_2024.xlsx
The University of Queensland,Creative Arts,10,international,,2020,683,bronze/education-higher-ed/education_he-student-enrolments-pivot_2024.xlsx
The University of Queensland,Creative Arts,10,international,,2021,790,bronze/education-higher-ed/education_he-student-enrolments-pivot_2024.xlsx
The University of Queensland,Creative Arts,10,international,,2022,826,bronze/education-higher-ed/education_he-student-enrolments-pivot_2024.xlsx
The University of Queensland,Creative Arts,10,international,,2023,907,bronze/education-higher-ed/education_he-student-enrolments-pivot_2024.xlsx
The University of Queensland,Creative Arts,10,international,,2024,993,bronze/education-higher-ed/education_he-student-enrolments-pivot_2024.xlsx
The University of Queensland,Education,07,domestic,,2020,903,bronze/education-higher-ed/education_he-student-enrolments-pivot_2024.xlsx
The University of Queensland,Education,07,domestic,,2021,967,bronze/education-higher-ed/education_he-student-enrolments-pivot_2024.xlsx
The University of Queensland,Education,07,domestic,,2022,861,bronze/education-higher-ed/education_he-student-enrolments-pivot_2024.xlsx
The University of Queensland,Education,07,domestic,,2023,818,bronze/education-higher-ed/education_he-student-enrolments-pivot_2024.xlsx
The University of Queensland,Education,07,domestic,,2024,843,bronze/education-higher-ed/education_he-student-enrolments-pivot_2024.xlsx
The University of Queensland,Education,07,international,,2020,306,bronze/education-higher-ed/education_he-student-enrolments-pivot_2024.xlsx
The University of Queensland,Education,07,international,,2021,383,bronze/education-higher-ed/education_he-student-enrolments-pivot_2024.xlsx
The University of Queensland,Education,07,international,,2022,467,bronze/education-higher-ed/education_he-student-enrolments-pivot_2024.xlsx
The University of Queensland,Education,07,international,,2023,512,bronze/education-higher-ed/education_he-student-enrolments-pivot_2024.xlsx
The University of Queensland,Education,07,international,,2024,519,bronze/education-higher-ed/education_he-student-enrolments-pivot_2024.xlsx
The University of Queensland,Engineering and Related Technologies,03,domestic,,2020,3649,bronze/education-higher-ed/education_he-student-enrolments-pivot_2024.xlsx
The University of Queensland,Engineering and Related Technologies,03,domestic,,2021,4067,bronze/education-higher-ed/education_he-student-enrolments-pivot_2024.xlsx
The University of Queensland,Engineering and Related Technologies,03,domestic,,2022,4184,bronze/education-higher-ed/education_he-student-enrolments-pivot_2024.xlsx
The University of Queensland,Engineering and Related Technologies,03,domestic,,2023,4470,bronze/education-higher-ed/education_he-student-enrolments-pivot_2024.xlsx
The University of Queensland,Engineering and Related Technologies,03,domestic,,2024,4886,bronze/education-higher-ed/education_he-student-enrolments-pivot_2024.xlsx
The University of Queensland,Engineering and Related Technologies,03,international,,2020,1733,bronze/education-higher-ed/education_he-student-enrolments-pivot_2024.xlsx
The University of Queensland,Engineering and Related Technologies,03,international,,2021,1847,bronze/education-higher-ed/education_he-student-enrolments-pivot_2024.xlsx
The University of Queensland,Engineering and Related Technologies,03,international,,2022,1731,bronze/education-higher-ed/education_he-student-enrolments-pivot_2024.xlsx
The University of Queensland,Engineering and Related Technologies,03,international,,2023,1726,bronze/education-higher-ed/education_he-student-enrolments-pivot_2024.xlsx
The University of Queensland,Engineering and Related Technologies,03,international,,2024,1901,bronze/education-higher-ed/education_he-student-enrolments-pivot_2024.xlsx
The University of Queensland,Health,06,domestic,,2020,7940,bronze/education-higher-ed/education_he-student-enrolments-pivot_2024.xlsx
The University of Queensland,Health,06,domestic,,2021,8254,bronze/education-higher-ed/education_he-student-enrolments-pivot_2024.xlsx
The University of Queensland,Health,06,domestic,,2022,8190,bronze/education-higher-ed/education_he-student-enrolments-pivot_2024.xlsx
The University of Queensland,Health,06,domestic,,2023,8199,bronze/education-higher-ed/education_he-student-enrolments-pivot_2024.xlsx
The University of Queensland,Health,06,domestic,,2024,8385,bronze/education-higher-ed/education_he-student-enrolments-pivot_2024.xlsx
The University of Queensland,Health,06,international,,2020,2316,bronze/education-higher-ed/education_he-student-enrolments-pivot_2024.xlsx
The University of Queensland,Health,06,international,,2021,2400,bronze/education-higher-ed/education_he-student-enrolments-pivot_2024.xlsx
The University of Queensland,Health,06,international,,2022,2457,bronze/education-higher-ed/education_he-student-enrolments-pivot_2024.xlsx
The University of Queensland,Health,06,international,,2023,2490,bronze/education-higher-ed/education_he-student-enrolments-pivot_2024.xlsx
The University of Queensland,Health,06,international,,2024,2607,bronze/education-higher-ed/education_he-student-enrolments-pivot_2024.xlsx
The University of Queensland,Information Technology,02,domestic,,2020,1106,bronze/education-higher-ed/education_he-student-enrolments-pivot_2024.xlsx
The University of Queensland,Information Technology,02,domestic,,2021,958,bronze/education-higher-ed/education_he-student-enrolments-pivot_2024.xlsx
The University of Queensland,Information Technology,02,domestic,,2022,1104,bronze/education-higher-ed/education_he-student-enrolments-pivot_2024.xlsx
The University of Queensland,Information Technology,02,domestic,,2023,1346,bronze/education-higher-ed/education_he-student-enrolments-pivot_2024.xlsx
The University of Queensland,Information Technology,02,domestic,,2024,1551,bronze/education-higher-ed/education_he-student-enrolments-pivot_2024.xlsx
The University of Queensland,Information Technology,02,international,,2020,2550,bronze/education-higher-ed/education_he-student-enrolments-pivot_2024.xlsx
The University of Queensland,Information Technology,02,international,,2021,1642,bronze/education-higher-ed/education_he-student-enrolments-pivot_2024.xlsx
The University of Queensland,Information Technology,02,international,,2022,1576,bronze/education-higher-ed/education_he-student-enrolments-pivot_2024.xlsx
The University of Queensland,Information Technology,02,international,,2023,1658,bronze/education-higher-ed/education_he-student-enrolments-pivot_2024.xlsx
The University of Queensland,Information Technology,02,international,,2024,1691,bronze/education-higher-ed/education_he-student-enrolments-pivot_2024.xlsx
The University of Queensland,Management and Commerce,08,domestic,,2020,4838,bronze/education-higher-ed/education_he-student-enrolments-pivot_2024.xlsx
The University of Queensland,Management and Commerce,08,domestic,,2021,4719,bronze/education-higher-ed/education_he-student-enrolments-pivot_2024.xlsx
The University of Queensland,Management and Commerce,08,domestic,,2022,4453,bronze/education-higher-ed/education_he-student-enrolments-pivot_2024.xlsx
The University of Queensland,Management and Commerce,08,domestic,,2023,4485,bronze/education-higher-ed/education_he-student-enrolments-pivot_2024.xlsx
The University of Queensland,Management and Commerce,08,domestic,,2024,4802,bronze/education-higher-ed/education_he-student-enrolments-pivot_2024.xlsx
The University of Queensland,Management and Commerce,08,international,,2020,7101,bronze/education-higher-ed/education_he-student-enrolments-pivot_2024.xlsx
The University of Queensland,Management and Commerce,08,international,,2021,8248,bronze/education-higher-ed/education_he-student-enrolments-pivot_2024.xlsx
The University of Queensland,Management and Commerce,08,international,,2022,7764,bronze/education-higher-ed/education_he-student-enrolments-pivot_2024.xlsx
The University of Queensland,Management and Commerce,08,international,,2023,7543,bronze/education-higher-ed/education_he-student-enrolments-pivot_2024.xlsx
The University of Queensland,Management and Commerce,08,international,,2024,7541,bronze/education-higher-ed/education_he-student-enrolments-pivot_2024.xlsx
The University of Queensland,Mixed Field Programmes,12,domestic,,2020,340,bronze/education-higher-ed/education_he-student-enrolments-pivot_2024.xlsx
The University of Queensland,Mixed Field Programmes,12,domestic,,2021,136,bronze/education-higher-ed/education_he-student-enrolments-pivot_2024.xlsx
The University of Queensland,Mixed Field Programmes,12,domestic,,2022,105,bronze/education-higher-ed/education_he-student-enrolments-pivot_2024.xlsx
The University of Queensland,Mixed Field Programmes,12,domestic,,2023,123,bronze/education-higher-ed/education_he-student-enrolments-pivot_2024.xlsx
The University of Queensland,Mixed Field Programmes,12,domestic,,2024,86,bronze/education-higher-ed/education_he-student-enrolments-pivot_2024.xlsx
The University of Queensland,Natural and Physical Sciences,01,domestic,,2020,5376,bronze/education-higher-ed/education_he-student-enrolments-pivot_2024.xlsx
The University of Queensland,Natural and Physical Sciences,01,domestic,,2021,5649,bronze/education-higher-ed/education_he-student-enrolments-pivot_2024.xlsx
The University of Queensland,Natural and Physical Sciences,01,domestic,,2022,5570,bronze/education-higher-ed/education_he-student-enrolments-pivot_2024.xlsx
The University of Queensland,Natural and Physical Sciences,01,domestic,,2023,5168,bronze/education-higher-ed/education_he-student-enrolments-pivot_2024.xlsx
The University of Queensland,Natural and Physical Sciences,01,domestic,,2024,5245,bronze/education-higher-ed/education_he-student-enrolments-pivot_2024.xlsx
The University of Queensland,Natural and Physical Sciences,01,international,,2020,2088,bronze/education-higher-ed/education_he-student-enrolments-pivot_2024.xlsx
The University of Queensland,Natural and Physical Sciences,01,international,,2021,2127,bronze/education-higher-ed/education_he-student-enrolments-pivot_2024.xlsx
The University of Queensland,Natural and Physical Sciences,01,international,,2022,2145,bronze/education-higher-ed/education_he-student-enrolments-pivot_2024.xlsx
The University of Queensland,Natural and Physical Sciences,01,international,,2023,2355,bronze/education-higher-ed/education_he-student-enrolments-pivot_2024.xlsx
The University of Queensland,Natural and Physical Sciences,01,international,,2024,2642,bronze/education-higher-ed/education_he-student-enrolments-pivot_2024.xlsx
The University of Queensland,Non-Award Courses,,domestic,,2020,127,bronze/education-higher-ed/education_he-student-enrolments-pivot_2024.xlsx
The University of Queensland,Non-Award Courses,,domestic,,2021,105,bronze/education-higher-ed/education_he-student-enrolments-pivot_2024.xlsx
The University of Queensland,Non-Award Courses,,domestic,,2022,92,bronze/education-higher-ed/education_he-student-enrolments-pivot_2024.xlsx
The University of Queensland,Non-Award Courses,,domestic,,2023,78,bronze/education-higher-ed/education_he-student-enrolments-pivot_2024.xlsx
The University of Queensland,Non-Award Courses,,domestic,,2024,42,bronze/education-higher-ed/education_he-student-enrolments-pivot_2024.xlsx
The University of Queensland,Non-Award Courses,,international,,2020,212,bronze/education-higher-ed/education_he-student-enrolments-pivot_2024.xlsx
The University of Queensland,Non-Award Courses,,international,,2021,48,bronze/education-higher-ed/education_he-student-enrolments-pivot_2024.xlsx
The University of Queensland,Non-Award Courses,,international,,2022,287,bronze/education-higher-ed/education_he-student-enrolments-pivot_2024.xlsx
The University of Queensland,Non-Award Courses,,international,,2023,601,bronze/education-higher-ed/education_he-student-enrolments-pivot_2024.xlsx
The University of Queensland,Non-Award Courses,,international,,2024,569,bronze/education-higher-ed/education_he-student-enrolments-pivot_2024.xlsx
The University of Queensland,Society and Culture,09,domestic,,2020,7740,bronze/education-higher-ed/education_he-student-enrolments-pivot_2024.xlsx
The University of Queensland,Society and Culture,09,domestic,,2021,7806,bronze/education-higher-ed/education_he-student-enrolments-pivot_2024.xlsx
The University of Queensland,Society and Culture,09,domestic,,2022,7427,bronze/education-higher-ed/education_he-student-enrolments-pivot_2024.xlsx
The University of Queensland,Society and Culture,09,domestic,,2023,6975,bronze/education-higher-ed/education_he-student-enrolments-pivot_2024.xlsx
The University of Queensland,Society and Culture,09,domestic,,2024,6982,bronze/education-higher-ed/education_he-student-enrolments-pivot_2024.xlsx
The University of Queensland,Society and Culture,09,international,,2020,2531,bronze/education-higher-ed/education_he-student-enrolments-pivot_2024.xlsx
The University of Queensland,Society and Culture,09,international,,2021,2560,bronze/education-higher-ed/education_he-student-enrolments-pivot_2024.xlsx
The University of Queensland,Society and Culture,09,international,,2022,2566,bronze/education-higher-ed/education_he-student-enrolments-pivot_2024.xlsx
The University of Queensland,Society and Culture,09,international,,2023,2772,bronze/education-higher-ed/education_he-student-enrolments-pivot_2024.xlsx
The University of Queensland,Society and Culture,09,international,,2024,2819,bronze/education-higher-ed/education_he-student-enrolments-pivot_2024.xlsx
The University of Sydney,"Agriculture, Environmental and Related Studies",05,domestic,,2020,334,bronze/education-higher-ed/education_he-student-enrolments-pivot_2024.xlsx
The University of Sydney,"Agriculture, Environmental and Related Studies",05,domestic,,2021,314,bronze/education-higher-ed/education_he-student-enrolments-pivot_2024.xlsx
The University of Sydney,"Agriculture, Environmental and Related Studies",05,domestic,,2022,270,bronze/education-higher-ed/education_he-student-enrolments-pivot_2024.xlsx
The University of Sydney,"Agriculture, Environmental and Related Studies",05,domestic,,2023,230,bronze/education-higher-ed/education_he-student-enrolments-pivot_2024.xlsx
The University of Sydney,"Agriculture, Environmental and Related Studies",05,domestic,,2024,252,bronze/education-higher-ed/education_he-student-enrolments-pivot_2024.xlsx
The University of Sydney,"Agriculture, Environmental and Related Studies",05,international,,2020,191,bronze/education-higher-ed/education_he-student-enrolments-pivot_2024.xlsx
The University of Sydney,"Agriculture, Environmental and Related Studies",05,international,,2021,157,bronze/education-higher-ed/education_he-student-enrolments-pivot_2024.xlsx
The University of Sydney,"Agriculture, Environmental and Related Studies",05,international,,2022,173,bronze/education-higher-ed/education_he-student-enrolments-pivot_2024.xlsx
The University of Sydney,"Agriculture, Environmental and Related Studies",05,international,,2023,214,bronze/education-higher-ed/education_he-student-enrolments-pivot_2024.xlsx
The University of Sydney,"Agriculture, Environmental and Related Studies",05,international,,2024,295,bronze/education-higher-ed/education_he-student-enrolments-pivot_2024.xlsx
The University of Sydney,Architecture and Building,04,domestic,,2020,1544,bronze/education-higher-ed/education_he-student-enrolments-pivot_2024.xlsx
The University of Sydney,Architecture and Building,04,domestic,,2021,1665,bronze/education-higher-ed/education_he-student-enrolments-pivot_2024.xlsx
The University of Sydney,Architecture and Building,04,domestic,,2022,1636,bronze/education-higher-ed/education_he-student-enrolments-pivot_2024.xlsx
The University of Sydney,Architecture and Building,04,domestic,,2023,1404,bronze/education-higher-ed/education_he-student-enrolments-pivot_2024.xlsx
The University of Sydney,Architecture and Building,04,domestic,,2024,1280,bronze/education-higher-ed/education_he-student-enrolments-pivot_2024.xlsx
The University of Sydney,Architecture and Building,04,international,,2020,1335,bronze/education-higher-ed/education_he-student-enrolments-pivot_2024.xlsx
The University of Sydney,Architecture and Building,04,international,,2021,1594,bronze/education-higher-ed/education_he-student-enrolments-pivot_2024.xlsx
The University of Sydney,Architecture and Building,04,international,,2022,1736,bronze/education-higher-ed/education_he-student-enrolments-pivot_2024.xlsx
The University of Sydney,Architecture and Building,04,international,,2023,1705,bronze/education-higher-ed/education_he-student-enrolments-pivot_2024.xlsx
The University of Sydney,Architecture and Building,04,international,,2024,1718,bronze/education-higher-ed/education_he-student-enrolments-pivot_2024.xlsx
The University of Sydney,Creative Arts,10,domestic,,2020,1746,bronze/education-higher-ed/education_he-student-enrolments-pivot_2024.xlsx
The University of Sydney,Creative Arts,10,domestic,,2021,1949,bronze/education-higher-ed/education_he-student-enrolments-pivot_2024.xlsx
The University of Sydney,Creative Arts,10,domestic,,2022,1938,bronze/education-higher-ed/education_he-student-enrolments-pivot_2024.xlsx
The University of Sydney,Creative Arts,10,domestic,,2023,2094,bronze/education-higher-ed/education_he-student-enrolments-pivot_2024.xlsx
The University of Sydney,Creative Arts,10,domestic,,2024,2221,bronze/education-higher-ed/education_he-student-enrolments-pivot_2024.xlsx
The University of Sydney,Creative Arts,10,international,,2020,1174,bronze/education-higher-ed/education_he-student-enrolments-pivot_2024.xlsx
The University of Sydney,Creative Arts,10,international,,2021,1537,bronze/education-higher-ed/education_he-student-enrolments-pivot_2024.xlsx
The University of Sydney,Creative Arts,10,international,,2022,1655,bronze/education-higher-ed/education_he-student-enrolments-pivot_2024.xlsx
The University of Sydney,Creative Arts,10,international,,2023,1841,bronze/education-higher-ed/education_he-student-enrolments-pivot_2024.xlsx
The University of Sydney,Creative Arts,10,international,,2024,1902,bronze/education-higher-ed/education_he-student-enrolments-pivot_2024.xlsx
The University of Sydney,Education,07,domestic,,2020,2164,bronze/education-higher-ed/education_he-student-enrolments-pivot_2024.xlsx
The University of Sydney,Education,07,domestic,,2021,2223,bronze/education-higher-ed/education_he-student-enrolments-pivot_2024.xlsx
The University of Sydney,Education,07,domestic,,2022,2059,bronze/education-higher-ed/education_he-student-enrolments-pivot_2024.xlsx
The University of Sydney,Education,07,domestic,,2023,1926,bronze/education-higher-ed/education_he-student-enrolments-pivot_2024.xlsx
The University of Sydney,Education,07,domestic,,2024,1826,bronze/education-higher-ed/education_he-student-enrolments-pivot_2024.xlsx
The University of Sydney,Education,07,international,,2020,670,bronze/education-higher-ed/education_he-student-enrolments-pivot_2024.xlsx
The University of Sydney,Education,07,international,,2021,891,bronze/education-higher-ed/education_he-student-enrolments-pivot_2024.xlsx
The University of Sydney,Education,07,international,,2022,1052,bronze/education-higher-ed/education_he-student-enrolments-pivot_2024.xlsx
The University of Sydney,Education,07,international,,2023,1003,bronze/education-higher-ed/education_he-student-enrolments-pivot_2024.xlsx
The University of Sydney,Education,07,international,,2024,1036,bronze/education-higher-ed/education_he-student-enrolments-pivot_2024.xlsx
The University of Sydney,Engineering and Related Technologies,03,domestic,,2020,3164,bronze/education-higher-ed/education_he-student-enrolments-pivot_2024.xlsx
The University of Sydney,Engineering and Related Technologies,03,domestic,,2021,3253,bronze/education-higher-ed/education_he-student-enrolments-pivot_2024.xlsx
The University of Sydney,Engineering and Related Technologies,03,domestic,,2022,3230,bronze/education-higher-ed/education_he-student-enrolments-pivot_2024.xlsx
The University of Sydney,Engineering and Related Technologies,03,domestic,,2023,3328,bronze/education-higher-ed/education_he-student-enrolments-pivot_2024.xlsx
The University of Sydney,Engineering and Related Technologies,03,domestic,,2024,3620,bronze/education-higher-ed/education_he-student-enrolments-pivot_2024.xlsx
The University of Sydney,Engineering and Related Technologies,03,international,,2020,3272,bronze/education-higher-ed/education_he-student-enrolments-pivot_2024.xlsx
The University of Sydney,Engineering and Related Technologies,03,international,,2021,3372,bronze/education-higher-ed/education_he-student-enrolments-pivot_2024.xlsx
The University of Sydney,Engineering and Related Technologies,03,international,,2022,3382,bronze/education-higher-ed/education_he-student-enrolments-pivot_2024.xlsx
The University of Sydney,Engineering and Related Technologies,03,international,,2023,3622,bronze/education-higher-ed/education_he-student-enrolments-pivot_2024.xlsx
The University of Sydney,Engineering and Related Technologies,03,international,,2024,4220,bronze/education-higher-ed/education_he-student-enrolments-pivot_2024.xlsx
The University of Sydney,Health,06,domestic,,2020,10118,bronze/education-higher-ed/education_he-student-enrolments-pivot_2024.xlsx
The University of Sydney,Health,06,domestic,,2021,10649,bronze/education-higher-ed/education_he-student-enrolments-pivot_2024.xlsx
The University of Sydney,Health,06,domestic,,2022,10518,bronze/education-higher-ed/education_he-student-enrolments-pivot_2024.xlsx
The University of Sydney,Health,06,domestic,,2023,9994,bronze/education-higher-ed/education_he-student-enrolments-pivot_2024.xlsx
The University of Sydney,Health,06,domestic,,2024,9737,bronze/education-higher-ed/education_he-student-enrolments-pivot_2024.xlsx
The University of Sydney,Health,06,international,,2020,2827,bronze/education-higher-ed/education_he-student-enrolments-pivot_2024.xlsx
The University of Sydney,Health,06,international,,2021,2502,bronze/education-higher-ed/education_he-student-enrolments-pivot_2024.xlsx
The University of Sydney,Health,06,international,,2022,2386,bronze/education-higher-ed/education_he-student-enrolments-pivot_2024.xlsx
The University of Sydney,Health,06,international,,2023,2500,bronze/education-higher-ed/education_he-student-enrolments-pivot_2024.xlsx
The University of Sydney,Health,06,international,,2024,2616,bronze/education-higher-ed/education_he-student-enrolments-pivot_2024.xlsx
The University of Sydney,Information Technology,02,domestic,,2020,987,bronze/education-higher-ed/education_he-student-enrolments-pivot_2024.xlsx
The University of Sydney,Information Technology,02,domestic,,2021,1055,bronze/education-higher-ed/education_he-student-enrolments-pivot_2024.xlsx
The University of Sydney,Information Technology,02,domestic,,2022,1026,bronze/education-higher-ed/education_he-student-enrolments-pivot_2024.xlsx
The University of Sydney,Information Technology,02,domestic,,2023,1116,bronze/education-higher-ed/education_he-student-enrolments-pivot_2024.xlsx
The University of Sydney,Information Technology,02,domestic,,2024,1180,bronze/education-higher-ed/education_he-student-enrolments-pivot_2024.xlsx
The University of Sydney,Information Technology,02,international,,2020,2141,bronze/education-higher-ed/education_he-student-enrolments-pivot_2024.xlsx
The University of Sydney,Information Technology,02,international,,2021,2591,bronze/education-higher-ed/education_he-student-enrolments-pivot_2024.xlsx
The University of Sydney,Information Technology,02,international,,2022,2643,bronze/education-higher-ed/education_he-student-enrolments-pivot_2024.xlsx
The University of Sydney,Information Technology,02,international,,2023,3116,bronze/education-higher-ed/education_he-student-enrolments-pivot_2024.xlsx
The University of Sydney,Information Technology,02,international,,2024,4149,bronze/education-higher-ed/education_he-student-enrolments-pivot_2024.xlsx
The University of Sydney,Management and Commerce,08,domestic,,2020,4706,bronze/education-higher-ed/education_he-student-enrolments-pivot_2024.xlsx
The University of Sydney,Management and Commerce,08,domestic,,2021,4690,bronze/education-higher-ed/education_he-student-enrolments-pivot_2024.xlsx
The University of Sydney,Management and Commerce,08,domestic,,2022,4221,bronze/education-higher-ed/education_he-student-enrolments-pivot_2024.xlsx
The University of Sydney,Management and Commerce,08,domestic,,2023,3948,bronze/education-higher-ed/education_he-student-enrolments-pivot_2024.xlsx
The University of Sydney,Management and Commerce,08,domestic,,2024,4143,bronze/education-higher-ed/education_he-student-enrolments-pivot_2024.xlsx
The University of Sydney,Management and Commerce,08,international,,2020,11704,bronze/education-higher-ed/education_he-student-enrolments-pivot_2024.xlsx
The University of Sydney,Management and Commerce,08,international,,2021,12793,bronze/education-higher-ed/education_he-student-enrolments-pivot_2024.xlsx
The University of Sydney,Management and Commerce,08,international,,2022,12293,bronze/education-higher-ed/education_he-student-enrolments-pivot_2024.xlsx
The University of Sydney,Management and Commerce,08,international,,2023,11334,bronze/education-higher-ed/education_he-student-enrolments-pivot_2024.xlsx
The University of Sydney,Management and Commerce,08,international,,2024,11014,bronze/education-higher-ed/education_he-student-enrolments-pivot_2024.xlsx
The University of Sydney,Natural and Physical Sciences,01,domestic,,2020,5800,bronze/education-higher-ed/education_he-student-enrolments-pivot_2024.xlsx
The University of Sydney,Natural and Physical Sciences,01,domestic,,2021,6096,bronze/education-higher-ed/education_he-student-enrolments-pivot_2024.xlsx
The University of Sydney,Natural and Physical Sciences,01,domestic,,2022,6042,bronze/education-higher-ed/education_he-student-enrolments-pivot_2024.xlsx
The University of Sydney,Natural and Physical Sciences,01,domestic,,2023,5824,bronze/education-higher-ed/education_he-student-enrolments-pivot_2024.xlsx
The University of Sydney,Natural and Physical Sciences,01,domestic,,2024,5843,bronze/education-higher-ed/education_he-student-enrolments-pivot_2024.xlsx
The University of Sydney,Natural and Physical Sciences,01,international,,2020,2028,bronze/education-higher-ed/education_he-student-enrolments-pivot_2024.xlsx
The University of Sydney,Natural and Physical Sciences,01,international,,2021,2478,bronze/education-higher-ed/education_he-student-enrolments-pivot_2024.xlsx
The University of Sydney,Natural and Physical Sciences,01,international,,2022,2780,bronze/education-higher-ed/education_he-student-enrolments-pivot_2024.xlsx
The University of Sydney,Natural and Physical Sciences,01,international,,2023,2981,bronze/education-higher-ed/education_he-student-enrolments-pivot_2024.xlsx
The University of Sydney,Natural and Physical Sciences,01,international,,2024,3262,bronze/education-higher-ed/education_he-student-enrolments-pivot_2024.xlsx
The University of Sydney,Non-Award Courses,,domestic,,2020,115,bronze/education-higher-ed/education_he-student-enrolments-pivot_2024.xlsx
The University of Sydney,Non-Award Courses,,domestic,,2021,112,bronze/education-higher-ed/education_he-student-enrolments-pivot_2024.xlsx
The University of Sydney,Non-Award Courses,,domestic,,2022,71,bronze/education-higher-ed/education_he-student-enrolments-pivot_2024.xlsx
The University of Sydney,Non-Award Courses,,domestic,,2023,56,bronze/education-higher-ed/education_he-student-enrolments-pivot_2024.xlsx
The University of Sydney,Non-Award Courses,,domestic,,2024,64,bronze/education-higher-ed/education_he-student-enrolments-pivot_2024.xlsx
The University of Sydney,Non-Award Courses,,international,,2020,593,bronze/education-higher-ed/education_he-student-enrolments-pivot_2024.xlsx
The University of Sydney,Non-Award Courses,,international,,2021,17,bronze/education-higher-ed/education_he-student-enrolments-pivot_2024.xlsx
The University of Sydney,Non-Award Courses,,international,,2022,400,bronze/education-higher-ed/education_he-student-enrolments-pivot_2024.xlsx
The University of Sydney,Non-Award Courses,,international,,2023,771,bronze/education-higher-ed/education_he-student-enrolments-pivot_2024.xlsx
The University of Sydney,Non-Award Courses,,international,,2024,1204,bronze/education-higher-ed/education_he-student-enrolments-pivot_2024.xlsx
The University of Sydney,Society and Culture,09,domestic,,2020,9865,bronze/education-higher-ed/education_he-student-enrolments-pivot_2024.xlsx
The University of Sydney,Society and Culture,09,domestic,,2021,10244,bronze/education-higher-ed/education_he-student-enrolments-pivot_2024.xlsx
The University of Sydney,Society and Culture,09,domestic,,2022,9369,bronze/education-higher-ed/education_he-student-enrolments-pivot_2024.xlsx
The University of Sydney,Society and Culture,09,domestic,,2023,8640,bronze/education-higher-ed/education_he-student-enrolments-pivot_2024.xlsx
The University of Sydney,Society and Culture,09,domestic,,2024,8605,bronze/education-higher-ed/education_he-student-enrolments-pivot_2024.xlsx
The University of Sydney,Society and Culture,09,international,,2020,6118,bronze/education-higher-ed/education_he-student-enrolments-pivot_2024.xlsx
The University of Sydney,Society and Culture,09,international,,2021,7293,bronze/education-higher-ed/education_he-student-enrolments-pivot_2024.xlsx
The University of Sydney,Society and Culture,09,international,,2022,8093,bronze/education-higher-ed/education_he-student-enrolments-pivot_2024.xlsx
The University of Sydney,Society and Culture,09,international,,2023,8441,bronze/education-higher-ed/education_he-student-enrolments-pivot_2024.xlsx
The University of Sydney,Society and Culture,09,international,,2024,8695,bronze/education-higher-ed/education_he-student-enrolments-pivot_2024.xlsx
The University of Western Australia,"Agriculture, Environmental and Related Studies",05,domestic,,2020,225,bronze/education-higher-ed/education_he-student-enrolments-pivot_2024.xlsx
The University of Western Australia,"Agriculture, Environmental and Related Studies",05,domestic,,2021,234,bronze/education-higher-ed/education_he-student-enrolments-pivot_2024.xlsx
The University of Western Australia,"Agriculture, Environmental and Related Studies",05,domestic,,2022,265,bronze/education-higher-ed/education_he-student-enrolments-pivot_2024.xlsx
The University of Western Australia,"Agriculture, Environmental and Related Studies",05,domestic,,2023,314,bronze/education-higher-ed/education_he-student-enrolments-pivot_2024.xlsx
The University of Western Australia,"Agriculture, Environmental and Related Studies",05,domestic,,2024,332,bronze/education-higher-ed/education_he-student-enrolments-pivot_2024.xlsx
The University of Western Australia,"Agriculture, Environmental and Related Studies",05,international,,2020,289,bronze/education-higher-ed/education_he-student-enrolments-pivot_2024.xlsx
The University of Western Australia,"Agriculture, Environmental and Related Studies",05,international,,2021,244,bronze/education-higher-ed/education_he-student-enrolments-pivot_2024.xlsx
The University of Western Australia,"Agriculture, Environmental and Related Studies",05,international,,2022,212,bronze/education-higher-ed/education_he-student-enrolments-pivot_2024.xlsx
The University of Western Australia,"Agriculture, Environmental and Related Studies",05,international,,2023,267,bronze/education-higher-ed/education_he-student-enrolments-pivot_2024.xlsx
The University of Western Australia,"Agriculture, Environmental and Related Studies",05,international,,2024,410,bronze/education-higher-ed/education_he-student-enrolments-pivot_2024.xlsx
The University of Western Australia,Architecture and Building,04,domestic,,2020,349,bronze/education-higher-ed/education_he-student-enrolments-pivot_2024.xlsx
The University of Western Australia,Architecture and Building,04,domestic,,2021,448,bronze/education-higher-ed/education_he-student-enrolments-pivot_2024.xlsx
The University of Western Australia,Architecture and Building,04,domestic,,2022,483,bronze/education-higher-ed/education_he-student-enrolments-pivot_2024.xlsx
The University of Western Australia,Architecture and Building,04,domestic,,2023,498,bronze/education-higher-ed/education_he-student-enrolments-pivot_2024.xlsx
The University of Western Australia,Architecture and Building,04,domestic,,2024,478,bronze/education-higher-ed/education_he-student-enrolments-pivot_2024.xlsx
The University of Western Australia,Architecture and Building,04,international,,2020,148,bronze/education-higher-ed/education_he-student-enrolments-pivot_2024.xlsx
The University of Western Australia,Architecture and Building,04,international,,2021,141,bronze/education-higher-ed/education_he-student-enrolments-pivot_2024.xlsx
The University of Western Australia,Architecture and Building,04,international,,2022,203,bronze/education-higher-ed/education_he-student-enrolments-pivot_2024.xlsx
The University of Western Australia,Architecture and Building,04,international,,2023,225,bronze/education-higher-ed/education_he-student-enrolments-pivot_2024.xlsx
The University of Western Australia,Architecture and Building,04,international,,2024,261,bronze/education-higher-ed/education_he-student-enrolments-pivot_2024.xlsx
The University of Western Australia,Creative Arts,10,domestic,,2020,59,bronze/education-higher-ed/education_he-student-enrolments-pivot_2024.xlsx
The University of Western Australia,Creative Arts,10,domestic,,2021,159,bronze/education-higher-ed/education_he-student-enrolments-pivot_2024.xlsx
The University of Western Australia,Creative Arts,10,domestic,,2022,174,bronze/education-higher-ed/education_he-student-enrolments-pivot_2024.xlsx
The University of Western Australia,Creative Arts,10,domestic,,2023,144,bronze/education-higher-ed/education_he-student-enrolments-pivot_2024.xlsx
The University of Western Australia,Creative Arts,10,domestic,,2024,146,bronze/education-higher-ed/education_he-student-enrolments-pivot_2024.xlsx
The University of Western Australia,Creative Arts,10,international,,2020,23,bronze/education-higher-ed/education_he-student-enrolments-pivot_2024.xlsx
The University of Western Australia,Creative Arts,10,international,,2021,27,bronze/education-higher-ed/education_he-student-enrolments-pivot_2024.xlsx
The University of Western Australia,Creative Arts,10,international,,2022,33,bronze/education-higher-ed/education_he-student-enrolments-pivot_2024.xlsx
The University of Western Australia,Creative Arts,10,international,,2023,65,bronze/education-higher-ed/education_he-student-enrolments-pivot_2024.xlsx
The University of Western Australia,Creative Arts,10,international,,2024,116,bronze/education-higher-ed/education_he-student-enrolments-pivot_2024.xlsx
The University of Western Australia,Education,07,domestic,,2020,479,bronze/education-higher-ed/education_he-student-enrolments-pivot_2024.xlsx
The University of Western Australia,Education,07,domestic,,2021,504,bronze/education-higher-ed/education_he-student-enrolments-pivot_2024.xlsx
The University of Western Australia,Education,07,domestic,,2022,424,bronze/education-higher-ed/education_he-student-enrolments-pivot_2024.xlsx
The University of Western Australia,Education,07,domestic,,2023,321,bronze/education-higher-ed/education_he-student-enrolments-pivot_2024.xlsx
The University of Western Australia,Education,07,domestic,,2024,290,bronze/education-higher-ed/education_he-student-enrolments-pivot_2024.xlsx
The University of Western Australia,Education,07,international,,2020,99,bronze/education-higher-ed/education_he-student-enrolments-pivot_2024.xlsx
The University of Western Australia,Education,07,international,,2021,84,bronze/education-higher-ed/education_he-student-enrolments-pivot_2024.xlsx
The University of Western Australia,Education,07,international,,2022,53,bronze/education-higher-ed/education_he-student-enrolments-pivot_2024.xlsx
The University of Western Australia,Education,07,international,,2023,38,bronze/education-higher-ed/education_he-student-enrolments-pivot_2024.xlsx
The University of Western Australia,Education,07,international,,2024,30,bronze/education-higher-ed/education_he-student-enrolments-pivot_2024.xlsx
The University of Western Australia,Engineering and Related Technologies,03,domestic,,2020,857,bronze/education-higher-ed/education_he-student-enrolments-pivot_2024.xlsx
The University of Western Australia,Engineering and Related Technologies,03,domestic,,2021,813,bronze/education-higher-ed/education_he-student-enrolments-pivot_2024.xlsx
The University of Western Australia,Engineering and Related Technologies,03,domestic,,2022,1364,bronze/education-higher-ed/education_he-student-enrolments-pivot_2024.xlsx
The University of Western Australia,Engineering and Related Technologies,03,domestic,,2023,1841,bronze/education-higher-ed/education_he-student-enrolments-pivot_2024.xlsx
The University of Western Australia,Engineering and Related Technologies,03,domestic,,2024,2421,bronze/education-higher-ed/education_he-student-enrolments-pivot_2024.xlsx
The University of Western Australia,Engineering and Related Technologies,03,international,,2020,727,bronze/education-higher-ed/education_he-student-enrolments-pivot_2024.xlsx
The University of Western Australia,Engineering and Related Technologies,03,international,,2021,490,bronze/education-higher-ed/education_he-student-enrolments-pivot_2024.xlsx
The University of Western Australia,Engineering and Related Technologies,03,international,,2022,487,bronze/education-higher-ed/education_he-student-enrolments-pivot_2024.xlsx
The University of Western Australia,Engineering and Related Technologies,03,international,,2023,827,bronze/education-higher-ed/education_he-student-enrolments-pivot_2024.xlsx
The University of Western Australia,Engineering and Related Technologies,03,international,,2024,1194,bronze/education-higher-ed/education_he-student-enrolments-pivot_2024.xlsx
The University of Western Australia,Health,06,domestic,,2020,1714,bronze/education-higher-ed/education_he-student-enrolments-pivot_2024.xlsx
The University of Western Australia,Health,06,domestic,,2021,2176,bronze/education-higher-ed/education_he-student-enrolments-pivot_2024.xlsx
The University of Western Australia,Health,06,domestic,,2022,2478,bronze/education-higher-ed/education_he-student-enrolments-pivot_2024.xlsx
The University of Western Australia,Health,06,domestic,,2023,2462,bronze/education-higher-ed/education_he-student-enrolments-pivot_2024.xlsx
The University of Western Australia,Health,06,domestic,,2024,2535,bronze/education-higher-ed/education_he-student-enrolments-pivot_2024.xlsx
The University of Western Australia,Health,06,international,,2020,241,bronze/education-higher-ed/education_he-student-enrolments-pivot_2024.xlsx
The University of Western Australia,Health,06,international,,2021,470,bronze/education-higher-ed/education_he-student-enrolments-pivot_2024.xlsx
The University of Western Australia,Health,06,international,,2022,609,bronze/education-higher-ed/education_he-student-enrolments-pivot_2024.xlsx
The University of Western Australia,Health,06,international,,2023,565,bronze/education-higher-ed/education_he-student-enrolments-pivot_2024.xlsx
The University of Western Australia,Health,06,international,,2024,856,bronze/education-higher-ed/education_he-student-enrolments-pivot_2024.xlsx
The University of Western Australia,Information Technology,02,domestic,,2020,191,bronze/education-higher-ed/education_he-student-enrolments-pivot_2024.xlsx
The University of Western Australia,Information Technology,02,domestic,,2021,242,bronze/education-higher-ed/education_he-student-enrolments-pivot_2024.xlsx
The University of Western Australia,Information Technology,02,domestic,,2022,273,bronze/education-higher-ed/education_he-student-enrolments-pivot_2024.xlsx
The University of Western Australia,Information Technology,02,domestic,,2023,292,bronze/education-higher-ed/education_he-student-enrolments-pivot_2024.xlsx
The University of Western Australia,Information Technology,02,domestic,,2024,280,bronze/education-higher-ed/education_he-student-enrolments-pivot_2024.xlsx
The University of Western Australia,Information Technology,02,international,,2020,179,bronze/education-higher-ed/education_he-student-enrolments-pivot_2024.xlsx
The University of Western Australia,Information Technology,02,international,,2021,213,bronze/education-higher-ed/education_he-student-enrolments-pivot_2024.xlsx
The University of Western Australia,Information Technology,02,international,,2022,220,bronze/education-higher-ed/education_he-student-enrolments-pivot_2024.xlsx
The University of Western Australia,Information Technology,02,international,,2023,528,bronze/education-higher-ed/education_he-student-enrolments-pivot_2024.xlsx
The University of Western Australia,Information Technology,02,international,,2024,940,bronze/education-higher-ed/education_he-student-enrolments-pivot_2024.xlsx
The University of Western Australia,Management and Commerce,08,domestic,,2020,3358,bronze/education-higher-ed/education_he-student-enrolments-pivot_2024.xlsx
The University of Western Australia,Management and Commerce,08,domestic,,2021,3402,bronze/education-higher-ed/education_he-student-enrolments-pivot_2024.xlsx
The University of Western Australia,Management and Commerce,08,domestic,,2022,3149,bronze/education-higher-ed/education_he-student-enrolments-pivot_2024.xlsx
The University of Western Australia,Management and Commerce,08,domestic,,2023,2948,bronze/education-higher-ed/education_he-student-enrolments-pivot_2024.xlsx
The University of Western Australia,Management and Commerce,08,domestic,,2024,2927,bronze/education-higher-ed/education_he-student-enrolments-pivot_2024.xlsx
The University of Western Australia,Management and Commerce,08,international,,2020,1796,bronze/education-higher-ed/education_he-student-enrolments-pivot_2024.xlsx
The University of Western Australia,Management and Commerce,08,international,,2021,1720,bronze/education-higher-ed/education_he-student-enrolments-pivot_2024.xlsx
The University of Western Australia,Management and Commerce,08,international,,2022,1677,bronze/education-higher-ed/education_he-student-enrolments-pivot_2024.xlsx
The University of Western Australia,Management and Commerce,08,international,,2023,2006,bronze/education-higher-ed/education_he-student-enrolments-pivot_2024.xlsx
The University of Western Australia,Management and Commerce,08,international,,2024,3388,bronze/education-higher-ed/education_he-student-enrolments-pivot_2024.xlsx
The University of Western Australia,Mixed Field Programmes,12,domestic,,2020,65,bronze/education-higher-ed/education_he-student-enrolments-pivot_2024.xlsx
The University of Western Australia,Mixed Field Programmes,12,domestic,,2021,64,bronze/education-higher-ed/education_he-student-enrolments-pivot_2024.xlsx
The University of Western Australia,Mixed Field Programmes,12,domestic,,2022,50,bronze/education-higher-ed/education_he-student-enrolments-pivot_2024.xlsx
The University of Western Australia,Mixed Field Programmes,12,domestic,,2023,41,bronze/education-higher-ed/education_he-student-enrolments-pivot_2024.xlsx
The University of Western Australia,Mixed Field Programmes,12,domestic,,2024,43,bronze/education-higher-ed/education_he-student-enrolments-pivot_2024.xlsx
The University of Western Australia,Natural and Physical Sciences,01,domestic,,2020,7063,bronze/education-higher-ed/education_he-student-enrolments-pivot_2024.xlsx
The University of Western Australia,Natural and Physical Sciences,01,domestic,,2021,7721,bronze/education-higher-ed/education_he-student-enrolments-pivot_2024.xlsx
The University of Western Australia,Natural and Physical Sciences,01,domestic,,2022,6756,bronze/education-higher-ed/education_he-student-enrolments-pivot_2024.xlsx
The University of Western Australia,Natural and Physical Sciences,01,domestic,,2023,5959,bronze/education-higher-ed/education_he-student-enrolments-pivot_2024.xlsx
The University of Western Australia,Natural and Physical Sciences,01,domestic,,2024,5408,bronze/education-higher-ed/education_he-student-enrolments-pivot_2024.xlsx
The University of Western Australia,Natural and Physical Sciences,01,international,,2020,1326,bronze/education-higher-ed/education_he-student-enrolments-pivot_2024.xlsx
The University of Western Australia,Natural and Physical Sciences,01,international,,2021,1333,bronze/education-higher-ed/education_he-student-enrolments-pivot_2024.xlsx
The University of Western Australia,Natural and Physical Sciences,01,international,,2022,1261,bronze/education-higher-ed/education_he-student-enrolments-pivot_2024.xlsx
The University of Western Australia,Natural and Physical Sciences,01,international,,2023,1337,bronze/education-higher-ed/education_he-student-enrolments-pivot_2024.xlsx
The University of Western Australia,Natural and Physical Sciences,01,international,,2024,1598,bronze/education-higher-ed/education_he-student-enrolments-pivot_2024.xlsx
The University of Western Australia,Non-Award Courses,,domestic,,2020,55,bronze/education-higher-ed/education_he-student-enrolments-pivot_2024.xlsx
The University of Western Australia,Non-Award Courses,,domestic,,2021,327,bronze/education-higher-ed/education_he-student-enrolments-pivot_2024.xlsx
The University of Western Australia,Non-Award Courses,,domestic,,2022,290,bronze/education-higher-ed/education_he-student-enrolments-pivot_2024.xlsx
The University of Western Australia,Non-Award Courses,,domestic,,2023,501,bronze/education-higher-ed/education_he-student-enrolments-pivot_2024.xlsx
The University of Western Australia,Non-Award Courses,,domestic,,2024,25,bronze/education-higher-ed/education_he-student-enrolments-pivot_2024.xlsx
The University of Western Australia,Non-Award Courses,,international,,2020,13,bronze/education-higher-ed/education_he-student-enrolments-pivot_2024.xlsx
The University of Western Australia,Non-Award Courses,,international,,2021,195,bronze/education-higher-ed/education_he-student-enrolments-pivot_2024.xlsx
The University of Western Australia,Non-Award Courses,,international,,2022,119,bronze/education-higher-ed/education_he-student-enrolments-pivot_2024.xlsx
The University of Western Australia,Non-Award Courses,,international,,2023,232,bronze/education-higher-ed/education_he-student-enrolments-pivot_2024.xlsx
The University of Western Australia,Non-Award Courses,,international,,2024,200,bronze/education-higher-ed/education_he-student-enrolments-pivot_2024.xlsx
The University of Western Australia,Society and Culture,09,domestic,,2020,4624,bronze/education-higher-ed/education_he-student-enrolments-pivot_2024.xlsx
The University of Western Australia,Society and Culture,09,domestic,,2021,5141,bronze/education-higher-ed/education_he-student-enrolments-pivot_2024.xlsx
The University of Western Australia,Society and Culture,09,domestic,,2022,5241,bronze/education-higher-ed/education_he-student-enrolments-pivot_2024.xlsx
The University of Western Australia,Society and Culture,09,domestic,,2023,5008,bronze/education-higher-ed/education_he-student-enrolments-pivot_2024.xlsx
The University of Western Australia,Society and Culture,09,domestic,,2024,4789,bronze/education-higher-ed/education_he-student-enrolments-pivot_2024.xlsx
The University of Western Australia,Society and Culture,09,international,,2020,537,bronze/education-higher-ed/education_he-student-enrolments-pivot_2024.xlsx
The University of Western Australia,Society and Culture,09,international,,2021,533,bronze/education-higher-ed/education_he-student-enrolments-pivot_2024.xlsx
The University of Western Australia,Society and Culture,09,international,,2022,542,bronze/education-higher-ed/education_he-student-enrolments-pivot_2024.xlsx
The University of Western Australia,Society and Culture,09,international,,2023,662,bronze/education-higher-ed/education_he-student-enrolments-pivot_2024.xlsx
The University of Western Australia,Society and Culture,09,international,,2024,902,bronze/education-higher-ed/education_he-student-enrolments-pivot_2024.xlsx
Torrens University Australia,Architecture and Building,04,domestic,,2020,1285,bronze/education-higher-ed/education_he-student-enrolments-pivot_2024.xlsx
Torrens University Australia,Architecture and Building,04,domestic,,2021,1320,bronze/education-higher-ed/education_he-student-enrolments-pivot_2024.xlsx
Torrens University Australia,Architecture and Building,04,domestic,,2022,1326,bronze/education-higher-ed/education_he-student-enrolments-pivot_2024.xlsx
Torrens University Australia,Architecture and Building,04,domestic,,2023,1372,bronze/education-higher-ed/education_he-student-enrolments-pivot_2024.xlsx
Torrens University Australia,Architecture and Building,04,domestic,,2024,1352,bronze/education-higher-ed/education_he-student-enrolments-pivot_2024.xlsx
Torrens University Australia,Architecture and Building,04,international,,2020,118,bronze/education-higher-ed/education_he-student-enrolments-pivot_2024.xlsx
Torrens University Australia,Architecture and Building,04,international,,2021,138,bronze/education-higher-ed/education_he-student-enrolments-pivot_2024.xlsx
Torrens University Australia,Architecture and Building,04,international,,2022,155,bronze/education-higher-ed/education_he-student-enrolments-pivot_2024.xlsx
Torrens University Australia,Architecture and Building,04,international,,2023,145,bronze/education-higher-ed/education_he-student-enrolments-pivot_2024.xlsx
Torrens University Australia,Architecture and Building,04,international,,2024,148,bronze/education-higher-ed/education_he-student-enrolments-pivot_2024.xlsx
Torrens University Australia,Creative Arts,10,domestic,,2020,2554,bronze/education-higher-ed/education_he-student-enrolments-pivot_2024.xlsx
Torrens University Australia,Creative Arts,10,domestic,,2021,2624,bronze/education-higher-ed/education_he-student-enrolments-pivot_2024.xlsx
Torrens University Australia,Creative Arts,10,domestic,,2022,2844,bronze/education-higher-ed/education_he-student-enrolments-pivot_2024.xlsx
Torrens University Australia,Creative Arts,10,domestic,,2023,2691,bronze/education-higher-ed/education_he-student-enrolments-pivot_2024.xlsx
Torrens University Australia,Creative Arts,10,domestic,,2024,2428,bronze/education-higher-ed/education_he-student-enrolments-pivot_2024.xlsx
Torrens University Australia,Creative Arts,10,international,,2020,335,bronze/education-higher-ed/education_he-student-enrolments-pivot_2024.xlsx
Torrens University Australia,Creative Arts,10,international,,2021,339,bronze/education-higher-ed/education_he-student-enrolments-pivot_2024.xlsx
Torrens University Australia,Creative Arts,10,international,,2022,423,bronze/education-higher-ed/education_he-student-enrolments-pivot_2024.xlsx
Torrens University Australia,Creative Arts,10,international,,2023,432,bronze/education-higher-ed/education_he-student-enrolments-pivot_2024.xlsx
Torrens University Australia,Creative Arts,10,international,,2024,410,bronze/education-higher-ed/education_he-student-enrolments-pivot_2024.xlsx
Torrens University Australia,Education,07,domestic,,2020,265,bronze/education-higher-ed/education_he-student-enrolments-pivot_2024.xlsx
Torrens University Australia,Education,07,domestic,,2021,254,bronze/education-higher-ed/education_he-student-enrolments-pivot_2024.xlsx
Torrens University Australia,Education,07,domestic,,2022,295,bronze/education-higher-ed/education_he-student-enrolments-pivot_2024.xlsx
Torrens University Australia,Education,07,domestic,,2023,292,bronze/education-higher-ed/education_he-student-enrolments-pivot_2024.xlsx
Torrens University Australia,Education,07,domestic,,2024,204,bronze/education-higher-ed/education_he-student-enrolments-pivot_2024.xlsx
Torrens University Australia,Education,07,international,,2020,209,bronze/education-higher-ed/education_he-student-enrolments-pivot_2024.xlsx
Torrens University Australia,Education,07,international,,2021,249,bronze/education-higher-ed/education_he-student-enrolments-pivot_2024.xlsx
Torrens University Australia,Education,07,international,,2022,236,bronze/education-higher-ed/education_he-student-enrolments-pivot_2024.xlsx
Torrens University Australia,Education,07,international,,2023,225,bronze/education-higher-ed/education_he-student-enrolments-pivot_2024.xlsx
Torrens University Australia,Education,07,international,,2024,270,bronze/education-higher-ed/education_he-student-enrolments-pivot_2024.xlsx
Torrens University Australia,Engineering and Related Technologies,03,domestic,,2020,2,bronze/education-higher-ed/education_he-student-enrolments-pivot_2024.xlsx
Torrens University Australia,Engineering and Related Technologies,03,domestic,,2021,4,bronze/education-higher-ed/education_he-student-enrolments-pivot_2024.xlsx
Torrens University Australia,Engineering and Related Technologies,03,domestic,,2022,0,bronze/education-higher-ed/education_he-student-enrolments-pivot_2024.xlsx
Torrens University Australia,Engineering and Related Technologies,03,domestic,,2023,8,bronze/education-higher-ed/education_he-student-enrolments-pivot_2024.xlsx
Torrens University Australia,Engineering and Related Technologies,03,domestic,,2024,2,bronze/education-higher-ed/education_he-student-enrolments-pivot_2024.xlsx
Torrens University Australia,Engineering and Related Technologies,03,international,,2021,0,bronze/education-higher-ed/education_he-student-enrolments-pivot_2024.xlsx
Torrens University Australia,Engineering and Related Technologies,03,international,,2022,4,bronze/education-higher-ed/education_he-student-enrolments-pivot_2024.xlsx
Torrens University Australia,Engineering and Related Technologies,03,international,,2023,4,bronze/education-higher-ed/education_he-student-enrolments-pivot_2024.xlsx
Torrens University Australia,"Food, Hospitality and Personal Services",11,domestic,,2020,116,bronze/education-higher-ed/education_he-student-enrolments-pivot_2024.xlsx
Torrens University Australia,"Food, Hospitality and Personal Services",11,domestic,,2021,66,bronze/education-higher-ed/education_he-student-enrolments-pivot_2024.xlsx
Torrens University Australia,"Food, Hospitality and Personal Services",11,domestic,,2022,45,bronze/education-higher-ed/education_he-student-enrolments-pivot_2024.xlsx
Torrens University Australia,"Food, Hospitality and Personal Services",11,domestic,,2023,50,bronze/education-higher-ed/education_he-student-enrolments-pivot_2024.xlsx
Torrens University Australia,"Food, Hospitality and Personal Services",11,domestic,,2024,53,bronze/education-higher-ed/education_he-student-enrolments-pivot_2024.xlsx
Torrens University Australia,"Food, Hospitality and Personal Services",11,international,,2020,3,bronze/education-higher-ed/education_he-student-enrolments-pivot_2024.xlsx
Torrens University Australia,"Food, Hospitality and Personal Services",11,international,,2021,3,bronze/education-higher-ed/education_he-student-enrolments-pivot_2024.xlsx
Torrens University Australia,"Food, Hospitality and Personal Services",11,international,,2022,2,bronze/education-higher-ed/education_he-student-enrolments-pivot_2024.xlsx
Torrens University Australia,Health,06,domestic,,2020,3107,bronze/education-higher-ed/education_he-student-enrolments-pivot_2024.xlsx
Torrens University Australia,Health,06,domestic,,2021,3526,bronze/education-higher-ed/education_he-student-enrolments-pivot_2024.xlsx
Torrens University Australia,Health,06,domestic,,2022,3777,bronze/education-higher-ed/education_he-student-enrolments-pivot_2024.xlsx
Torrens University Australia,Health,06,domestic,,2023,3894,bronze/education-higher-ed/education_he-student-enrolments-pivot_2024.xlsx
Torrens University Australia,Health,06,domestic,,2024,4021,bronze/education-higher-ed/education_he-student-enrolments-pivot_2024.xlsx
Torrens University Australia,Health,06,international,,2020,2122,bronze/education-higher-ed/education_he-student-enrolments-pivot_2024.xlsx
Torrens University Australia,Health,06,international,,2021,1781,bronze/education-higher-ed/education_he-student-enrolments-pivot_2024.xlsx
Torrens University Australia,Health,06,international,,2022,1453,bronze/education-higher-ed/education_he-student-enrolments-pivot_2024.xlsx
Torrens University Australia,Health,06,international,,2023,1822,bronze/education-higher-ed/education_he-student-enrolments-pivot_2024.xlsx
Torrens University Australia,Health,06,international,,2024,2454,bronze/education-higher-ed/education_he-student-enrolments-pivot_2024.xlsx
Torrens University Australia,Information Technology,02,domestic,,2020,228,bronze/education-higher-ed/education_he-student-enrolments-pivot_2024.xlsx
Torrens University Australia,Information Technology,02,domestic,,2021,311,bronze/education-higher-ed/education_he-student-enrolments-pivot_2024.xlsx
Torrens University Australia,Information Technology,02,domestic,,2022,476,bronze/education-higher-ed/education_he-student-enrolments-pivot_2024.xlsx
Torrens University Australia,Information Technology,02,domestic,,2023,956,bronze/education-higher-ed/education_he-student-enrolments-pivot_2024.xlsx
Torrens University Australia,Information Technology,02,domestic,,2024,1242,bronze/education-higher-ed/education_he-student-enrolments-pivot_2024.xlsx
Torrens University Australia,Information Technology,02,international,,2020,1128,bronze/education-higher-ed/education_he-student-enrolments-pivot_2024.xlsx
Torrens University Australia,Information Technology,02,international,,2021,2899,bronze/education-higher-ed/education_he-student-enrolments-pivot_2024.xlsx
Torrens University Australia,Information Technology,02,international,,2022,3030,bronze/education-higher-ed/education_he-student-enrolments-pivot_2024.xlsx
Torrens University Australia,Information Technology,02,international,,2023,2888,bronze/education-higher-ed/education_he-student-enrolments-pivot_2024.xlsx
Torrens University Australia,Information Technology,02,international,,2024,3051,bronze/education-higher-ed/education_he-student-enrolments-pivot_2024.xlsx
Torrens University Australia,Management and Commerce,08,domestic,,2020,2925,bronze/education-higher-ed/education_he-student-enrolments-pivot_2024.xlsx
Torrens University Australia,Management and Commerce,08,domestic,,2021,2484,bronze/education-higher-ed/education_he-student-enrolments-pivot_2024.xlsx
Torrens University Australia,Management and Commerce,08,domestic,,2022,2956,bronze/education-higher-ed/education_he-student-enrolments-pivot_2024.xlsx
Torrens University Australia,Management and Commerce,08,domestic,,2023,3167,bronze/education-higher-ed/education_he-student-enrolments-pivot_2024.xlsx
Torrens University Australia,Management and Commerce,08,domestic,,2024,3639,bronze/education-higher-ed/education_he-student-enrolments-pivot_2024.xlsx
Torrens University Australia,Management and Commerce,08,international,,2020,8626,bronze/education-higher-ed/education_he-student-enrolments-pivot_2024.xlsx
Torrens University Australia,Management and Commerce,08,international,,2021,6513,bronze/education-higher-ed/education_he-student-enrolments-pivot_2024.xlsx
Torrens University Australia,Management and Commerce,08,international,,2022,5778,bronze/education-higher-ed/education_he-student-enrolments-pivot_2024.xlsx
Torrens University Australia,Management and Commerce,08,international,,2023,4964,bronze/education-higher-ed/education_he-student-enrolments-pivot_2024.xlsx
Torrens University Australia,Management and Commerce,08,international,,2024,4390,bronze/education-higher-ed/education_he-student-enrolments-pivot_2024.xlsx
Torrens University Australia,Non-Award Courses,,domestic,,2023,0,bronze/education-higher-ed/education_he-student-enrolments-pivot_2024.xlsx
Torrens University Australia,Non-Award Courses,,international,,2023,0,bronze/education-higher-ed/education_he-student-enrolments-pivot_2024.xlsx
Torrens University Australia,Non-Award Courses,,international,,2024,8,bronze/education-higher-ed/education_he-student-enrolments-pivot_2024.xlsx
Torrens University Australia,Society and Culture,09,domestic,,2020,238,bronze/education-higher-ed/education_he-student-enrolments-pivot_2024.xlsx
Torrens University Australia,Society and Culture,09,domestic,,2021,464,bronze/education-higher-ed/education_he-student-enrolments-pivot_2024.xlsx
Torrens University Australia,Society and Culture,09,domestic,,2022,825,bronze/education-higher-ed/education_he-student-enrolments-pivot_2024.xlsx
Torrens University Australia,Society and Culture,09,domestic,,2023,1042,bronze/education-higher-ed/education_he-student-enrolments-pivot_2024.xlsx
Torrens University Australia,Society and Culture,09,domestic,,2024,1171,bronze/education-higher-ed/education_he-student-enrolments-pivot_2024.xlsx
Torrens University Australia,Society and Culture,09,international,,2020,8,bronze/education-higher-ed/education_he-student-enrolments-pivot_2024.xlsx
Torrens University Australia,Society and Culture,09,international,,2021,481,bronze/education-higher-ed/education_he-student-enrolments-pivot_2024.xlsx
Torrens University Australia,Society and Culture,09,international,,2022,1073,bronze/education-higher-ed/education_he-student-enrolments-pivot_2024.xlsx
Torrens University Australia,Society and Culture,09,international,,2023,881,bronze/education-higher-ed/education_he-student-enrolments-pivot_2024.xlsx
Torrens University Australia,Society and Culture,09,international,,2024,602,bronze/education-higher-ed/education_he-student-enrolments-pivot_2024.xlsx
University of Canberra,"Agriculture, Environmental and Related Studies",05,domestic,,2020,124,bronze/education-higher-ed/education_he-student-enrolments-pivot_2024.xlsx
University of Canberra,"Agriculture, Environmental and Related Studies",05,domestic,,2021,133,bronze/education-higher-ed/education_he-student-enrolments-pivot_2024.xlsx
University of Canberra,"Agriculture, Environmental and Related Studies",05,domestic,,2022,148,bronze/education-higher-ed/education_he-student-enrolments-pivot_2024.xlsx
University of Canberra,"Agriculture, Environmental and Related Studies",05,domestic,,2023,137,bronze/education-higher-ed/education_he-student-enrolments-pivot_2024.xlsx
University of Canberra,"Agriculture, Environmental and Related Studies",05,domestic,,2024,98,bronze/education-higher-ed/education_he-student-enrolments-pivot_2024.xlsx
University of Canberra,"Agriculture, Environmental and Related Studies",05,international,,2020,5,bronze/education-higher-ed/education_he-student-enrolments-pivot_2024.xlsx
University of Canberra,"Agriculture, Environmental and Related Studies",05,international,,2021,11,bronze/education-higher-ed/education_he-student-enrolments-pivot_2024.xlsx
University of Canberra,"Agriculture, Environmental and Related Studies",05,international,,2022,7,bronze/education-higher-ed/education_he-student-enrolments-pivot_2024.xlsx
University of Canberra,"Agriculture, Environmental and Related Studies",05,international,,2023,11,bronze/education-higher-ed/education_he-student-enrolments-pivot_2024.xlsx
University of Canberra,"Agriculture, Environmental and Related Studies",05,international,,2024,5,bronze/education-higher-ed/education_he-student-enrolments-pivot_2024.xlsx
University of Canberra,Architecture and Building,04,domestic,,2020,612,bronze/education-higher-ed/education_he-student-enrolments-pivot_2024.xlsx
University of Canberra,Architecture and Building,04,domestic,,2021,647,bronze/education-higher-ed/education_he-student-enrolments-pivot_2024.xlsx
University of Canberra,Architecture and Building,04,domestic,,2022,607,bronze/education-higher-ed/education_he-student-enrolments-pivot_2024.xlsx
University of Canberra,Architecture and Building,04,domestic,,2023,576,bronze/education-higher-ed/education_he-student-enrolments-pivot_2024.xlsx
University of Canberra,Architecture and Building,04,domestic,,2024,512,bronze/education-higher-ed/education_he-student-enrolments-pivot_2024.xlsx
University of Canberra,Architecture and Building,04,international,,2020,156,bronze/education-higher-ed/education_he-student-enrolments-pivot_2024.xlsx
University of Canberra,Architecture and Building,04,international,,2021,152,bronze/education-higher-ed/education_he-student-enrolments-pivot_2024.xlsx
University of Canberra,Architecture and Building,04,international,,2022,149,bronze/education-higher-ed/education_he-student-enrolments-pivot_2024.xlsx
University of Canberra,Architecture and Building,04,international,,2023,179,bronze/education-higher-ed/education_he-student-enrolments-pivot_2024.xlsx
University of Canberra,Architecture and Building,04,international,,2024,173,bronze/education-higher-ed/education_he-student-enrolments-pivot_2024.xlsx
University of Canberra,Creative Arts,10,domestic,,2020,1275,bronze/education-higher-ed/education_he-student-enrolments-pivot_2024.xlsx
University of Canberra,Creative Arts,10,domestic,,2021,1240,bronze/education-higher-ed/education_he-student-enrolments-pivot_2024.xlsx
University of Canberra,Creative Arts,10,domestic,,2022,1128,bronze/education-higher-ed/education_he-student-enrolments-pivot_2024.xlsx
University of Canberra,Creative Arts,10,domestic,,2023,1060,bronze/education-higher-ed/education_he-student-enrolments-pivot_2024.xlsx
University of Canberra,Creative Arts,10,domestic,,2024,1011,bronze/education-higher-ed/education_he-student-enrolments-pivot_2024.xlsx
University of Canberra,Creative Arts,10,international,,2020,271,bronze/education-higher-ed/education_he-student-enrolments-pivot_2024.xlsx
University of Canberra,Creative Arts,10,international,,2021,233,bronze/education-higher-ed/education_he-student-enrolments-pivot_2024.xlsx
University of Canberra,Creative Arts,10,international,,2022,189,bronze/education-higher-ed/education_he-student-enrolments-pivot_2024.xlsx
University of Canberra,Creative Arts,10,international,,2023,177,bronze/education-higher-ed/education_he-student-enrolments-pivot_2024.xlsx
University of Canberra,Creative Arts,10,international,,2024,118,bronze/education-higher-ed/education_he-student-enrolments-pivot_2024.xlsx
University of Canberra,Education,07,domestic,,2020,1500,bronze/education-higher-ed/education_he-student-enrolments-pivot_2024.xlsx
University of Canberra,Education,07,domestic,,2021,1525,bronze/education-higher-ed/education_he-student-enrolments-pivot_2024.xlsx
University of Canberra,Education,07,domestic,,2022,1457,bronze/education-higher-ed/education_he-student-enrolments-pivot_2024.xlsx
University of Canberra,Education,07,domestic,,2023,1389,bronze/education-higher-ed/education_he-student-enrolments-pivot_2024.xlsx
University of Canberra,Education,07,domestic,,2024,1551,bronze/education-higher-ed/education_he-student-enrolments-pivot_2024.xlsx
University of Canberra,Education,07,international,,2020,345,bronze/education-higher-ed/education_he-student-enrolments-pivot_2024.xlsx
University of Canberra,Education,07,international,,2021,322,bronze/education-higher-ed/education_he-student-enrolments-pivot_2024.xlsx
University of Canberra,Education,07,international,,2022,377,bronze/education-higher-ed/education_he-student-enrolments-pivot_2024.xlsx
University of Canberra,Education,07,international,,2023,408,bronze/education-higher-ed/education_he-student-enrolments-pivot_2024.xlsx
University of Canberra,Education,07,international,,2024,482,bronze/education-higher-ed/education_he-student-enrolments-pivot_2024.xlsx
University of Canberra,Engineering and Related Technologies,03,domestic,,2020,175,bronze/education-higher-ed/education_he-student-enrolments-pivot_2024.xlsx
University of Canberra,Engineering and Related Technologies,03,domestic,,2021,221,bronze/education-higher-ed/education_he-student-enrolments-pivot_2024.xlsx
University of Canberra,Engineering and Related Technologies,03,domestic,,2022,214,bronze/education-higher-ed/education_he-student-enrolments-pivot_2024.xlsx
University of Canberra,Engineering and Related Technologies,03,domestic,,2023,201,bronze/education-higher-ed/education_he-student-enrolments-pivot_2024.xlsx
University of Canberra,Engineering and Related Technologies,03,domestic,,2024,195,bronze/education-higher-ed/education_he-student-enrolments-pivot_2024.xlsx
University of Canberra,Engineering and Related Technologies,03,international,,2020,42,bronze/education-higher-ed/education_he-student-enrolments-pivot_2024.xlsx
University of Canberra,Engineering and Related Technologies,03,international,,2021,57,bronze/education-higher-ed/education_he-student-enrolments-pivot_2024.xlsx
University of Canberra,Engineering and Related Technologies,03,international,,2022,30,bronze/education-higher-ed/education_he-student-enrolments-pivot_2024.xlsx
University of Canberra,Engineering and Related Technologies,03,international,,2023,39,bronze/education-higher-ed/education_he-student-enrolments-pivot_2024.xlsx
University of Canberra,Engineering and Related Technologies,03,international,,2024,42,bronze/education-higher-ed/education_he-student-enrolments-pivot_2024.xlsx
University of Canberra,Health,06,domestic,,2020,2958,bronze/education-higher-ed/education_he-student-enrolments-pivot_2024.xlsx
University of Canberra,Health,06,domestic,,2021,3181,bronze/education-higher-ed/education_he-student-enrolments-pivot_2024.xlsx
University of Canberra,Health,06,domestic,,2022,3179,bronze/education-higher-ed/education_he-student-enrolments-pivot_2024.xlsx
University of Canberra,Health,06,domestic,,2023,2973,bronze/education-higher-ed/education_he-student-enrolments-pivot_2024.xlsx
University of Canberra,Health,06,domestic,,2024,2809,bronze/education-higher-ed/education_he-student-enrolments-pivot_2024.xlsx
University of Canberra,Health,06,international,,2020,554,bronze/education-higher-ed/education_he-student-enrolments-pivot_2024.xlsx
University of Canberra,Health,06,international,,2021,635,bronze/education-higher-ed/education_he-student-enrolments-pivot_2024.xlsx
University of Canberra,Health,06,international,,2022,718,bronze/education-higher-ed/education_he-student-enrolments-pivot_2024.xlsx
University of Canberra,Health,06,international,,2023,894,bronze/education-higher-ed/education_he-student-enrolments-pivot_2024.xlsx
University of Canberra,Health,06,international,,2024,1022,bronze/education-higher-ed/education_he-student-enrolments-pivot_2024.xlsx
University of Canberra,Information Technology,02,domestic,,2020,898,bronze/education-higher-ed/education_he-student-enrolments-pivot_2024.xlsx
University of Canberra,Information Technology,02,domestic,,2021,956,bronze/education-higher-ed/education_he-student-enrolments-pivot_2024.xlsx
University of Canberra,Information Technology,02,domestic,,2022,939,bronze/education-higher-ed/education_he-student-enrolments-pivot_2024.xlsx
University of Canberra,Information Technology,02,domestic,,2023,938,bronze/education-higher-ed/education_he-student-enrolments-pivot_2024.xlsx
University of Canberra,Information Technology,02,domestic,,2024,848,bronze/education-higher-ed/education_he-student-enrolments-pivot_2024.xlsx
University of Canberra,Information Technology,02,international,,2020,715,bronze/education-higher-ed/education_he-student-enrolments-pivot_2024.xlsx
University of Canberra,Information Technology,02,international,,2021,839,bronze/education-higher-ed/education_he-student-enrolments-pivot_2024.xlsx
University of Canberra,Information Technology,02,international,,2022,1132,bronze/education-higher-ed/education_he-student-enrolments-pivot_2024.xlsx
University of Canberra,Information Technology,02,international,,2023,1348,bronze/education-higher-ed/education_he-student-enrolments-pivot_2024.xlsx
University of Canberra,Information Technology,02,international,,2024,1228,bronze/education-higher-ed/education_he-student-enrolments-pivot_2024.xlsx
University of Canberra,Management and Commerce,08,domestic,,2020,1769,bronze/education-higher-ed/education_he-student-enrolments-pivot_2024.xlsx
University of Canberra,Management and Commerce,08,domestic,,2021,1580,bronze/education-higher-ed/education_he-student-enrolments-pivot_2024.xlsx
University of Canberra,Management and Commerce,08,domestic,,2022,1379,bronze/education-higher-ed/education_he-student-enrolments-pivot_2024.xlsx
University of Canberra,Management and Commerce,08,domestic,,2023,1221,bronze/education-higher-ed/education_he-student-enrolments-pivot_2024.xlsx
University of Canberra,Management and Commerce,08,domestic,,2024,1081,bronze/education-higher-ed/education_he-student-enrolments-pivot_2024.xlsx
University of Canberra,Management and Commerce,08,international,,2020,1207,bronze/education-higher-ed/education_he-student-enrolments-pivot_2024.xlsx
University of Canberra,Management and Commerce,08,international,,2021,1047,bronze/education-higher-ed/education_he-student-enrolments-pivot_2024.xlsx
University of Canberra,Management and Commerce,08,international,,2022,1065,bronze/education-higher-ed/education_he-student-enrolments-pivot_2024.xlsx
University of Canberra,Management and Commerce,08,international,,2023,1080,bronze/education-higher-ed/education_he-student-enrolments-pivot_2024.xlsx
University of Canberra,Management and Commerce,08,international,,2024,981,bronze/education-higher-ed/education_he-student-enrolments-pivot_2024.xlsx
University of Canberra,Natural and Physical Sciences,01,domestic,,2020,667,bronze/education-higher-ed/education_he-student-enrolments-pivot_2024.xlsx
University of Canberra,Natural and Physical Sciences,01,domestic,,2021,708,bronze/education-higher-ed/education_he-student-enrolments-pivot_2024.xlsx
University of Canberra,Natural and Physical Sciences,01,domestic,,2022,553,bronze/education-higher-ed/education_he-student-enrolments-pivot_2024.xlsx
University of Canberra,Natural and Physical Sciences,01,domestic,,2023,461,bronze/education-higher-ed/education_he-student-enrolments-pivot_2024.xlsx
University of Canberra,Natural and Physical Sciences,01,domestic,,2024,338,bronze/education-higher-ed/education_he-student-enrolments-pivot_2024.xlsx
University of Canberra,Natural and Physical Sciences,01,international,,2020,78,bronze/education-higher-ed/education_he-student-enrolments-pivot_2024.xlsx
University of Canberra,Natural and Physical Sciences,01,international,,2021,62,bronze/education-higher-ed/education_he-student-enrolments-pivot_2024.xlsx
University of Canberra,Natural and Physical Sciences,01,international,,2022,62,bronze/education-higher-ed/education_he-student-enrolments-pivot_2024.xlsx
University of Canberra,Natural and Physical Sciences,01,international,,2023,60,bronze/education-higher-ed/education_he-student-enrolments-pivot_2024.xlsx
University of Canberra,Natural and Physical Sciences,01,international,,2024,42,bronze/education-higher-ed/education_he-student-enrolments-pivot_2024.xlsx
University of Canberra,Non-Award Courses,,domestic,,2020,21,bronze/education-higher-ed/education_he-student-enrolments-pivot_2024.xlsx
University of Canberra,Non-Award Courses,,domestic,,2021,16,bronze/education-higher-ed/education_he-student-enrolments-pivot_2024.xlsx
University of Canberra,Non-Award Courses,,domestic,,2022,9,bronze/education-higher-ed/education_he-student-enrolments-pivot_2024.xlsx
University of Canberra,Non-Award Courses,,domestic,,2023,11,bronze/education-higher-ed/education_he-student-enrolments-pivot_2024.xlsx
University of Canberra,Non-Award Courses,,domestic,,2024,3,bronze/education-higher-ed/education_he-student-enrolments-pivot_2024.xlsx
University of Canberra,Non-Award Courses,,international,,2020,48,bronze/education-higher-ed/education_he-student-enrolments-pivot_2024.xlsx
University of Canberra,Non-Award Courses,,international,,2022,36,bronze/education-higher-ed/education_he-student-enrolments-pivot_2024.xlsx
University of Canberra,Non-Award Courses,,international,,2023,41,bronze/education-higher-ed/education_he-student-enrolments-pivot_2024.xlsx
University of Canberra,Non-Award Courses,,international,,2024,46,bronze/education-higher-ed/education_he-student-enrolments-pivot_2024.xlsx
University of Canberra,Society and Culture,09,domestic,,2020,2677,bronze/education-higher-ed/education_he-student-enrolments-pivot_2024.xlsx
University of Canberra,Society and Culture,09,domestic,,2021,2571,bronze/education-higher-ed/education_he-student-enrolments-pivot_2024.xlsx
University of Canberra,Society and Culture,09,domestic,,2022,3296,bronze/education-higher-ed/education_he-student-enrolments-pivot_2024.xlsx
University of Canberra,Society and Culture,09,domestic,,2023,3779,bronze/education-higher-ed/education_he-student-enrolments-pivot_2024.xlsx
University of Canberra,Society and Culture,09,domestic,,2024,4017,bronze/education-higher-ed/education_he-student-enrolments-pivot_2024.xlsx
University of Canberra,Society and Culture,09,international,,2020,226,bronze/education-higher-ed/education_he-student-enrolments-pivot_2024.xlsx
University of Canberra,Society and Culture,09,international,,2021,220,bronze/education-higher-ed/education_he-student-enrolments-pivot_2024.xlsx
University of Canberra,Society and Culture,09,international,,2022,175,bronze/education-higher-ed/education_he-student-enrolments-pivot_2024.xlsx
University of Canberra,Society and Culture,09,international,,2023,164,bronze/education-higher-ed/education_he-student-enrolments-pivot_2024.xlsx
University of Canberra,Society and Culture,09,international,,2024,151,bronze/education-higher-ed/education_he-student-enrolments-pivot_2024.xlsx
University of Divinity,Non-Award Courses,,domestic,,2021,23,bronze/education-higher-ed/education_he-student-enrolments-pivot_2024.xlsx
University of Divinity,Non-Award Courses,,domestic,,2022,64,bronze/education-higher-ed/education_he-student-enrolments-pivot_2024.xlsx
University of Divinity,Non-Award Courses,,domestic,,2023,16,bronze/education-higher-ed/education_he-student-enrolments-pivot_2024.xlsx
University of Divinity,Non-Award Courses,,domestic,,2024,48,bronze/education-higher-ed/education_he-student-enrolments-pivot_2024.xlsx
University of Divinity,Non-Award Courses,,international,,2021,5,bronze/education-higher-ed/education_he-student-enrolments-pivot_2024.xlsx
University of Divinity,Non-Award Courses,,international,,2022,8,bronze/education-higher-ed/education_he-student-enrolments-pivot_2024.xlsx
University of Divinity,Non-Award Courses,,international,,2023,7,bronze/education-higher-ed/education_he-student-enrolments-pivot_2024.xlsx
University of Divinity,Non-Award Courses,,international,,2024,1,bronze/education-higher-ed/education_he-student-enrolments-pivot_2024.xlsx
University of Divinity,Society and Culture,09,domestic,,2020,1300,bronze/education-higher-ed/education_he-student-enrolments-pivot_2024.xlsx
University of Divinity,Society and Culture,09,domestic,,2021,1256,bronze/education-higher-ed/education_he-student-enrolments-pivot_2024.xlsx
University of Divinity,Society and Culture,09,domestic,,2022,1206,bronze/education-higher-ed/education_he-student-enrolments-pivot_2024.xlsx
University of Divinity,Society and Culture,09,domestic,,2023,1121,bronze/education-higher-ed/education_he-student-enrolments-pivot_2024.xlsx
University of Divinity,Society and Culture,09,domestic,,2024,1073,bronze/education-higher-ed/education_he-student-enrolments-pivot_2024.xlsx
University of Divinity,Society and Culture,09,international,,2020,168,bronze/education-higher-ed/education_he-student-enrolments-pivot_2024.xlsx
University of Divinity,Society and Culture,09,international,,2021,119,bronze/education-higher-ed/education_he-student-enrolments-pivot_2024.xlsx
University of Divinity,Society and Culture,09,international,,2022,109,bronze/education-higher-ed/education_he-student-enrolments-pivot_2024.xlsx
University of Divinity,Society and Culture,09,international,,2023,138,bronze/education-higher-ed/education_he-student-enrolments-pivot_2024.xlsx
University of Divinity,Society and Culture,09,international,,2024,123,bronze/education-higher-ed/education_he-student-enrolments-pivot_2024.xlsx
University of New South Wales,"Agriculture, Environmental and Related Studies",05,domestic,,2020,88,bronze/education-higher-ed/education_he-student-enrolments-pivot_2024.xlsx
University of New South Wales,"Agriculture, Environmental and Related Studies",05,domestic,,2021,56,bronze/education-higher-ed/education_he-student-enrolments-pivot_2024.xlsx
University of New South Wales,"Agriculture, Environmental and Related Studies",05,domestic,,2022,76,bronze/education-higher-ed/education_he-student-enrolments-pivot_2024.xlsx
University of New South Wales,"Agriculture, Environmental and Related Studies",05,domestic,,2023,73,bronze/education-higher-ed/education_he-student-enrolments-pivot_2024.xlsx
University of New South Wales,"Agriculture, Environmental and Related Studies",05,domestic,,2024,91,bronze/education-higher-ed/education_he-student-enrolments-pivot_2024.xlsx
University of New South Wales,"Agriculture, Environmental and Related Studies",05,international,,2020,77,bronze/education-higher-ed/education_he-student-enrolments-pivot_2024.xlsx
University of New South Wales,"Agriculture, Environmental and Related Studies",05,international,,2021,59,bronze/education-higher-ed/education_he-student-enrolments-pivot_2024.xlsx
University of New South Wales,"Agriculture, Environmental and Related Studies",05,international,,2022,58,bronze/education-higher-ed/education_he-student-enrolments-pivot_2024.xlsx
University of New South Wales,"Agriculture, Environmental and Related Studies",05,international,,2023,69,bronze/education-higher-ed/education_he-student-enrolments-pivot_2024.xlsx
University of New South Wales,"Agriculture, Environmental and Related Studies",05,international,,2024,116,bronze/education-higher-ed/education_he-student-enrolments-pivot_2024.xlsx
University of New South Wales,Architecture and Building,04,domestic,,2020,1907,bronze/education-higher-ed/education_he-student-enrolments-pivot_2024.xlsx
University of New South Wales,Architecture and Building,04,domestic,,2021,1914,bronze/education-higher-ed/education_he-student-enrolments-pivot_2024.xlsx
University of New South Wales,Architecture and Building,04,domestic,,2022,1835,bronze/education-higher-ed/education_he-student-enrolments-pivot_2024.xlsx
University of New South Wales,Architecture and Building,04,domestic,,2023,1694,bronze/education-higher-ed/education_he-student-enrolments-pivot_2024.xlsx
University of New South Wales,Architecture and Building,04,domestic,,2024,1730,bronze/education-higher-ed/education_he-student-enrolments-pivot_2024.xlsx
University of New South Wales,Architecture and Building,04,international,,2020,1309,bronze/education-higher-ed/education_he-student-enrolments-pivot_2024.xlsx
University of New South Wales,Architecture and Building,04,international,,2021,1243,bronze/education-higher-ed/education_he-student-enrolments-pivot_2024.xlsx
University of New South Wales,Architecture and Building,04,international,,2022,1100,bronze/education-higher-ed/education_he-student-enrolments-pivot_2024.xlsx
University of New South Wales,Architecture and Building,04,international,,2023,1120,bronze/education-higher-ed/education_he-student-enrolments-pivot_2024.xlsx
University of New South Wales,Architecture and Building,04,international,,2024,1330,bronze/education-higher-ed/education_he-student-enrolments-pivot_2024.xlsx
University of New South Wales,Creative Arts,10,domestic,,2020,2293,bronze/education-higher-ed/education_he-student-enrolments-pivot_2024.xlsx
University of New South Wales,Creative Arts,10,domestic,,2021,2220,bronze/education-higher-ed/education_he-student-enrolments-pivot_2024.xlsx
University of New South Wales,Creative Arts,10,domestic,,2022,2036,bronze/education-higher-ed/education_he-student-enrolments-pivot_2024.xlsx
University of New South Wales,Creative Arts,10,domestic,,2023,1990,bronze/education-higher-ed/education_he-student-enrolments-pivot_2024.xlsx
University of New South Wales,Creative Arts,10,domestic,,2024,1970,bronze/education-higher-ed/education_he-student-enrolments-pivot_2024.xlsx
University of New South Wales,Creative Arts,10,international,,2020,1167,bronze/education-higher-ed/education_he-student-enrolments-pivot_2024.xlsx
University of New South Wales,Creative Arts,10,international,,2021,1324,bronze/education-higher-ed/education_he-student-enrolments-pivot_2024.xlsx
University of New South Wales,Creative Arts,10,international,,2022,1344,bronze/education-higher-ed/education_he-student-enrolments-pivot_2024.xlsx
University of New South Wales,Creative Arts,10,international,,2023,1849,bronze/education-higher-ed/education_he-student-enrolments-pivot_2024.xlsx
University of New South Wales,Creative Arts,10,international,,2024,3098,bronze/education-higher-ed/education_he-student-enrolments-pivot_2024.xlsx
University of New South Wales,Education,07,domestic,,2020,829,bronze/education-higher-ed/education_he-student-enrolments-pivot_2024.xlsx
University of New South Wales,Education,07,domestic,,2021,1041,bronze/education-higher-ed/education_he-student-enrolments-pivot_2024.xlsx
University of New South Wales,Education,07,domestic,,2022,1080,bronze/education-higher-ed/education_he-student-enrolments-pivot_2024.xlsx
University of New South Wales,Education,07,domestic,,2023,1004,bronze/education-higher-ed/education_he-student-enrolments-pivot_2024.xlsx
University of New South Wales,Education,07,domestic,,2024,1063,bronze/education-higher-ed/education_he-student-enrolments-pivot_2024.xlsx
University of New South Wales,Education,07,international,,2020,58,bronze/education-higher-ed/education_he-student-enrolments-pivot_2024.xlsx
University of New South Wales,Education,07,international,,2021,55,bronze/education-higher-ed/education_he-student-enrolments-pivot_2024.xlsx
University of New South Wales,Education,07,international,,2022,65,bronze/education-higher-ed/education_he-student-enrolments-pivot_2024.xlsx
University of New South Wales,Education,07,international,,2023,146,bronze/education-higher-ed/education_he-student-enrolments-pivot_2024.xlsx
University of New South Wales,Education,07,international,,2024,585,bronze/education-higher-ed/education_he-student-enrolments-pivot_2024.xlsx
University of New South Wales,Engineering and Related Technologies,03,domestic,,2020,5693,bronze/education-higher-ed/education_he-student-enrolments-pivot_2024.xlsx
University of New South Wales,Engineering and Related Technologies,03,domestic,,2021,5960,bronze/education-higher-ed/education_he-student-enrolments-pivot_2024.xlsx
University of New South Wales,Engineering and Related Technologies,03,domestic,,2022,6015,bronze/education-higher-ed/education_he-student-enrolments-pivot_2024.xlsx
University of New South Wales,Engineering and Related Technologies,03,domestic,,2023,6037,bronze/education-higher-ed/education_he-student-enrolments-pivot_2024.xlsx
University of New South Wales,Engineering and Related Technologies,03,domestic,,2024,6349,bronze/education-higher-ed/education_he-student-enrolments-pivot_2024.xlsx
University of New South Wales,Engineering and Related Technologies,03,international,,2020,6071,bronze/education-higher-ed/education_he-student-enrolments-pivot_2024.xlsx
University of New South Wales,Engineering and Related Technologies,03,international,,2021,5329,bronze/education-higher-ed/education_he-student-enrolments-pivot_2024.xlsx
University of New South Wales,Engineering and Related Technologies,03,international,,2022,4664,bronze/education-higher-ed/education_he-student-enrolments-pivot_2024.xlsx
University of New South Wales,Engineering and Related Technologies,03,international,,2023,4995,bronze/education-higher-ed/education_he-student-enrolments-pivot_2024.xlsx
University of New South Wales,Engineering and Related Technologies,03,international,,2024,6649,bronze/education-higher-ed/education_he-student-enrolments-pivot_2024.xlsx
University of New South Wales,Health,06,domestic,,2020,3253,bronze/education-higher-ed/education_he-student-enrolments-pivot_2024.xlsx
University of New South Wales,Health,06,domestic,,2021,3295,bronze/education-higher-ed/education_he-student-enrolments-pivot_2024.xlsx
University of New South Wales,Health,06,domestic,,2022,3491,bronze/education-higher-ed/education_he-student-enrolments-pivot_2024.xlsx
University of New South Wales,Health,06,domestic,,2023,3843,bronze/education-higher-ed/education_he-student-enrolments-pivot_2024.xlsx
University of New South Wales,Health,06,domestic,,2024,4041,bronze/education-higher-ed/education_he-student-enrolments-pivot_2024.xlsx
University of New South Wales,Health,06,international,,2020,864,bronze/education-higher-ed/education_he-student-enrolments-pivot_2024.xlsx
University of New South Wales,Health,06,international,,2021,830,bronze/education-higher-ed/education_he-student-enrolments-pivot_2024.xlsx
University of New South Wales,Health,06,international,,2022,868,bronze/education-higher-ed/education_he-student-enrolments-pivot_2024.xlsx
University of New South Wales,Health,06,international,,2023,947,bronze/education-higher-ed/education_he-student-enrolments-pivot_2024.xlsx
University of New South Wales,Health,06,international,,2024,1066,bronze/education-higher-ed/education_he-student-enrolments-pivot_2024.xlsx
University of New South Wales,Information Technology,02,domestic,,2020,3311,bronze/education-higher-ed/education_he-student-enrolments-pivot_2024.xlsx
University of New South Wales,Information Technology,02,domestic,,2021,4173,bronze/education-higher-ed/education_he-student-enrolments-pivot_2024.xlsx
University of New South Wales,Information Technology,02,domestic,,2022,4718,bronze/education-higher-ed/education_he-student-enrolments-pivot_2024.xlsx
University of New South Wales,Information Technology,02,domestic,,2023,5395,bronze/education-higher-ed/education_he-student-enrolments-pivot_2024.xlsx
University of New South Wales,Information Technology,02,domestic,,2024,5757,bronze/education-higher-ed/education_he-student-enrolments-pivot_2024.xlsx
University of New South Wales,Information Technology,02,international,,2020,2319,bronze/education-higher-ed/education_he-student-enrolments-pivot_2024.xlsx
University of New South Wales,Information Technology,02,international,,2021,2478,bronze/education-higher-ed/education_he-student-enrolments-pivot_2024.xlsx
University of New South Wales,Information Technology,02,international,,2022,2714,bronze/education-higher-ed/education_he-student-enrolments-pivot_2024.xlsx
University of New South Wales,Information Technology,02,international,,2023,3737,bronze/education-higher-ed/education_he-student-enrolments-pivot_2024.xlsx
University of New South Wales,Information Technology,02,international,,2024,5584,bronze/education-higher-ed/education_he-student-enrolments-pivot_2024.xlsx
University of New South Wales,Management and Commerce,08,domestic,,2020,10323,bronze/education-higher-ed/education_he-student-enrolments-pivot_2024.xlsx
University of New South Wales,Management and Commerce,08,domestic,,2021,10676,bronze/education-higher-ed/education_he-student-enrolments-pivot_2024.xlsx
University of New South Wales,Management and Commerce,08,domestic,,2022,10620,bronze/education-higher-ed/education_he-student-enrolments-pivot_2024.xlsx
University of New South Wales,Management and Commerce,08,domestic,,2023,10409,bronze/education-higher-ed/education_he-student-enrolments-pivot_2024.xlsx
University of New South Wales,Management and Commerce,08,domestic,,2024,10588,bronze/education-higher-ed/education_he-student-enrolments-pivot_2024.xlsx
University of New South Wales,Management and Commerce,08,international,,2020,6886,bronze/education-higher-ed/education_he-student-enrolments-pivot_2024.xlsx
University of New South Wales,Management and Commerce,08,international,,2021,8121,bronze/education-higher-ed/education_he-student-enrolments-pivot_2024.xlsx
University of New South Wales,Management and Commerce,08,international,,2022,9080,bronze/education-higher-ed/education_he-student-enrolments-pivot_2024.xlsx
University of New South Wales,Management and Commerce,08,international,,2023,9957,bronze/education-higher-ed/education_he-student-enrolments-pivot_2024.xlsx
University of New South Wales,Management and Commerce,08,international,,2024,13110,bronze/education-higher-ed/education_he-student-enrolments-pivot_2024.xlsx
University of New South Wales,Natural and Physical Sciences,01,domestic,,2020,5348,bronze/education-higher-ed/education_he-student-enrolments-pivot_2024.xlsx
University of New South Wales,Natural and Physical Sciences,01,domestic,,2021,5803,bronze/education-higher-ed/education_he-student-enrolments-pivot_2024.xlsx
University of New South Wales,Natural and Physical Sciences,01,domestic,,2022,5524,bronze/education-higher-ed/education_he-student-enrolments-pivot_2024.xlsx
University of New South Wales,Natural and Physical Sciences,01,domestic,,2023,5135,bronze/education-higher-ed/education_he-student-enrolments-pivot_2024.xlsx
University of New South Wales,Natural and Physical Sciences,01,domestic,,2024,5144,bronze/education-higher-ed/education_he-student-enrolments-pivot_2024.xlsx
University of New South Wales,Natural and Physical Sciences,01,international,,2020,1393,bronze/education-higher-ed/education_he-student-enrolments-pivot_2024.xlsx
University of New South Wales,Natural and Physical Sciences,01,international,,2021,1494,bronze/education-higher-ed/education_he-student-enrolments-pivot_2024.xlsx
University of New South Wales,Natural and Physical Sciences,01,international,,2022,1503,bronze/education-higher-ed/education_he-student-enrolments-pivot_2024.xlsx
University of New South Wales,Natural and Physical Sciences,01,international,,2023,1672,bronze/education-higher-ed/education_he-student-enrolments-pivot_2024.xlsx
University of New South Wales,Natural and Physical Sciences,01,international,,2024,2315,bronze/education-higher-ed/education_he-student-enrolments-pivot_2024.xlsx
University of New South Wales,Non-Award Courses,,domestic,,2020,375,bronze/education-higher-ed/education_he-student-enrolments-pivot_2024.xlsx
University of New South Wales,Non-Award Courses,,domestic,,2021,310,bronze/education-higher-ed/education_he-student-enrolments-pivot_2024.xlsx
University of New South Wales,Non-Award Courses,,domestic,,2022,237,bronze/education-higher-ed/education_he-student-enrolments-pivot_2024.xlsx
University of New South Wales,Non-Award Courses,,domestic,,2023,224,bronze/education-higher-ed/education_he-student-enrolments-pivot_2024.xlsx
University of New South Wales,Non-Award Courses,,domestic,,2024,244,bronze/education-higher-ed/education_he-student-enrolments-pivot_2024.xlsx
University of New South Wales,Non-Award Courses,,international,,2020,1125,bronze/education-higher-ed/education_he-student-enrolments-pivot_2024.xlsx
University of New South Wales,Non-Award Courses,,international,,2021,167,bronze/education-higher-ed/education_he-student-enrolments-pivot_2024.xlsx
University of New South Wales,Non-Award Courses,,international,,2022,407,bronze/education-higher-ed/education_he-student-enrolments-pivot_2024.xlsx
University of New South Wales,Non-Award Courses,,international,,2023,816,bronze/education-higher-ed/education_he-student-enrolments-pivot_2024.xlsx
University of New South Wales,Non-Award Courses,,international,,2024,1014,bronze/education-higher-ed/education_he-student-enrolments-pivot_2024.xlsx
University of New South Wales,Society and Culture,09,domestic,,2020,6711,bronze/education-higher-ed/education_he-student-enrolments-pivot_2024.xlsx
University of New South Wales,Society and Culture,09,domestic,,2021,7201,bronze/education-higher-ed/education_he-student-enrolments-pivot_2024.xlsx
University of New South Wales,Society and Culture,09,domestic,,2022,7118,bronze/education-higher-ed/education_he-student-enrolments-pivot_2024.xlsx
University of New South Wales,Society and Culture,09,domestic,,2023,6803,bronze/education-higher-ed/education_he-student-enrolments-pivot_2024.xlsx
University of New South Wales,Society and Culture,09,domestic,,2024,6862,bronze/education-higher-ed/education_he-student-enrolments-pivot_2024.xlsx
University of New South Wales,Society and Culture,09,international,,2020,1886,bronze/education-higher-ed/education_he-student-enrolments-pivot_2024.xlsx
University of New South Wales,Society and Culture,09,international,,2021,1851,bronze/education-higher-ed/education_he-student-enrolments-pivot_2024.xlsx
University of New South Wales,Society and Culture,09,international,,2022,1911,bronze/education-higher-ed/education_he-student-enrolments-pivot_2024.xlsx
University of New South Wales,Society and Culture,09,international,,2023,2427,bronze/education-higher-ed/education_he-student-enrolments-pivot_2024.xlsx
University of New South Wales,Society and Culture,09,international,,2024,3577,bronze/education-higher-ed/education_he-student-enrolments-pivot_2024.xlsx
University of South Australia,"Agriculture, Environmental and Related Studies",05,domestic,,2020,120,bronze/education-higher-ed/education_he-student-enrolments-pivot_2024.xlsx
University of South Australia,"Agriculture, Environmental and Related Studies",05,domestic,,2021,120,bronze/education-higher-ed/education_he-student-enrolments-pivot_2024.xlsx
University of South Australia,"Agriculture, Environmental and Related Studies",05,domestic,,2022,122,bronze/education-higher-ed/education_he-student-enrolments-pivot_2024.xlsx
University of South Australia,"Agriculture, Environmental and Related Studies",05,domestic,,2023,98,bronze/education-higher-ed/education_he-student-enrolments-pivot_2024.xlsx
University of South Australia,"Agriculture, Environmental and Related Studies",05,domestic,,2024,132,bronze/education-higher-ed/education_he-student-enrolments-pivot_2024.xlsx
University of South Australia,"Agriculture, Environmental and Related Studies",05,international,,2020,95,bronze/education-higher-ed/education_he-student-enrolments-pivot_2024.xlsx
University of South Australia,"Agriculture, Environmental and Related Studies",05,international,,2021,39,bronze/education-higher-ed/education_he-student-enrolments-pivot_2024.xlsx
University of South Australia,"Agriculture, Environmental and Related Studies",05,international,,2022,40,bronze/education-higher-ed/education_he-student-enrolments-pivot_2024.xlsx
University of South Australia,"Agriculture, Environmental and Related Studies",05,international,,2023,39,bronze/education-higher-ed/education_he-student-enrolments-pivot_2024.xlsx
University of South Australia,"Agriculture, Environmental and Related Studies",05,international,,2024,41,bronze/education-higher-ed/education_he-student-enrolments-pivot_2024.xlsx
University of South Australia,Architecture and Building,04,domestic,,2020,1830,bronze/education-higher-ed/education_he-student-enrolments-pivot_2024.xlsx
University of South Australia,Architecture and Building,04,domestic,,2021,1840,bronze/education-higher-ed/education_he-student-enrolments-pivot_2024.xlsx
University of South Australia,Architecture and Building,04,domestic,,2022,1787,bronze/education-higher-ed/education_he-student-enrolments-pivot_2024.xlsx
University of South Australia,Architecture and Building,04,domestic,,2023,1807,bronze/education-higher-ed/education_he-student-enrolments-pivot_2024.xlsx
University of South Australia,Architecture and Building,04,domestic,,2024,1851,bronze/education-higher-ed/education_he-student-enrolments-pivot_2024.xlsx
University of South Australia,Architecture and Building,04,international,,2020,376,bronze/education-higher-ed/education_he-student-enrolments-pivot_2024.xlsx
University of South Australia,Architecture and Building,04,international,,2021,301,bronze/education-higher-ed/education_he-student-enrolments-pivot_2024.xlsx
University of South Australia,Architecture and Building,04,international,,2022,285,bronze/education-higher-ed/education_he-student-enrolments-pivot_2024.xlsx
University of South Australia,Architecture and Building,04,international,,2023,299,bronze/education-higher-ed/education_he-student-enrolments-pivot_2024.xlsx
University of South Australia,Architecture and Building,04,international,,2024,296,bronze/education-higher-ed/education_he-student-enrolments-pivot_2024.xlsx
University of South Australia,Creative Arts,10,domestic,,2020,2264,bronze/education-higher-ed/education_he-student-enrolments-pivot_2024.xlsx
University of South Australia,Creative Arts,10,domestic,,2021,2283,bronze/education-higher-ed/education_he-student-enrolments-pivot_2024.xlsx
University of South Australia,Creative Arts,10,domestic,,2022,2016,bronze/education-higher-ed/education_he-student-enrolments-pivot_2024.xlsx
University of South Australia,Creative Arts,10,domestic,,2023,1695,bronze/education-higher-ed/education_he-student-enrolments-pivot_2024.xlsx
University of South Australia,Creative Arts,10,domestic,,2024,1508,bronze/education-higher-ed/education_he-student-enrolments-pivot_2024.xlsx
University of South Australia,Creative Arts,10,international,,2020,261,bronze/education-higher-ed/education_he-student-enrolments-pivot_2024.xlsx
University of South Australia,Creative Arts,10,international,,2021,270,bronze/education-higher-ed/education_he-student-enrolments-pivot_2024.xlsx
University of South Australia,Creative Arts,10,international,,2022,298,bronze/education-higher-ed/education_he-student-enrolments-pivot_2024.xlsx
University of South Australia,Creative Arts,10,international,,2023,276,bronze/education-higher-ed/education_he-student-enrolments-pivot_2024.xlsx
University of South Australia,Creative Arts,10,international,,2024,311,bronze/education-higher-ed/education_he-student-enrolments-pivot_2024.xlsx
University of South Australia,Education,07,domestic,,2020,3397,bronze/education-higher-ed/education_he-student-enrolments-pivot_2024.xlsx
University of South Australia,Education,07,domestic,,2021,3429,bronze/education-higher-ed/education_he-student-enrolments-pivot_2024.xlsx
University of South Australia,Education,07,domestic,,2022,3310,bronze/education-higher-ed/education_he-student-enrolments-pivot_2024.xlsx
University of South Australia,Education,07,domestic,,2023,3137,bronze/education-higher-ed/education_he-student-enrolments-pivot_2024.xlsx
University of South Australia,Education,07,domestic,,2024,3179,bronze/education-higher-ed/education_he-student-enrolments-pivot_2024.xlsx
University of South Australia,Education,07,international,,2020,309,bronze/education-higher-ed/education_he-student-enrolments-pivot_2024.xlsx
University of South Australia,Education,07,international,,2021,254,bronze/education-higher-ed/education_he-student-enrolments-pivot_2024.xlsx
University of South Australia,Education,07,international,,2022,282,bronze/education-higher-ed/education_he-student-enrolments-pivot_2024.xlsx
University of South Australia,Education,07,international,,2023,330,bronze/education-higher-ed/education_he-student-enrolments-pivot_2024.xlsx
University of South Australia,Education,07,international,,2024,392,bronze/education-higher-ed/education_he-student-enrolments-pivot_2024.xlsx
University of South Australia,Engineering and Related Technologies,03,domestic,,2020,1187,bronze/education-higher-ed/education_he-student-enrolments-pivot_2024.xlsx
University of South Australia,Engineering and Related Technologies,03,domestic,,2021,1527,bronze/education-higher-ed/education_he-student-enrolments-pivot_2024.xlsx
University of South Australia,Engineering and Related Technologies,03,domestic,,2022,1547,bronze/education-higher-ed/education_he-student-enrolments-pivot_2024.xlsx
University of South Australia,Engineering and Related Technologies,03,domestic,,2023,1441,bronze/education-higher-ed/education_he-student-enrolments-pivot_2024.xlsx
University of South Australia,Engineering and Related Technologies,03,domestic,,2024,1368,bronze/education-higher-ed/education_he-student-enrolments-pivot_2024.xlsx
University of South Australia,Engineering and Related Technologies,03,international,,2020,1315,bronze/education-higher-ed/education_he-student-enrolments-pivot_2024.xlsx
University of South Australia,Engineering and Related Technologies,03,international,,2021,1061,bronze/education-higher-ed/education_he-student-enrolments-pivot_2024.xlsx
University of South Australia,Engineering and Related Technologies,03,international,,2022,887,bronze/education-higher-ed/education_he-student-enrolments-pivot_2024.xlsx
University of South Australia,Engineering and Related Technologies,03,international,,2023,939,bronze/education-higher-ed/education_he-student-enrolments-pivot_2024.xlsx
University of South Australia,Engineering and Related Technologies,03,international,,2024,811,bronze/education-higher-ed/education_he-student-enrolments-pivot_2024.xlsx
University of South Australia,Health,06,domestic,,2020,8049,bronze/education-higher-ed/education_he-student-enrolments-pivot_2024.xlsx
University of South Australia,Health,06,domestic,,2021,8698,bronze/education-higher-ed/education_he-student-enrolments-pivot_2024.xlsx
University of South Australia,Health,06,domestic,,2022,8442,bronze/education-higher-ed/education_he-student-enrolments-pivot_2024.xlsx
University of South Australia,Health,06,domestic,,2023,8239,bronze/education-higher-ed/education_he-student-enrolments-pivot_2024.xlsx
University of South Australia,Health,06,domestic,,2024,8453,bronze/education-higher-ed/education_he-student-enrolments-pivot_2024.xlsx
University of South Australia,Health,06,international,,2020,753,bronze/education-higher-ed/education_he-student-enrolments-pivot_2024.xlsx
University of South Australia,Health,06,international,,2021,651,bronze/education-higher-ed/education_he-student-enrolments-pivot_2024.xlsx
University of South Australia,Health,06,international,,2022,735,bronze/education-higher-ed/education_he-student-enrolments-pivot_2024.xlsx
University of South Australia,Health,06,international,,2023,731,bronze/education-higher-ed/education_he-student-enrolments-pivot_2024.xlsx
University of South Australia,Health,06,international,,2024,879,bronze/education-higher-ed/education_he-student-enrolments-pivot_2024.xlsx
University of South Australia,Information Technology,02,domestic,,2020,1452,bronze/education-higher-ed/education_he-student-enrolments-pivot_2024.xlsx
University of South Australia,Information Technology,02,domestic,,2021,1566,bronze/education-higher-ed/education_he-student-enrolments-pivot_2024.xlsx
University of South Australia,Information Technology,02,domestic,,2022,1496,bronze/education-higher-ed/education_he-student-enrolments-pivot_2024.xlsx
University of South Australia,Information Technology,02,domestic,,2023,1425,bronze/education-higher-ed/education_he-student-enrolments-pivot_2024.xlsx
University of South Australia,Information Technology,02,domestic,,2024,1513,bronze/education-higher-ed/education_he-student-enrolments-pivot_2024.xlsx
University of South Australia,Information Technology,02,international,,2020,1011,bronze/education-higher-ed/education_he-student-enrolments-pivot_2024.xlsx
University of South Australia,Information Technology,02,international,,2021,751,bronze/education-higher-ed/education_he-student-enrolments-pivot_2024.xlsx
University of South Australia,Information Technology,02,international,,2022,910,bronze/education-higher-ed/education_he-student-enrolments-pivot_2024.xlsx
University of South Australia,Information Technology,02,international,,2023,1143,bronze/education-higher-ed/education_he-student-enrolments-pivot_2024.xlsx
University of South Australia,Information Technology,02,international,,2024,1134,bronze/education-higher-ed/education_he-student-enrolments-pivot_2024.xlsx
University of South Australia,Management and Commerce,08,domestic,,2020,6420,bronze/education-higher-ed/education_he-student-enrolments-pivot_2024.xlsx
University of South Australia,Management and Commerce,08,domestic,,2021,6280,bronze/education-higher-ed/education_he-student-enrolments-pivot_2024.xlsx
University of South Australia,Management and Commerce,08,domestic,,2022,5617,bronze/education-higher-ed/education_he-student-enrolments-pivot_2024.xlsx
University of South Australia,Management and Commerce,08,domestic,,2023,4891,bronze/education-higher-ed/education_he-student-enrolments-pivot_2024.xlsx
University of South Australia,Management and Commerce,08,domestic,,2024,4364,bronze/education-higher-ed/education_he-student-enrolments-pivot_2024.xlsx
University of South Australia,Management and Commerce,08,international,,2020,2190,bronze/education-higher-ed/education_he-student-enrolments-pivot_2024.xlsx
University of South Australia,Management and Commerce,08,international,,2021,1636,bronze/education-higher-ed/education_he-student-enrolments-pivot_2024.xlsx
University of South Australia,Management and Commerce,08,international,,2022,1612,bronze/education-higher-ed/education_he-student-enrolments-pivot_2024.xlsx
University of South Australia,Management and Commerce,08,international,,2023,1862,bronze/education-higher-ed/education_he-student-enrolments-pivot_2024.xlsx
University of South Australia,Management and Commerce,08,international,,2024,1637,bronze/education-higher-ed/education_he-student-enrolments-pivot_2024.xlsx
University of South Australia,Mixed Field Programmes,12,domestic,,2020,1144,bronze/education-higher-ed/education_he-student-enrolments-pivot_2024.xlsx
University of South Australia,Mixed Field Programmes,12,domestic,,2021,1014,bronze/education-higher-ed/education_he-student-enrolments-pivot_2024.xlsx
University of South Australia,Mixed Field Programmes,12,domestic,,2022,746,bronze/education-higher-ed/education_he-student-enrolments-pivot_2024.xlsx
University of South Australia,Mixed Field Programmes,12,domestic,,2023,647,bronze/education-higher-ed/education_he-student-enrolments-pivot_2024.xlsx
University of South Australia,Mixed Field Programmes,12,domestic,,2024,629,bronze/education-higher-ed/education_he-student-enrolments-pivot_2024.xlsx
University of South Australia,Natural and Physical Sciences,01,domestic,,2020,735,bronze/education-higher-ed/education_he-student-enrolments-pivot_2024.xlsx
University of South Australia,Natural and Physical Sciences,01,domestic,,2021,667,bronze/education-higher-ed/education_he-student-enrolments-pivot_2024.xlsx
University of South Australia,Natural and Physical Sciences,01,domestic,,2022,606,bronze/education-higher-ed/education_he-student-enrolments-pivot_2024.xlsx
University of South Australia,Natural and Physical Sciences,01,domestic,,2023,525,bronze/education-higher-ed/education_he-student-enrolments-pivot_2024.xlsx
University of South Australia,Natural and Physical Sciences,01,domestic,,2024,571,bronze/education-higher-ed/education_he-student-enrolments-pivot_2024.xlsx
University of South Australia,Natural and Physical Sciences,01,international,,2020,203,bronze/education-higher-ed/education_he-student-enrolments-pivot_2024.xlsx
University of South Australia,Natural and Physical Sciences,01,international,,2021,174,bronze/education-higher-ed/education_he-student-enrolments-pivot_2024.xlsx
University of South Australia,Natural and Physical Sciences,01,international,,2022,207,bronze/education-higher-ed/education_he-student-enrolments-pivot_2024.xlsx
University of South Australia,Natural and Physical Sciences,01,international,,2023,233,bronze/education-higher-ed/education_he-student-enrolments-pivot_2024.xlsx
University of South Australia,Natural and Physical Sciences,01,international,,2024,198,bronze/education-higher-ed/education_he-student-enrolments-pivot_2024.xlsx
University of South Australia,Non-Award Courses,,domestic,,2020,114,bronze/education-higher-ed/education_he-student-enrolments-pivot_2024.xlsx
University of South Australia,Non-Award Courses,,domestic,,2021,96,bronze/education-higher-ed/education_he-student-enrolments-pivot_2024.xlsx
University of South Australia,Non-Award Courses,,domestic,,2022,127,bronze/education-higher-ed/education_he-student-enrolments-pivot_2024.xlsx
University of South Australia,Non-Award Courses,,domestic,,2023,127,bronze/education-higher-ed/education_he-student-enrolments-pivot_2024.xlsx
University of South Australia,Non-Award Courses,,domestic,,2024,160,bronze/education-higher-ed/education_he-student-enrolments-pivot_2024.xlsx
University of South Australia,Non-Award Courses,,international,,2020,55,bronze/education-higher-ed/education_he-student-enrolments-pivot_2024.xlsx
University of South Australia,Non-Award Courses,,international,,2021,24,bronze/education-higher-ed/education_he-student-enrolments-pivot_2024.xlsx
University of South Australia,Non-Award Courses,,international,,2022,38,bronze/education-higher-ed/education_he-student-enrolments-pivot_2024.xlsx
University of South Australia,Non-Award Courses,,international,,2023,57,bronze/education-higher-ed/education_he-student-enrolments-pivot_2024.xlsx
University of South Australia,Non-Award Courses,,international,,2024,67,bronze/education-higher-ed/education_he-student-enrolments-pivot_2024.xlsx
University of South Australia,Society and Culture,09,domestic,,2020,4279,bronze/education-higher-ed/education_he-student-enrolments-pivot_2024.xlsx
University of South Australia,Society and Culture,09,domestic,,2021,4779,bronze/education-higher-ed/education_he-student-enrolments-pivot_2024.xlsx
University of South Australia,Society and Culture,09,domestic,,2022,4605,bronze/education-higher-ed/education_he-student-enrolments-pivot_2024.xlsx
University of South Australia,Society and Culture,09,domestic,,2023,4141,bronze/education-higher-ed/education_he-student-enrolments-pivot_2024.xlsx
University of South Australia,Society and Culture,09,domestic,,2024,3985,bronze/education-higher-ed/education_he-student-enrolments-pivot_2024.xlsx
University of South Australia,Society and Culture,09,international,,2020,308,bronze/education-higher-ed/education_he-student-enrolments-pivot_2024.xlsx
University of South Australia,Society and Culture,09,international,,2021,322,bronze/education-higher-ed/education_he-student-enrolments-pivot_2024.xlsx
University of South Australia,Society and Culture,09,international,,2022,388,bronze/education-higher-ed/education_he-student-enrolments-pivot_2024.xlsx
University of South Australia,Society and Culture,09,international,,2023,498,bronze/education-higher-ed/education_he-student-enrolments-pivot_2024.xlsx
University of South Australia,Society and Culture,09,international,,2024,495,bronze/education-higher-ed/education_he-student-enrolments-pivot_2024.xlsx
University of Southern Queensland,"Agriculture, Environmental and Related Studies",05,domestic,,2020,17,bronze/education-higher-ed/education_he-student-enrolments-pivot_2024.xlsx
University of Southern Queensland,"Agriculture, Environmental and Related Studies",05,domestic,,2021,18,bronze/education-higher-ed/education_he-student-enrolments-pivot_2024.xlsx
University of Southern Queensland,"Agriculture, Environmental and Related Studies",05,domestic,,2022,84,bronze/education-higher-ed/education_he-student-enrolments-pivot_2024.xlsx
University of Southern Queensland,"Agriculture, Environmental and Related Studies",05,domestic,,2023,124,bronze/education-higher-ed/education_he-student-enrolments-pivot_2024.xlsx
University of Southern Queensland,"Agriculture, Environmental and Related Studies",05,domestic,,2024,156,bronze/education-higher-ed/education_he-student-enrolments-pivot_2024.xlsx
University of Southern Queensland,"Agriculture, Environmental and Related Studies",05,international,,2021,11,bronze/education-higher-ed/education_he-student-enrolments-pivot_2024.xlsx
University of Southern Queensland,"Agriculture, Environmental and Related Studies",05,international,,2022,25,bronze/education-higher-ed/education_he-student-enrolments-pivot_2024.xlsx
University of Southern Queensland,"Agriculture, Environmental and Related Studies",05,international,,2023,57,bronze/education-higher-ed/education_he-student-enrolments-pivot_2024.xlsx
University of Southern Queensland,"Agriculture, Environmental and Related Studies",05,international,,2024,42,bronze/education-higher-ed/education_he-student-enrolments-pivot_2024.xlsx
University of Southern Queensland,Architecture and Building,04,domestic,,2020,112,bronze/education-higher-ed/education_he-student-enrolments-pivot_2024.xlsx
University of Southern Queensland,Architecture and Building,04,domestic,,2021,101,bronze/education-higher-ed/education_he-student-enrolments-pivot_2024.xlsx
University of Southern Queensland,Architecture and Building,04,domestic,,2022,86,bronze/education-higher-ed/education_he-student-enrolments-pivot_2024.xlsx
University of Southern Queensland,Architecture and Building,04,domestic,,2023,75,bronze/education-higher-ed/education_he-student-enrolments-pivot_2024.xlsx
University of Southern Queensland,Architecture and Building,04,domestic,,2024,54,bronze/education-higher-ed/education_he-student-enrolments-pivot_2024.xlsx
University of Southern Queensland,Architecture and Building,04,international,,2020,0,bronze/education-higher-ed/education_he-student-enrolments-pivot_2024.xlsx
University of Southern Queensland,Architecture and Building,04,international,,2021,4,bronze/education-higher-ed/education_he-student-enrolments-pivot_2024.xlsx
University of Southern Queensland,Architecture and Building,04,international,,2022,0,bronze/education-higher-ed/education_he-student-enrolments-pivot_2024.xlsx
University of Southern Queensland,Architecture and Building,04,international,,2023,2,bronze/education-higher-ed/education_he-student-enrolments-pivot_2024.xlsx
University of Southern Queensland,Creative Arts,10,domestic,,2020,3156,bronze/education-higher-ed/education_he-student-enrolments-pivot_2024.xlsx
University of Southern Queensland,Creative Arts,10,domestic,,2021,2802,bronze/education-higher-ed/education_he-student-enrolments-pivot_2024.xlsx
University of Southern Queensland,Creative Arts,10,domestic,,2022,2081,bronze/education-higher-ed/education_he-student-enrolments-pivot_2024.xlsx
University of Southern Queensland,Creative Arts,10,domestic,,2023,1730,bronze/education-higher-ed/education_he-student-enrolments-pivot_2024.xlsx
University of Southern Queensland,Creative Arts,10,domestic,,2024,1880,bronze/education-higher-ed/education_he-student-enrolments-pivot_2024.xlsx
University of Southern Queensland,Creative Arts,10,international,,2020,70,bronze/education-higher-ed/education_he-student-enrolments-pivot_2024.xlsx
University of Southern Queensland,Creative Arts,10,international,,2021,26,bronze/education-higher-ed/education_he-student-enrolments-pivot_2024.xlsx
University of Southern Queensland,Creative Arts,10,international,,2022,33,bronze/education-higher-ed/education_he-student-enrolments-pivot_2024.xlsx
University of Southern Queensland,Creative Arts,10,international,,2023,20,bronze/education-higher-ed/education_he-student-enrolments-pivot_2024.xlsx
University of Southern Queensland,Creative Arts,10,international,,2024,18,bronze/education-higher-ed/education_he-student-enrolments-pivot_2024.xlsx
University of Southern Queensland,Education,07,domestic,,2020,3998,bronze/education-higher-ed/education_he-student-enrolments-pivot_2024.xlsx
University of Southern Queensland,Education,07,domestic,,2021,4134,bronze/education-higher-ed/education_he-student-enrolments-pivot_2024.xlsx
University of Southern Queensland,Education,07,domestic,,2022,3853,bronze/education-higher-ed/education_he-student-enrolments-pivot_2024.xlsx
University of Southern Queensland,Education,07,domestic,,2023,3500,bronze/education-higher-ed/education_he-student-enrolments-pivot_2024.xlsx
University of Southern Queensland,Education,07,domestic,,2024,3311,bronze/education-higher-ed/education_he-student-enrolments-pivot_2024.xlsx
University of Southern Queensland,Education,07,international,,2020,43,bronze/education-higher-ed/education_he-student-enrolments-pivot_2024.xlsx
University of Southern Queensland,Education,07,international,,2021,46,bronze/education-higher-ed/education_he-student-enrolments-pivot_2024.xlsx
University of Southern Queensland,Education,07,international,,2022,33,bronze/education-higher-ed/education_he-student-enrolments-pivot_2024.xlsx
University of Southern Queensland,Education,07,international,,2023,41,bronze/education-higher-ed/education_he-student-enrolments-pivot_2024.xlsx
University of Southern Queensland,Education,07,international,,2024,36,bronze/education-higher-ed/education_he-student-enrolments-pivot_2024.xlsx
University of Southern Queensland,Engineering and Related Technologies,03,domestic,,2020,3329,bronze/education-higher-ed/education_he-student-enrolments-pivot_2024.xlsx
University of Southern Queensland,Engineering and Related Technologies,03,domestic,,2021,3264,bronze/education-higher-ed/education_he-student-enrolments-pivot_2024.xlsx
University of Southern Queensland,Engineering and Related Technologies,03,domestic,,2022,3017,bronze/education-higher-ed/education_he-student-enrolments-pivot_2024.xlsx
University of Southern Queensland,Engineering and Related Technologies,03,domestic,,2023,2870,bronze/education-higher-ed/education_he-student-enrolments-pivot_2024.xlsx
University of Southern Queensland,Engineering and Related Technologies,03,domestic,,2024,2803,bronze/education-higher-ed/education_he-student-enrolments-pivot_2024.xlsx
University of Southern Queensland,Engineering and Related Technologies,03,international,,2020,348,bronze/education-higher-ed/education_he-student-enrolments-pivot_2024.xlsx
University of Southern Queensland,Engineering and Related Technologies,03,international,,2021,274,bronze/education-higher-ed/education_he-student-enrolments-pivot_2024.xlsx
University of Southern Queensland,Engineering and Related Technologies,03,international,,2022,237,bronze/education-higher-ed/education_he-student-enrolments-pivot_2024.xlsx
University of Southern Queensland,Engineering and Related Technologies,03,international,,2023,328,bronze/education-higher-ed/education_he-student-enrolments-pivot_2024.xlsx
University of Southern Queensland,Engineering and Related Technologies,03,international,,2024,296,bronze/education-higher-ed/education_he-student-enrolments-pivot_2024.xlsx
University of Southern Queensland,Health,06,domestic,,2020,3377,bronze/education-higher-ed/education_he-student-enrolments-pivot_2024.xlsx
University of Southern Queensland,Health,06,domestic,,2021,3565,bronze/education-higher-ed/education_he-student-enrolments-pivot_2024.xlsx
University of Southern Queensland,Health,06,domestic,,2022,3534,bronze/education-higher-ed/education_he-student-enrolments-pivot_2024.xlsx
University of Southern Queensland,Health,06,domestic,,2023,3530,bronze/education-higher-ed/education_he-student-enrolments-pivot_2024.xlsx
University of Southern Queensland,Health,06,domestic,,2024,3441,bronze/education-higher-ed/education_he-student-enrolments-pivot_2024.xlsx
University of Southern Queensland,Health,06,international,,2020,675,bronze/education-higher-ed/education_he-student-enrolments-pivot_2024.xlsx
University of Southern Queensland,Health,06,international,,2021,647,bronze/education-higher-ed/education_he-student-enrolments-pivot_2024.xlsx
University of Southern Queensland,Health,06,international,,2022,586,bronze/education-higher-ed/education_he-student-enrolments-pivot_2024.xlsx
University of Southern Queensland,Health,06,international,,2023,676,bronze/education-higher-ed/education_he-student-enrolments-pivot_2024.xlsx
University of Southern Queensland,Health,06,international,,2024,687,bronze/education-higher-ed/education_he-student-enrolments-pivot_2024.xlsx
University of Southern Queensland,Information Technology,02,domestic,,2020,458,bronze/education-higher-ed/education_he-student-enrolments-pivot_2024.xlsx
University of Southern Queensland,Information Technology,02,domestic,,2021,500,bronze/education-higher-ed/education_he-student-enrolments-pivot_2024.xlsx
University of Southern Queensland,Information Technology,02,domestic,,2022,533,bronze/education-higher-ed/education_he-student-enrolments-pivot_2024.xlsx
University of Southern Queensland,Information Technology,02,domestic,,2023,520,bronze/education-higher-ed/education_he-student-enrolments-pivot_2024.xlsx
University of Southern Queensland,Information Technology,02,domestic,,2024,479,bronze/education-higher-ed/education_he-student-enrolments-pivot_2024.xlsx
University of Southern Queensland,Information Technology,02,international,,2020,506,bronze/education-higher-ed/education_he-student-enrolments-pivot_2024.xlsx
University of Southern Queensland,Information Technology,02,international,,2021,350,bronze/education-higher-ed/education_he-student-enrolments-pivot_2024.xlsx
University of Southern Queensland,Information Technology,02,international,,2022,387,bronze/education-higher-ed/education_he-student-enrolments-pivot_2024.xlsx
University of Southern Queensland,Information Technology,02,international,,2023,625,bronze/education-higher-ed/education_he-student-enrolments-pivot_2024.xlsx
University of Southern Queensland,Information Technology,02,international,,2024,484,bronze/education-higher-ed/education_he-student-enrolments-pivot_2024.xlsx
University of Southern Queensland,Management and Commerce,08,domestic,,2020,2569,bronze/education-higher-ed/education_he-student-enrolments-pivot_2024.xlsx
University of Southern Queensland,Management and Commerce,08,domestic,,2021,2230,bronze/education-higher-ed/education_he-student-enrolments-pivot_2024.xlsx
University of Southern Queensland,Management and Commerce,08,domestic,,2022,1909,bronze/education-higher-ed/education_he-student-enrolments-pivot_2024.xlsx
University of Southern Queensland,Management and Commerce,08,domestic,,2023,1404,bronze/education-higher-ed/education_he-student-enrolments-pivot_2024.xlsx
University of Southern Queensland,Management and Commerce,08,domestic,,2024,1238,bronze/education-higher-ed/education_he-student-enrolments-pivot_2024.xlsx
University of Southern Queensland,Management and Commerce,08,international,,2020,549,bronze/education-higher-ed/education_he-student-enrolments-pivot_2024.xlsx
University of Southern Queensland,Management and Commerce,08,international,,2021,346,bronze/education-higher-ed/education_he-student-enrolments-pivot_2024.xlsx
University of Southern Queensland,Management and Commerce,08,international,,2022,197,bronze/education-higher-ed/education_he-student-enrolments-pivot_2024.xlsx
University of Southern Queensland,Management and Commerce,08,international,,2023,212,bronze/education-higher-ed/education_he-student-enrolments-pivot_2024.xlsx
University of Southern Queensland,Management and Commerce,08,international,,2024,132,bronze/education-higher-ed/education_he-student-enrolments-pivot_2024.xlsx
University of Southern Queensland,Mixed Field Programmes,12,domestic,,2020,136,bronze/education-higher-ed/education_he-student-enrolments-pivot_2024.xlsx
University of Southern Queensland,Mixed Field Programmes,12,domestic,,2021,87,bronze/education-higher-ed/education_he-student-enrolments-pivot_2024.xlsx
University of Southern Queensland,Mixed Field Programmes,12,domestic,,2022,85,bronze/education-higher-ed/education_he-student-enrolments-pivot_2024.xlsx
University of Southern Queensland,Mixed Field Programmes,12,domestic,,2023,204,bronze/education-higher-ed/education_he-student-enrolments-pivot_2024.xlsx
University of Southern Queensland,Mixed Field Programmes,12,domestic,,2024,294,bronze/education-higher-ed/education_he-student-enrolments-pivot_2024.xlsx
University of Southern Queensland,Natural and Physical Sciences,01,domestic,,2020,1850,bronze/education-higher-ed/education_he-student-enrolments-pivot_2024.xlsx
University of Southern Queensland,Natural and Physical Sciences,01,domestic,,2021,1862,bronze/education-higher-ed/education_he-student-enrolments-pivot_2024.xlsx
University of Southern Queensland,Natural and Physical Sciences,01,domestic,,2022,1425,bronze/education-higher-ed/education_he-student-enrolments-pivot_2024.xlsx
University of Southern Queensland,Natural and Physical Sciences,01,domestic,,2023,1183,bronze/education-higher-ed/education_he-student-enrolments-pivot_2024.xlsx
University of Southern Queensland,Natural and Physical Sciences,01,domestic,,2024,1079,bronze/education-higher-ed/education_he-student-enrolments-pivot_2024.xlsx
University of Southern Queensland,Natural and Physical Sciences,01,international,,2020,132,bronze/education-higher-ed/education_he-student-enrolments-pivot_2024.xlsx
University of Southern Queensland,Natural and Physical Sciences,01,international,,2021,127,bronze/education-higher-ed/education_he-student-enrolments-pivot_2024.xlsx
University of Southern Queensland,Natural and Physical Sciences,01,international,,2022,134,bronze/education-higher-ed/education_he-student-enrolments-pivot_2024.xlsx
University of Southern Queensland,Natural and Physical Sciences,01,international,,2023,254,bronze/education-higher-ed/education_he-student-enrolments-pivot_2024.xlsx
University of Southern Queensland,Natural and Physical Sciences,01,international,,2024,242,bronze/education-higher-ed/education_he-student-enrolments-pivot_2024.xlsx
University of Southern Queensland,Non-Award Courses,,domestic,,2020,470,bronze/education-higher-ed/education_he-student-enrolments-pivot_2024.xlsx
University of Southern Queensland,Non-Award Courses,,domestic,,2021,519,bronze/education-higher-ed/education_he-student-enrolments-pivot_2024.xlsx
University of Southern Queensland,Non-Award Courses,,domestic,,2022,436,bronze/education-higher-ed/education_he-student-enrolments-pivot_2024.xlsx
University of Southern Queensland,Non-Award Courses,,domestic,,2023,355,bronze/education-higher-ed/education_he-student-enrolments-pivot_2024.xlsx
University of Southern Queensland,Non-Award Courses,,domestic,,2024,480,bronze/education-higher-ed/education_he-student-enrolments-pivot_2024.xlsx
University of Southern Queensland,Non-Award Courses,,international,,2020,69,bronze/education-higher-ed/education_he-student-enrolments-pivot_2024.xlsx
University of Southern Queensland,Non-Award Courses,,international,,2021,45,bronze/education-higher-ed/education_he-student-enrolments-pivot_2024.xlsx
University of Southern Queensland,Non-Award Courses,,international,,2022,33,bronze/education-higher-ed/education_he-student-enrolments-pivot_2024.xlsx
University of Southern Queensland,Non-Award Courses,,international,,2023,50,bronze/education-higher-ed/education_he-student-enrolments-pivot_2024.xlsx
University of Southern Queensland,Non-Award Courses,,international,,2024,19,bronze/education-higher-ed/education_he-student-enrolments-pivot_2024.xlsx
University of Southern Queensland,Society and Culture,09,domestic,,2020,3620,bronze/education-higher-ed/education_he-student-enrolments-pivot_2024.xlsx
University of Southern Queensland,Society and Culture,09,domestic,,2021,3679,bronze/education-higher-ed/education_he-student-enrolments-pivot_2024.xlsx
University of Southern Queensland,Society and Culture,09,domestic,,2022,3606,bronze/education-higher-ed/education_he-student-enrolments-pivot_2024.xlsx
University of Southern Queensland,Society and Culture,09,domestic,,2023,3420,bronze/education-higher-ed/education_he-student-enrolments-pivot_2024.xlsx
University of Southern Queensland,Society and Culture,09,domestic,,2024,3308,bronze/education-higher-ed/education_he-student-enrolments-pivot_2024.xlsx
University of Southern Queensland,Society and Culture,09,international,,2020,84,bronze/education-higher-ed/education_he-student-enrolments-pivot_2024.xlsx
University of Southern Queensland,Society and Culture,09,international,,2021,83,bronze/education-higher-ed/education_he-student-enrolments-pivot_2024.xlsx
University of Southern Queensland,Society and Culture,09,international,,2022,78,bronze/education-higher-ed/education_he-student-enrolments-pivot_2024.xlsx
University of Southern Queensland,Society and Culture,09,international,,2023,102,bronze/education-higher-ed/education_he-student-enrolments-pivot_2024.xlsx
University of Southern Queensland,Society and Culture,09,international,,2024,93,bronze/education-higher-ed/education_he-student-enrolments-pivot_2024.xlsx
University of Tasmania,"Agriculture, Environmental and Related Studies",05,domestic,,2020,3894,bronze/education-higher-ed/education_he-student-enrolments-pivot_2024.xlsx
University of Tasmania,"Agriculture, Environmental and Related Studies",05,domestic,,2021,2886,bronze/education-higher-ed/education_he-student-enrolments-pivot_2024.xlsx
University of Tasmania,"Agriculture, Environmental and Related Studies",05,domestic,,2022,2098,bronze/education-higher-ed/education_he-student-enrolments-pivot_2024.xlsx
University of Tasmania,"Agriculture, Environmental and Related Studies",05,domestic,,2023,1607,bronze/education-higher-ed/education_he-student-enrolments-pivot_2024.xlsx
University of Tasmania,"Agriculture, Environmental and Related Studies",05,domestic,,2024,1646,bronze/education-higher-ed/education_he-student-enrolments-pivot_2024.xlsx
University of Tasmania,"Agriculture, Environmental and Related Studies",05,international,,2020,151,bronze/education-higher-ed/education_he-student-enrolments-pivot_2024.xlsx
University of Tasmania,"Agriculture, Environmental and Related Studies",05,international,,2021,107,bronze/education-higher-ed/education_he-student-enrolments-pivot_2024.xlsx
University of Tasmania,"Agriculture, Environmental and Related Studies",05,international,,2022,118,bronze/education-higher-ed/education_he-student-enrolments-pivot_2024.xlsx
University of Tasmania,"Agriculture, Environmental and Related Studies",05,international,,2023,173,bronze/education-higher-ed/education_he-student-enrolments-pivot_2024.xlsx
University of Tasmania,"Agriculture, Environmental and Related Studies",05,international,,2024,178,bronze/education-higher-ed/education_he-student-enrolments-pivot_2024.xlsx
University of Tasmania,Architecture and Building,04,domestic,,2020,205,bronze/education-higher-ed/education_he-student-enrolments-pivot_2024.xlsx
University of Tasmania,Architecture and Building,04,domestic,,2021,189,bronze/education-higher-ed/education_he-student-enrolments-pivot_2024.xlsx
University of Tasmania,Architecture and Building,04,domestic,,2022,184,bronze/education-higher-ed/education_he-student-enrolments-pivot_2024.xlsx
University of Tasmania,Architecture and Building,04,domestic,,2023,193,bronze/education-higher-ed/education_he-student-enrolments-pivot_2024.xlsx
University of Tasmania,Architecture and Building,04,domestic,,2024,217,bronze/education-higher-ed/education_he-student-enrolments-pivot_2024.xlsx
University of Tasmania,Architecture and Building,04,international,,2020,153,bronze/education-higher-ed/education_he-student-enrolments-pivot_2024.xlsx
University of Tasmania,Architecture and Building,04,international,,2021,123,bronze/education-higher-ed/education_he-student-enrolments-pivot_2024.xlsx
University of Tasmania,Architecture and Building,04,international,,2022,111,bronze/education-higher-ed/education_he-student-enrolments-pivot_2024.xlsx
University of Tasmania,Architecture and Building,04,international,,2023,92,bronze/education-higher-ed/education_he-student-enrolments-pivot_2024.xlsx
University of Tasmania,Architecture and Building,04,international,,2024,80,bronze/education-higher-ed/education_he-student-enrolments-pivot_2024.xlsx
University of Tasmania,Creative Arts,10,domestic,,2020,2113,bronze/education-higher-ed/education_he-student-enrolments-pivot_2024.xlsx
University of Tasmania,Creative Arts,10,domestic,,2021,1761,bronze/education-higher-ed/education_he-student-enrolments-pivot_2024.xlsx
University of Tasmania,Creative Arts,10,domestic,,2022,1456,bronze/education-higher-ed/education_he-student-enrolments-pivot_2024.xlsx
University of Tasmania,Creative Arts,10,domestic,,2023,1163,bronze/education-higher-ed/education_he-student-enrolments-pivot_2024.xlsx
University of Tasmania,Creative Arts,10,domestic,,2024,976,bronze/education-higher-ed/education_he-student-enrolments-pivot_2024.xlsx
University of Tasmania,Creative Arts,10,international,,2020,47,bronze/education-higher-ed/education_he-student-enrolments-pivot_2024.xlsx
University of Tasmania,Creative Arts,10,international,,2021,27,bronze/education-higher-ed/education_he-student-enrolments-pivot_2024.xlsx
University of Tasmania,Creative Arts,10,international,,2022,30,bronze/education-higher-ed/education_he-student-enrolments-pivot_2024.xlsx
University of Tasmania,Creative Arts,10,international,,2023,48,bronze/education-higher-ed/education_he-student-enrolments-pivot_2024.xlsx
University of Tasmania,Creative Arts,10,international,,2024,44,bronze/education-higher-ed/education_he-student-enrolments-pivot_2024.xlsx
University of Tasmania,Education,07,domestic,,2020,2281,bronze/education-higher-ed/education_he-student-enrolments-pivot_2024.xlsx
University of Tasmania,Education,07,domestic,,2021,2785,bronze/education-higher-ed/education_he-student-enrolments-pivot_2024.xlsx
University of Tasmania,Education,07,domestic,,2022,2672,bronze/education-higher-ed/education_he-student-enrolments-pivot_2024.xlsx
University of Tasmania,Education,07,domestic,,2023,2613,bronze/education-higher-ed/education_he-student-enrolments-pivot_2024.xlsx
University of Tasmania,Education,07,domestic,,2024,2582,bronze/education-higher-ed/education_he-student-enrolments-pivot_2024.xlsx
University of Tasmania,Education,07,international,,2020,88,bronze/education-higher-ed/education_he-student-enrolments-pivot_2024.xlsx
University of Tasmania,Education,07,international,,2021,83,bronze/education-higher-ed/education_he-student-enrolments-pivot_2024.xlsx
University of Tasmania,Education,07,international,,2022,82,bronze/education-higher-ed/education_he-student-enrolments-pivot_2024.xlsx
University of Tasmania,Education,07,international,,2023,66,bronze/education-higher-ed/education_he-student-enrolments-pivot_2024.xlsx
University of Tasmania,Education,07,international,,2024,54,bronze/education-higher-ed/education_he-student-enrolments-pivot_2024.xlsx
University of Tasmania,Engineering and Related Technologies,03,domestic,,2020,904,bronze/education-higher-ed/education_he-student-enrolments-pivot_2024.xlsx
University of Tasmania,Engineering and Related Technologies,03,domestic,,2021,919,bronze/education-higher-ed/education_he-student-enrolments-pivot_2024.xlsx
University of Tasmania,Engineering and Related Technologies,03,domestic,,2022,814,bronze/education-higher-ed/education_he-student-enrolments-pivot_2024.xlsx
University of Tasmania,Engineering and Related Technologies,03,domestic,,2023,761,bronze/education-higher-ed/education_he-student-enrolments-pivot_2024.xlsx
University of Tasmania,Engineering and Related Technologies,03,domestic,,2024,827,bronze/education-higher-ed/education_he-student-enrolments-pivot_2024.xlsx
University of Tasmania,Engineering and Related Technologies,03,international,,2020,575,bronze/education-higher-ed/education_he-student-enrolments-pivot_2024.xlsx
University of Tasmania,Engineering and Related Technologies,03,international,,2021,431,bronze/education-higher-ed/education_he-student-enrolments-pivot_2024.xlsx
University of Tasmania,Engineering and Related Technologies,03,international,,2022,423,bronze/education-higher-ed/education_he-student-enrolments-pivot_2024.xlsx
University of Tasmania,Engineering and Related Technologies,03,international,,2023,433,bronze/education-higher-ed/education_he-student-enrolments-pivot_2024.xlsx
University of Tasmania,Engineering and Related Technologies,03,international,,2024,417,bronze/education-higher-ed/education_he-student-enrolments-pivot_2024.xlsx
University of Tasmania,Health,06,domestic,,2020,12644,bronze/education-higher-ed/education_he-student-enrolments-pivot_2024.xlsx
University of Tasmania,Health,06,domestic,,2021,12714,bronze/education-higher-ed/education_he-student-enrolments-pivot_2024.xlsx
University of Tasmania,Health,06,domestic,,2022,12036,bronze/education-higher-ed/education_he-student-enrolments-pivot_2024.xlsx
University of Tasmania,Health,06,domestic,,2023,11334,bronze/education-higher-ed/education_he-student-enrolments-pivot_2024.xlsx
University of Tasmania,Health,06,domestic,,2024,12251,bronze/education-higher-ed/education_he-student-enrolments-pivot_2024.xlsx
University of Tasmania,Health,06,international,,2020,568,bronze/education-higher-ed/education_he-student-enrolments-pivot_2024.xlsx
University of Tasmania,Health,06,international,,2021,488,bronze/education-higher-ed/education_he-student-enrolments-pivot_2024.xlsx
University of Tasmania,Health,06,international,,2022,503,bronze/education-higher-ed/education_he-student-enrolments-pivot_2024.xlsx
University of Tasmania,Health,06,international,,2023,600,bronze/education-higher-ed/education_he-student-enrolments-pivot_2024.xlsx
University of Tasmania,Health,06,international,,2024,717,bronze/education-higher-ed/education_he-student-enrolments-pivot_2024.xlsx
University of Tasmania,Information Technology,02,domestic,,2020,351,bronze/education-higher-ed/education_he-student-enrolments-pivot_2024.xlsx
University of Tasmania,Information Technology,02,domestic,,2021,452,bronze/education-higher-ed/education_he-student-enrolments-pivot_2024.xlsx
University of Tasmania,Information Technology,02,domestic,,2022,630,bronze/education-higher-ed/education_he-student-enrolments-pivot_2024.xlsx
University of Tasmania,Information Technology,02,domestic,,2023,527,bronze/education-higher-ed/education_he-student-enrolments-pivot_2024.xlsx
University of Tasmania,Information Technology,02,domestic,,2024,405,bronze/education-higher-ed/education_he-student-enrolments-pivot_2024.xlsx
University of Tasmania,Information Technology,02,international,,2020,1959,bronze/education-higher-ed/education_he-student-enrolments-pivot_2024.xlsx
University of Tasmania,Information Technology,02,international,,2021,1582,bronze/education-higher-ed/education_he-student-enrolments-pivot_2024.xlsx
University of Tasmania,Information Technology,02,international,,2022,1363,bronze/education-higher-ed/education_he-student-enrolments-pivot_2024.xlsx
University of Tasmania,Information Technology,02,international,,2023,1340,bronze/education-higher-ed/education_he-student-enrolments-pivot_2024.xlsx
University of Tasmania,Information Technology,02,international,,2024,1266,bronze/education-higher-ed/education_he-student-enrolments-pivot_2024.xlsx
University of Tasmania,Management and Commerce,08,domestic,,2020,2543,bronze/education-higher-ed/education_he-student-enrolments-pivot_2024.xlsx
University of Tasmania,Management and Commerce,08,domestic,,2021,1578,bronze/education-higher-ed/education_he-student-enrolments-pivot_2024.xlsx
University of Tasmania,Management and Commerce,08,domestic,,2022,1193,bronze/education-higher-ed/education_he-student-enrolments-pivot_2024.xlsx
University of Tasmania,Management and Commerce,08,domestic,,2023,981,bronze/education-higher-ed/education_he-student-enrolments-pivot_2024.xlsx
University of Tasmania,Management and Commerce,08,domestic,,2024,988,bronze/education-higher-ed/education_he-student-enrolments-pivot_2024.xlsx
University of Tasmania,Management and Commerce,08,international,,2020,2986,bronze/education-higher-ed/education_he-student-enrolments-pivot_2024.xlsx
University of Tasmania,Management and Commerce,08,international,,2021,2259,bronze/education-higher-ed/education_he-student-enrolments-pivot_2024.xlsx
University of Tasmania,Management and Commerce,08,international,,2022,1799,bronze/education-higher-ed/education_he-student-enrolments-pivot_2024.xlsx
University of Tasmania,Management and Commerce,08,international,,2023,1714,bronze/education-higher-ed/education_he-student-enrolments-pivot_2024.xlsx
University of Tasmania,Management and Commerce,08,international,,2024,1560,bronze/education-higher-ed/education_he-student-enrolments-pivot_2024.xlsx
University of Tasmania,Mixed Field Programmes,12,domestic,,2020,1316,bronze/education-higher-ed/education_he-student-enrolments-pivot_2024.xlsx
University of Tasmania,Mixed Field Programmes,12,domestic,,2021,334,bronze/education-higher-ed/education_he-student-enrolments-pivot_2024.xlsx
University of Tasmania,Mixed Field Programmes,12,domestic,,2022,251,bronze/education-higher-ed/education_he-student-enrolments-pivot_2024.xlsx
University of Tasmania,Mixed Field Programmes,12,domestic,,2023,256,bronze/education-higher-ed/education_he-student-enrolments-pivot_2024.xlsx
University of Tasmania,Mixed Field Programmes,12,domestic,,2024,1084,bronze/education-higher-ed/education_he-student-enrolments-pivot_2024.xlsx
University of Tasmania,Natural and Physical Sciences,01,domestic,,2020,1335,bronze/education-higher-ed/education_he-student-enrolments-pivot_2024.xlsx
University of Tasmania,Natural and Physical Sciences,01,domestic,,2021,1324,bronze/education-higher-ed/education_he-student-enrolments-pivot_2024.xlsx
University of Tasmania,Natural and Physical Sciences,01,domestic,,2022,1450,bronze/education-higher-ed/education_he-student-enrolments-pivot_2024.xlsx
University of Tasmania,Natural and Physical Sciences,01,domestic,,2023,1478,bronze/education-higher-ed/education_he-student-enrolments-pivot_2024.xlsx
University of Tasmania,Natural and Physical Sciences,01,domestic,,2024,1555,bronze/education-higher-ed/education_he-student-enrolments-pivot_2024.xlsx
University of Tasmania,Natural and Physical Sciences,01,international,,2020,661,bronze/education-higher-ed/education_he-student-enrolments-pivot_2024.xlsx
University of Tasmania,Natural and Physical Sciences,01,international,,2021,609,bronze/education-higher-ed/education_he-student-enrolments-pivot_2024.xlsx
University of Tasmania,Natural and Physical Sciences,01,international,,2022,587,bronze/education-higher-ed/education_he-student-enrolments-pivot_2024.xlsx
University of Tasmania,Natural and Physical Sciences,01,international,,2023,581,bronze/education-higher-ed/education_he-student-enrolments-pivot_2024.xlsx
University of Tasmania,Natural and Physical Sciences,01,international,,2024,560,bronze/education-higher-ed/education_he-student-enrolments-pivot_2024.xlsx
University of Tasmania,Non-Award Courses,,domestic,,2020,23,bronze/education-higher-ed/education_he-student-enrolments-pivot_2024.xlsx
University of Tasmania,Non-Award Courses,,domestic,,2021,30,bronze/education-higher-ed/education_he-student-enrolments-pivot_2024.xlsx
University of Tasmania,Non-Award Courses,,domestic,,2022,44,bronze/education-higher-ed/education_he-student-enrolments-pivot_2024.xlsx
University of Tasmania,Non-Award Courses,,domestic,,2023,76,bronze/education-higher-ed/education_he-student-enrolments-pivot_2024.xlsx
University of Tasmania,Non-Award Courses,,domestic,,2024,45,bronze/education-higher-ed/education_he-student-enrolments-pivot_2024.xlsx
University of Tasmania,Non-Award Courses,,international,,2020,28,bronze/education-higher-ed/education_he-student-enrolments-pivot_2024.xlsx
University of Tasmania,Non-Award Courses,,international,,2021,17,bronze/education-higher-ed/education_he-student-enrolments-pivot_2024.xlsx
University of Tasmania,Non-Award Courses,,international,,2022,41,bronze/education-higher-ed/education_he-student-enrolments-pivot_2024.xlsx
University of Tasmania,Non-Award Courses,,international,,2023,23,bronze/education-higher-ed/education_he-student-enrolments-pivot_2024.xlsx
University of Tasmania,Non-Award Courses,,international,,2024,19,bronze/education-higher-ed/education_he-student-enrolments-pivot_2024.xlsx
University of Tasmania,Society and Culture,09,domestic,,2020,6423,bronze/education-higher-ed/education_he-student-enrolments-pivot_2024.xlsx
University of Tasmania,Society and Culture,09,domestic,,2021,5286,bronze/education-higher-ed/education_he-student-enrolments-pivot_2024.xlsx
University of Tasmania,Society and Culture,09,domestic,,2022,5296,bronze/education-higher-ed/education_he-student-enrolments-pivot_2024.xlsx
University of Tasmania,Society and Culture,09,domestic,,2023,5083,bronze/education-higher-ed/education_he-student-enrolments-pivot_2024.xlsx
University of Tasmania,Society and Culture,09,domestic,,2024,4370,bronze/education-higher-ed/education_he-student-enrolments-pivot_2024.xlsx
University of Tasmania,Society and Culture,09,international,,2020,648,bronze/education-higher-ed/education_he-student-enrolments-pivot_2024.xlsx
University of Tasmania,Society and Culture,09,international,,2021,365,bronze/education-higher-ed/education_he-student-enrolments-pivot_2024.xlsx
University of Tasmania,Society and Culture,09,international,,2022,355,bronze/education-higher-ed/education_he-student-enrolments-pivot_2024.xlsx
University of Tasmania,Society and Culture,09,international,,2023,371,bronze/education-higher-ed/education_he-student-enrolments-pivot_2024.xlsx
University of Tasmania,Society and Culture,09,international,,2024,259,bronze/education-higher-ed/education_he-student-enrolments-pivot_2024.xlsx
University of Technology Sydney,"Agriculture, Environmental and Related Studies",05,domestic,,2023,7,bronze/education-higher-ed/education_he-student-enrolments-pivot_2024.xlsx
University of Technology Sydney,"Agriculture, Environmental and Related Studies",05,domestic,,2024,13,bronze/education-higher-ed/education_he-student-enrolments-pivot_2024.xlsx
University of Technology Sydney,"Agriculture, Environmental and Related Studies",05,international,,2023,3,bronze/education-higher-ed/education_he-student-enrolments-pivot_2024.xlsx
University of Technology Sydney,"Agriculture, Environmental and Related Studies",05,international,,2024,12,bronze/education-higher-ed/education_he-student-enrolments-pivot_2024.xlsx
University of Technology Sydney,Architecture and Building,04,domestic,,2020,1987,bronze/education-higher-ed/education_he-student-enrolments-pivot_2024.xlsx
University of Technology Sydney,Architecture and Building,04,domestic,,2021,1962,bronze/education-higher-ed/education_he-student-enrolments-pivot_2024.xlsx
University of Technology Sydney,Architecture and Building,04,domestic,,2022,2148,bronze/education-higher-ed/education_he-student-enrolments-pivot_2024.xlsx
University of Technology Sydney,Architecture and Building,04,domestic,,2023,2262,bronze/education-higher-ed/education_he-student-enrolments-pivot_2024.xlsx
University of Technology Sydney,Architecture and Building,04,domestic,,2024,2383,bronze/education-higher-ed/education_he-student-enrolments-pivot_2024.xlsx
University of Technology Sydney,Architecture and Building,04,international,,2020,671,bronze/education-higher-ed/education_he-student-enrolments-pivot_2024.xlsx
University of Technology Sydney,Architecture and Building,04,international,,2021,552,bronze/education-higher-ed/education_he-student-enrolments-pivot_2024.xlsx
University of Technology Sydney,Architecture and Building,04,international,,2022,512,bronze/education-higher-ed/education_he-student-enrolments-pivot_2024.xlsx
University of Technology Sydney,Architecture and Building,04,international,,2023,489,bronze/education-higher-ed/education_he-student-enrolments-pivot_2024.xlsx
University of Technology Sydney,Architecture and Building,04,international,,2024,409,bronze/education-higher-ed/education_he-student-enrolments-pivot_2024.xlsx
University of Technology Sydney,Creative Arts,10,domestic,,2020,3994,bronze/education-higher-ed/education_he-student-enrolments-pivot_2024.xlsx
University of Technology Sydney,Creative Arts,10,domestic,,2021,3725,bronze/education-higher-ed/education_he-student-enrolments-pivot_2024.xlsx
University of Technology Sydney,Creative Arts,10,domestic,,2022,3638,bronze/education-higher-ed/education_he-student-enrolments-pivot_2024.xlsx
University of Technology Sydney,Creative Arts,10,domestic,,2023,3753,bronze/education-higher-ed/education_he-student-enrolments-pivot_2024.xlsx
University of Technology Sydney,Creative Arts,10,domestic,,2024,3985,bronze/education-higher-ed/education_he-student-enrolments-pivot_2024.xlsx
University of Technology Sydney,Creative Arts,10,international,,2020,1089,bronze/education-higher-ed/education_he-student-enrolments-pivot_2024.xlsx
University of Technology Sydney,Creative Arts,10,international,,2021,1161,bronze/education-higher-ed/education_he-student-enrolments-pivot_2024.xlsx
University of Technology Sydney,Creative Arts,10,international,,2022,1074,bronze/education-higher-ed/education_he-student-enrolments-pivot_2024.xlsx
University of Technology Sydney,Creative Arts,10,international,,2023,963,bronze/education-higher-ed/education_he-student-enrolments-pivot_2024.xlsx
University of Technology Sydney,Creative Arts,10,international,,2024,829,bronze/education-higher-ed/education_he-student-enrolments-pivot_2024.xlsx
University of Technology Sydney,Education,07,domestic,,2020,837,bronze/education-higher-ed/education_he-student-enrolments-pivot_2024.xlsx
University of Technology Sydney,Education,07,domestic,,2021,835,bronze/education-higher-ed/education_he-student-enrolments-pivot_2024.xlsx
University of Technology Sydney,Education,07,domestic,,2022,842,bronze/education-higher-ed/education_he-student-enrolments-pivot_2024.xlsx
University of Technology Sydney,Education,07,domestic,,2023,704,bronze/education-higher-ed/education_he-student-enrolments-pivot_2024.xlsx
University of Technology Sydney,Education,07,domestic,,2024,607,bronze/education-higher-ed/education_he-student-enrolments-pivot_2024.xlsx
University of Technology Sydney,Education,07,international,,2020,114,bronze/education-higher-ed/education_he-student-enrolments-pivot_2024.xlsx
University of Technology Sydney,Education,07,international,,2021,75,bronze/education-higher-ed/education_he-student-enrolments-pivot_2024.xlsx
University of Technology Sydney,Education,07,international,,2022,74,bronze/education-higher-ed/education_he-student-enrolments-pivot_2024.xlsx
University of Technology Sydney,Education,07,international,,2023,112,bronze/education-higher-ed/education_he-student-enrolments-pivot_2024.xlsx
University of Technology Sydney,Education,07,international,,2024,173,bronze/education-higher-ed/education_he-student-enrolments-pivot_2024.xlsx
University of Technology Sydney,Engineering and Related Technologies,03,domestic,,2020,4415,bronze/education-higher-ed/education_he-student-enrolments-pivot_2024.xlsx
University of Technology Sydney,Engineering and Related Technologies,03,domestic,,2021,4384,bronze/education-higher-ed/education_he-student-enrolments-pivot_2024.xlsx
University of Technology Sydney,Engineering and Related Technologies,03,domestic,,2022,4689,bronze/education-higher-ed/education_he-student-enrolments-pivot_2024.xlsx
University of Technology Sydney,Engineering and Related Technologies,03,domestic,,2023,4974,bronze/education-higher-ed/education_he-student-enrolments-pivot_2024.xlsx
University of Technology Sydney,Engineering and Related Technologies,03,domestic,,2024,5312,bronze/education-higher-ed/education_he-student-enrolments-pivot_2024.xlsx
University of Technology Sydney,Engineering and Related Technologies,03,international,,2020,2265,bronze/education-higher-ed/education_he-student-enrolments-pivot_2024.xlsx
University of Technology Sydney,Engineering and Related Technologies,03,international,,2021,1539,bronze/education-higher-ed/education_he-student-enrolments-pivot_2024.xlsx
University of Technology Sydney,Engineering and Related Technologies,03,international,,2022,1549,bronze/education-higher-ed/education_he-student-enrolments-pivot_2024.xlsx
University of Technology Sydney,Engineering and Related Technologies,03,international,,2023,1853,bronze/education-higher-ed/education_he-student-enrolments-pivot_2024.xlsx
University of Technology Sydney,Engineering and Related Technologies,03,international,,2024,2010,bronze/education-higher-ed/education_he-student-enrolments-pivot_2024.xlsx
University of Technology Sydney,Health,06,domestic,,2020,4150,bronze/education-higher-ed/education_he-student-enrolments-pivot_2024.xlsx
University of Technology Sydney,Health,06,domestic,,2021,4413,bronze/education-higher-ed/education_he-student-enrolments-pivot_2024.xlsx
University of Technology Sydney,Health,06,domestic,,2022,4891,bronze/education-higher-ed/education_he-student-enrolments-pivot_2024.xlsx
University of Technology Sydney,Health,06,domestic,,2023,4985,bronze/education-higher-ed/education_he-student-enrolments-pivot_2024.xlsx
University of Technology Sydney,Health,06,domestic,,2024,5181,bronze/education-higher-ed/education_he-student-enrolments-pivot_2024.xlsx
University of Technology Sydney,Health,06,international,,2020,1012,bronze/education-higher-ed/education_he-student-enrolments-pivot_2024.xlsx
University of Technology Sydney,Health,06,international,,2021,687,bronze/education-higher-ed/education_he-student-enrolments-pivot_2024.xlsx
University of Technology Sydney,Health,06,international,,2022,557,bronze/education-higher-ed/education_he-student-enrolments-pivot_2024.xlsx
University of Technology Sydney,Health,06,international,,2023,468,bronze/education-higher-ed/education_he-student-enrolments-pivot_2024.xlsx
University of Technology Sydney,Health,06,international,,2024,513,bronze/education-higher-ed/education_he-student-enrolments-pivot_2024.xlsx
University of Technology Sydney,Information Technology,02,domestic,,2020,2565,bronze/education-higher-ed/education_he-student-enrolments-pivot_2024.xlsx
University of Technology Sydney,Information Technology,02,domestic,,2021,2513,bronze/education-higher-ed/education_he-student-enrolments-pivot_2024.xlsx
University of Technology Sydney,Information Technology,02,domestic,,2022,2855,bronze/education-higher-ed/education_he-student-enrolments-pivot_2024.xlsx
University of Technology Sydney,Information Technology,02,domestic,,2023,3220,bronze/education-higher-ed/education_he-student-enrolments-pivot_2024.xlsx
University of Technology Sydney,Information Technology,02,domestic,,2024,3575,bronze/education-higher-ed/education_he-student-enrolments-pivot_2024.xlsx
University of Technology Sydney,Information Technology,02,international,,2020,2053,bronze/education-higher-ed/education_he-student-enrolments-pivot_2024.xlsx
University of Technology Sydney,Information Technology,02,international,,2021,1812,bronze/education-higher-ed/education_he-student-enrolments-pivot_2024.xlsx
University of Technology Sydney,Information Technology,02,international,,2022,1939,bronze/education-higher-ed/education_he-student-enrolments-pivot_2024.xlsx
University of Technology Sydney,Information Technology,02,international,,2023,2454,bronze/education-higher-ed/education_he-student-enrolments-pivot_2024.xlsx
University of Technology Sydney,Information Technology,02,international,,2024,2853,bronze/education-higher-ed/education_he-student-enrolments-pivot_2024.xlsx
University of Technology Sydney,Management and Commerce,08,domestic,,2020,7677,bronze/education-higher-ed/education_he-student-enrolments-pivot_2024.xlsx
University of Technology Sydney,Management and Commerce,08,domestic,,2021,7751,bronze/education-higher-ed/education_he-student-enrolments-pivot_2024.xlsx
University of Technology Sydney,Management and Commerce,08,domestic,,2022,7619,bronze/education-higher-ed/education_he-student-enrolments-pivot_2024.xlsx
University of Technology Sydney,Management and Commerce,08,domestic,,2023,7804,bronze/education-higher-ed/education_he-student-enrolments-pivot_2024.xlsx
University of Technology Sydney,Management and Commerce,08,domestic,,2024,8201,bronze/education-higher-ed/education_he-student-enrolments-pivot_2024.xlsx
University of Technology Sydney,Management and Commerce,08,international,,2020,5253,bronze/education-higher-ed/education_he-student-enrolments-pivot_2024.xlsx
University of Technology Sydney,Management and Commerce,08,international,,2021,4576,bronze/education-higher-ed/education_he-student-enrolments-pivot_2024.xlsx
University of Technology Sydney,Management and Commerce,08,international,,2022,3966,bronze/education-higher-ed/education_he-student-enrolments-pivot_2024.xlsx
University of Technology Sydney,Management and Commerce,08,international,,2023,4286,bronze/education-higher-ed/education_he-student-enrolments-pivot_2024.xlsx
University of Technology Sydney,Management and Commerce,08,international,,2024,4398,bronze/education-higher-ed/education_he-student-enrolments-pivot_2024.xlsx
University of Technology Sydney,Mixed Field Programmes,12,domestic,,2020,24,bronze/education-higher-ed/education_he-student-enrolments-pivot_2024.xlsx
University of Technology Sydney,Mixed Field Programmes,12,domestic,,2022,17,bronze/education-higher-ed/education_he-student-enrolments-pivot_2024.xlsx
University of Technology Sydney,Mixed Field Programmes,12,domestic,,2023,10,bronze/education-higher-ed/education_he-student-enrolments-pivot_2024.xlsx
University of Technology Sydney,Mixed Field Programmes,12,international,,2020,581,bronze/education-higher-ed/education_he-student-enrolments-pivot_2024.xlsx
University of Technology Sydney,Mixed Field Programmes,12,international,,2021,454,bronze/education-higher-ed/education_he-student-enrolments-pivot_2024.xlsx
University of Technology Sydney,Mixed Field Programmes,12,international,,2022,587,bronze/education-higher-ed/education_he-student-enrolments-pivot_2024.xlsx
University of Technology Sydney,Mixed Field Programmes,12,international,,2023,619,bronze/education-higher-ed/education_he-student-enrolments-pivot_2024.xlsx
University of Technology Sydney,Natural and Physical Sciences,01,domestic,,2020,3811,bronze/education-higher-ed/education_he-student-enrolments-pivot_2024.xlsx
University of Technology Sydney,Natural and Physical Sciences,01,domestic,,2021,3384,bronze/education-higher-ed/education_he-student-enrolments-pivot_2024.xlsx
University of Technology Sydney,Natural and Physical Sciences,01,domestic,,2022,3551,bronze/education-higher-ed/education_he-student-enrolments-pivot_2024.xlsx
University of Technology Sydney,Natural and Physical Sciences,01,domestic,,2023,3502,bronze/education-higher-ed/education_he-student-enrolments-pivot_2024.xlsx
University of Technology Sydney,Natural and Physical Sciences,01,domestic,,2024,3709,bronze/education-higher-ed/education_he-student-enrolments-pivot_2024.xlsx
University of Technology Sydney,Natural and Physical Sciences,01,international,,2020,562,bronze/education-higher-ed/education_he-student-enrolments-pivot_2024.xlsx
University of Technology Sydney,Natural and Physical Sciences,01,international,,2021,429,bronze/education-higher-ed/education_he-student-enrolments-pivot_2024.xlsx
University of Technology Sydney,Natural and Physical Sciences,01,international,,2022,633,bronze/education-higher-ed/education_he-student-enrolments-pivot_2024.xlsx
University of Technology Sydney,Natural and Physical Sciences,01,international,,2023,938,bronze/education-higher-ed/education_he-student-enrolments-pivot_2024.xlsx
University of Technology Sydney,Natural and Physical Sciences,01,international,,2024,1076,bronze/education-higher-ed/education_he-student-enrolments-pivot_2024.xlsx
University of Technology Sydney,Non-Award Courses,,domestic,,2020,26,bronze/education-higher-ed/education_he-student-enrolments-pivot_2024.xlsx
University of Technology Sydney,Non-Award Courses,,domestic,,2021,24,bronze/education-higher-ed/education_he-student-enrolments-pivot_2024.xlsx
University of Technology Sydney,Non-Award Courses,,domestic,,2022,42,bronze/education-higher-ed/education_he-student-enrolments-pivot_2024.xlsx
University of Technology Sydney,Non-Award Courses,,domestic,,2023,36,bronze/education-higher-ed/education_he-student-enrolments-pivot_2024.xlsx
University of Technology Sydney,Non-Award Courses,,domestic,,2024,14,bronze/education-higher-ed/education_he-student-enrolments-pivot_2024.xlsx
University of Technology Sydney,Non-Award Courses,,international,,2020,162,bronze/education-higher-ed/education_he-student-enrolments-pivot_2024.xlsx
University of Technology Sydney,Non-Award Courses,,international,,2021,25,bronze/education-higher-ed/education_he-student-enrolments-pivot_2024.xlsx
University of Technology Sydney,Non-Award Courses,,international,,2022,288,bronze/education-higher-ed/education_he-student-enrolments-pivot_2024.xlsx
University of Technology Sydney,Non-Award Courses,,international,,2023,434,bronze/education-higher-ed/education_he-student-enrolments-pivot_2024.xlsx
University of Technology Sydney,Non-Award Courses,,international,,2024,408,bronze/education-higher-ed/education_he-student-enrolments-pivot_2024.xlsx
University of Technology Sydney,Society and Culture,09,domestic,,2020,2761,bronze/education-higher-ed/education_he-student-enrolments-pivot_2024.xlsx
University of Technology Sydney,Society and Culture,09,domestic,,2021,2677,bronze/education-higher-ed/education_he-student-enrolments-pivot_2024.xlsx
University of Technology Sydney,Society and Culture,09,domestic,,2022,3004,bronze/education-higher-ed/education_he-student-enrolments-pivot_2024.xlsx
University of Technology Sydney,Society and Culture,09,domestic,,2023,3595,bronze/education-higher-ed/education_he-student-enrolments-pivot_2024.xlsx
University of Technology Sydney,Society and Culture,09,domestic,,2024,4322,bronze/education-higher-ed/education_he-student-enrolments-pivot_2024.xlsx
University of Technology Sydney,Society and Culture,09,international,,2020,239,bronze/education-higher-ed/education_he-student-enrolments-pivot_2024.xlsx
University of Technology Sydney,Society and Culture,09,international,,2021,230,bronze/education-higher-ed/education_he-student-enrolments-pivot_2024.xlsx
University of Technology Sydney,Society and Culture,09,international,,2022,244,bronze/education-higher-ed/education_he-student-enrolments-pivot_2024.xlsx
University of Technology Sydney,Society and Culture,09,international,,2023,306,bronze/education-higher-ed/education_he-student-enrolments-pivot_2024.xlsx
University of Technology Sydney,Society and Culture,09,international,,2024,404,bronze/education-higher-ed/education_he-student-enrolments-pivot_2024.xlsx
University of Wollongong,"Agriculture, Environmental and Related Studies",05,domestic,,2020,107,bronze/education-higher-ed/education_he-student-enrolments-pivot_2024.xlsx
University of Wollongong,"Agriculture, Environmental and Related Studies",05,domestic,,2021,125,bronze/education-higher-ed/education_he-student-enrolments-pivot_2024.xlsx
University of Wollongong,"Agriculture, Environmental and Related Studies",05,domestic,,2022,112,bronze/education-higher-ed/education_he-student-enrolments-pivot_2024.xlsx
University of Wollongong,"Agriculture, Environmental and Related Studies",05,domestic,,2023,107,bronze/education-higher-ed/education_he-student-enrolments-pivot_2024.xlsx
University of Wollongong,"Agriculture, Environmental and Related Studies",05,domestic,,2024,117,bronze/education-higher-ed/education_he-student-enrolments-pivot_2024.xlsx
University of Wollongong,"Agriculture, Environmental and Related Studies",05,international,,2020,5,bronze/education-higher-ed/education_he-student-enrolments-pivot_2024.xlsx
University of Wollongong,"Agriculture, Environmental and Related Studies",05,international,,2021,6,bronze/education-higher-ed/education_he-student-enrolments-pivot_2024.xlsx
University of Wollongong,"Agriculture, Environmental and Related Studies",05,international,,2022,8,bronze/education-higher-ed/education_he-student-enrolments-pivot_2024.xlsx
University of Wollongong,"Agriculture, Environmental and Related Studies",05,international,,2023,8,bronze/education-higher-ed/education_he-student-enrolments-pivot_2024.xlsx
University of Wollongong,"Agriculture, Environmental and Related Studies",05,international,,2024,27,bronze/education-higher-ed/education_he-student-enrolments-pivot_2024.xlsx
University of Wollongong,Creative Arts,10,domestic,,2020,1755,bronze/education-higher-ed/education_he-student-enrolments-pivot_2024.xlsx
University of Wollongong,Creative Arts,10,domestic,,2021,1672,bronze/education-higher-ed/education_he-student-enrolments-pivot_2024.xlsx
University of Wollongong,Creative Arts,10,domestic,,2022,1482,bronze/education-higher-ed/education_he-student-enrolments-pivot_2024.xlsx
University of Wollongong,Creative Arts,10,domestic,,2023,1352,bronze/education-higher-ed/education_he-student-enrolments-pivot_2024.xlsx
University of Wollongong,Creative Arts,10,domestic,,2024,1232,bronze/education-higher-ed/education_he-student-enrolments-pivot_2024.xlsx
University of Wollongong,Creative Arts,10,international,,2020,248,bronze/education-higher-ed/education_he-student-enrolments-pivot_2024.xlsx
University of Wollongong,Creative Arts,10,international,,2021,261,bronze/education-higher-ed/education_he-student-enrolments-pivot_2024.xlsx
University of Wollongong,Creative Arts,10,international,,2022,330,bronze/education-higher-ed/education_he-student-enrolments-pivot_2024.xlsx
University of Wollongong,Creative Arts,10,international,,2023,444,bronze/education-higher-ed/education_he-student-enrolments-pivot_2024.xlsx
University of Wollongong,Creative Arts,10,international,,2024,585,bronze/education-higher-ed/education_he-student-enrolments-pivot_2024.xlsx
University of Wollongong,Education,07,domestic,,2020,2259,bronze/education-higher-ed/education_he-student-enrolments-pivot_2024.xlsx
University of Wollongong,Education,07,domestic,,2021,2391,bronze/education-higher-ed/education_he-student-enrolments-pivot_2024.xlsx
University of Wollongong,Education,07,domestic,,2022,2302,bronze/education-higher-ed/education_he-student-enrolments-pivot_2024.xlsx
University of Wollongong,Education,07,domestic,,2023,2472,bronze/education-higher-ed/education_he-student-enrolments-pivot_2024.xlsx
University of Wollongong,Education,07,domestic,,2024,2690,bronze/education-higher-ed/education_he-student-enrolments-pivot_2024.xlsx
University of Wollongong,Education,07,international,,2020,220,bronze/education-higher-ed/education_he-student-enrolments-pivot_2024.xlsx
University of Wollongong,Education,07,international,,2021,215,bronze/education-higher-ed/education_he-student-enrolments-pivot_2024.xlsx
University of Wollongong,Education,07,international,,2022,237,bronze/education-higher-ed/education_he-student-enrolments-pivot_2024.xlsx
University of Wollongong,Education,07,international,,2023,320,bronze/education-higher-ed/education_he-student-enrolments-pivot_2024.xlsx
University of Wollongong,Education,07,international,,2024,247,bronze/education-higher-ed/education_he-student-enrolments-pivot_2024.xlsx
University of Wollongong,Engineering and Related Technologies,03,domestic,,2020,1589,bronze/education-higher-ed/education_he-student-enrolments-pivot_2024.xlsx
University of Wollongong,Engineering and Related Technologies,03,domestic,,2021,1602,bronze/education-higher-ed/education_he-student-enrolments-pivot_2024.xlsx
University of Wollongong,Engineering and Related Technologies,03,domestic,,2022,1595,bronze/education-higher-ed/education_he-student-enrolments-pivot_2024.xlsx
University of Wollongong,Engineering and Related Technologies,03,domestic,,2023,1557,bronze/education-higher-ed/education_he-student-enrolments-pivot_2024.xlsx
University of Wollongong,Engineering and Related Technologies,03,domestic,,2024,1571,bronze/education-higher-ed/education_he-student-enrolments-pivot_2024.xlsx
University of Wollongong,Engineering and Related Technologies,03,international,,2020,1675,bronze/education-higher-ed/education_he-student-enrolments-pivot_2024.xlsx
University of Wollongong,Engineering and Related Technologies,03,international,,2021,1375,bronze/education-higher-ed/education_he-student-enrolments-pivot_2024.xlsx
University of Wollongong,Engineering and Related Technologies,03,international,,2022,1368,bronze/education-higher-ed/education_he-student-enrolments-pivot_2024.xlsx
University of Wollongong,Engineering and Related Technologies,03,international,,2023,1870,bronze/education-higher-ed/education_he-student-enrolments-pivot_2024.xlsx
University of Wollongong,Engineering and Related Technologies,03,international,,2024,1968,bronze/education-higher-ed/education_he-student-enrolments-pivot_2024.xlsx
University of Wollongong,Health,06,domestic,,2020,3349,bronze/education-higher-ed/education_he-student-enrolments-pivot_2024.xlsx
University of Wollongong,Health,06,domestic,,2021,3502,bronze/education-higher-ed/education_he-student-enrolments-pivot_2024.xlsx
University of Wollongong,Health,06,domestic,,2022,3529,bronze/education-higher-ed/education_he-student-enrolments-pivot_2024.xlsx
University of Wollongong,Health,06,domestic,,2023,3814,bronze/education-higher-ed/education_he-student-enrolments-pivot_2024.xlsx
University of Wollongong,Health,06,domestic,,2024,4034,bronze/education-higher-ed/education_he-student-enrolments-pivot_2024.xlsx
University of Wollongong,Health,06,international,,2020,1396,bronze/education-higher-ed/education_he-student-enrolments-pivot_2024.xlsx
University of Wollongong,Health,06,international,,2021,1101,bronze/education-higher-ed/education_he-student-enrolments-pivot_2024.xlsx
University of Wollongong,Health,06,international,,2022,848,bronze/education-higher-ed/education_he-student-enrolments-pivot_2024.xlsx
University of Wollongong,Health,06,international,,2023,920,bronze/education-higher-ed/education_he-student-enrolments-pivot_2024.xlsx
University of Wollongong,Health,06,international,,2024,893,bronze/education-higher-ed/education_he-student-enrolments-pivot_2024.xlsx
University of Wollongong,Information Technology,02,domestic,,2020,898,bronze/education-higher-ed/education_he-student-enrolments-pivot_2024.xlsx
University of Wollongong,Information Technology,02,domestic,,2021,857,bronze/education-higher-ed/education_he-student-enrolments-pivot_2024.xlsx
University of Wollongong,Information Technology,02,domestic,,2022,940,bronze/education-higher-ed/education_he-student-enrolments-pivot_2024.xlsx
University of Wollongong,Information Technology,02,domestic,,2023,1016,bronze/education-higher-ed/education_he-student-enrolments-pivot_2024.xlsx
University of Wollongong,Information Technology,02,domestic,,2024,1029,bronze/education-higher-ed/education_he-student-enrolments-pivot_2024.xlsx
University of Wollongong,Information Technology,02,international,,2020,3593,bronze/education-higher-ed/education_he-student-enrolments-pivot_2024.xlsx
University of Wollongong,Information Technology,02,international,,2021,3816,bronze/education-higher-ed/education_he-student-enrolments-pivot_2024.xlsx
University of Wollongong,Information Technology,02,international,,2022,4323,bronze/education-higher-ed/education_he-student-enrolments-pivot_2024.xlsx
University of Wollongong,Information Technology,02,international,,2023,5785,bronze/education-higher-ed/education_he-student-enrolments-pivot_2024.xlsx
University of Wollongong,Information Technology,02,international,,2024,6266,bronze/education-higher-ed/education_he-student-enrolments-pivot_2024.xlsx
University of Wollongong,Management and Commerce,08,domestic,,2020,2461,bronze/education-higher-ed/education_he-student-enrolments-pivot_2024.xlsx
University of Wollongong,Management and Commerce,08,domestic,,2021,2576,bronze/education-higher-ed/education_he-student-enrolments-pivot_2024.xlsx
University of Wollongong,Management and Commerce,08,domestic,,2022,2475,bronze/education-higher-ed/education_he-student-enrolments-pivot_2024.xlsx
University of Wollongong,Management and Commerce,08,domestic,,2023,2331,bronze/education-higher-ed/education_he-student-enrolments-pivot_2024.xlsx
University of Wollongong,Management and Commerce,08,domestic,,2024,2319,bronze/education-higher-ed/education_he-student-enrolments-pivot_2024.xlsx
University of Wollongong,Management and Commerce,08,international,,2020,5242,bronze/education-higher-ed/education_he-student-enrolments-pivot_2024.xlsx
University of Wollongong,Management and Commerce,08,international,,2021,4238,bronze/education-higher-ed/education_he-student-enrolments-pivot_2024.xlsx
University of Wollongong,Management and Commerce,08,international,,2022,3601,bronze/education-higher-ed/education_he-student-enrolments-pivot_2024.xlsx
University of Wollongong,Management and Commerce,08,international,,2023,4274,bronze/education-higher-ed/education_he-student-enrolments-pivot_2024.xlsx
University of Wollongong,Management and Commerce,08,international,,2024,4341,bronze/education-higher-ed/education_he-student-enrolments-pivot_2024.xlsx
University of Wollongong,Mixed Field Programmes,12,domestic,,2020,180,bronze/education-higher-ed/education_he-student-enrolments-pivot_2024.xlsx
University of Wollongong,Mixed Field Programmes,12,domestic,,2021,241,bronze/education-higher-ed/education_he-student-enrolments-pivot_2024.xlsx
University of Wollongong,Mixed Field Programmes,12,domestic,,2022,137,bronze/education-higher-ed/education_he-student-enrolments-pivot_2024.xlsx
University of Wollongong,Mixed Field Programmes,12,domestic,,2023,105,bronze/education-higher-ed/education_he-student-enrolments-pivot_2024.xlsx
University of Wollongong,Mixed Field Programmes,12,domestic,,2024,151,bronze/education-higher-ed/education_he-student-enrolments-pivot_2024.xlsx
University of Wollongong,Natural and Physical Sciences,01,domestic,,2020,1716,bronze/education-higher-ed/education_he-student-enrolments-pivot_2024.xlsx
University of Wollongong,Natural and Physical Sciences,01,domestic,,2021,1817,bronze/education-higher-ed/education_he-student-enrolments-pivot_2024.xlsx
University of Wollongong,Natural and Physical Sciences,01,domestic,,2022,1755,bronze/education-higher-ed/education_he-student-enrolments-pivot_2024.xlsx
University of Wollongong,Natural and Physical Sciences,01,domestic,,2023,1629,bronze/education-higher-ed/education_he-student-enrolments-pivot_2024.xlsx
University of Wollongong,Natural and Physical Sciences,01,domestic,,2024,1567,bronze/education-higher-ed/education_he-student-enrolments-pivot_2024.xlsx
University of Wollongong,Natural and Physical Sciences,01,international,,2020,414,bronze/education-higher-ed/education_he-student-enrolments-pivot_2024.xlsx
University of Wollongong,Natural and Physical Sciences,01,international,,2021,319,bronze/education-higher-ed/education_he-student-enrolments-pivot_2024.xlsx
University of Wollongong,Natural and Physical Sciences,01,international,,2022,318,bronze/education-higher-ed/education_he-student-enrolments-pivot_2024.xlsx
University of Wollongong,Natural and Physical Sciences,01,international,,2023,543,bronze/education-higher-ed/education_he-student-enrolments-pivot_2024.xlsx
University of Wollongong,Natural and Physical Sciences,01,international,,2024,451,bronze/education-higher-ed/education_he-student-enrolments-pivot_2024.xlsx
University of Wollongong,Non-Award Courses,,domestic,,2020,116,bronze/education-higher-ed/education_he-student-enrolments-pivot_2024.xlsx
University of Wollongong,Non-Award Courses,,domestic,,2021,61,bronze/education-higher-ed/education_he-student-enrolments-pivot_2024.xlsx
University of Wollongong,Non-Award Courses,,domestic,,2022,14,bronze/education-higher-ed/education_he-student-enrolments-pivot_2024.xlsx
University of Wollongong,Non-Award Courses,,domestic,,2023,63,bronze/education-higher-ed/education_he-student-enrolments-pivot_2024.xlsx
University of Wollongong,Non-Award Courses,,domestic,,2024,62,bronze/education-higher-ed/education_he-student-enrolments-pivot_2024.xlsx
University of Wollongong,Non-Award Courses,,international,,2020,422,bronze/education-higher-ed/education_he-student-enrolments-pivot_2024.xlsx
University of Wollongong,Non-Award Courses,,international,,2021,67,bronze/education-higher-ed/education_he-student-enrolments-pivot_2024.xlsx
University of Wollongong,Non-Award Courses,,international,,2022,412,bronze/education-higher-ed/education_he-student-enrolments-pivot_2024.xlsx
University of Wollongong,Non-Award Courses,,international,,2023,604,bronze/education-higher-ed/education_he-student-enrolments-pivot_2024.xlsx
University of Wollongong,Non-Award Courses,,international,,2024,579,bronze/education-higher-ed/education_he-student-enrolments-pivot_2024.xlsx
University of Wollongong,Society and Culture,09,domestic,,2020,5056,bronze/education-higher-ed/education_he-student-enrolments-pivot_2024.xlsx
University of Wollongong,Society and Culture,09,domestic,,2021,5171,bronze/education-higher-ed/education_he-student-enrolments-pivot_2024.xlsx
University of Wollongong,Society and Culture,09,domestic,,2022,4740,bronze/education-higher-ed/education_he-student-enrolments-pivot_2024.xlsx
University of Wollongong,Society and Culture,09,domestic,,2023,4289,bronze/education-higher-ed/education_he-student-enrolments-pivot_2024.xlsx
University of Wollongong,Society and Culture,09,domestic,,2024,4246,bronze/education-higher-ed/education_he-student-enrolments-pivot_2024.xlsx
University of Wollongong,Society and Culture,09,international,,2020,663,bronze/education-higher-ed/education_he-student-enrolments-pivot_2024.xlsx
University of Wollongong,Society and Culture,09,international,,2021,612,bronze/education-higher-ed/education_he-student-enrolments-pivot_2024.xlsx
University of Wollongong,Society and Culture,09,international,,2022,594,bronze/education-higher-ed/education_he-student-enrolments-pivot_2024.xlsx
University of Wollongong,Society and Culture,09,international,,2023,578,bronze/education-higher-ed/education_he-student-enrolments-pivot_2024.xlsx
University of Wollongong,Society and Culture,09,international,,2024,567,bronze/education-higher-ed/education_he-student-enrolments-pivot_2024.xlsx
University of the Sunshine Coast,"Agriculture, Environmental and Related Studies",05,domestic,,2020,289,bronze/education-higher-ed/education_he-student-enrolments-pivot_2024.xlsx
University of the Sunshine Coast,"Agriculture, Environmental and Related Studies",05,domestic,,2021,335,bronze/education-higher-ed/education_he-student-enrolments-pivot_2024.xlsx
University of the Sunshine Coast,"Agriculture, Environmental and Related Studies",05,domestic,,2022,320,bronze/education-higher-ed/education_he-student-enrolments-pivot_2024.xlsx
University of the Sunshine Coast,"Agriculture, Environmental and Related Studies",05,domestic,,2023,298,bronze/education-higher-ed/education_he-student-enrolments-pivot_2024.xlsx
University of the Sunshine Coast,"Agriculture, Environmental and Related Studies",05,domestic,,2024,292,bronze/education-higher-ed/education_he-student-enrolments-pivot_2024.xlsx
University of the Sunshine Coast,"Agriculture, Environmental and Related Studies",05,international,,2020,43,bronze/education-higher-ed/education_he-student-enrolments-pivot_2024.xlsx
University of the Sunshine Coast,"Agriculture, Environmental and Related Studies",05,international,,2021,41,bronze/education-higher-ed/education_he-student-enrolments-pivot_2024.xlsx
University of the Sunshine Coast,"Agriculture, Environmental and Related Studies",05,international,,2022,46,bronze/education-higher-ed/education_he-student-enrolments-pivot_2024.xlsx
University of the Sunshine Coast,"Agriculture, Environmental and Related Studies",05,international,,2023,47,bronze/education-higher-ed/education_he-student-enrolments-pivot_2024.xlsx
University of the Sunshine Coast,"Agriculture, Environmental and Related Studies",05,international,,2024,44,bronze/education-higher-ed/education_he-student-enrolments-pivot_2024.xlsx
University of the Sunshine Coast,Architecture and Building,04,domestic,,2020,50,bronze/education-higher-ed/education_he-student-enrolments-pivot_2024.xlsx
University of the Sunshine Coast,Architecture and Building,04,domestic,,2021,48,bronze/education-higher-ed/education_he-student-enrolments-pivot_2024.xlsx
University of the Sunshine Coast,Architecture and Building,04,domestic,,2022,64,bronze/education-higher-ed/education_he-student-enrolments-pivot_2024.xlsx
University of the Sunshine Coast,Architecture and Building,04,domestic,,2023,76,bronze/education-higher-ed/education_he-student-enrolments-pivot_2024.xlsx
University of the Sunshine Coast,Architecture and Building,04,domestic,,2024,75,bronze/education-higher-ed/education_he-student-enrolments-pivot_2024.xlsx
University of the Sunshine Coast,Architecture and Building,04,international,,2020,0,bronze/education-higher-ed/education_he-student-enrolments-pivot_2024.xlsx
University of the Sunshine Coast,Architecture and Building,04,international,,2021,2,bronze/education-higher-ed/education_he-student-enrolments-pivot_2024.xlsx
University of the Sunshine Coast,Architecture and Building,04,international,,2023,2,bronze/education-higher-ed/education_he-student-enrolments-pivot_2024.xlsx
University of the Sunshine Coast,Architecture and Building,04,international,,2024,3,bronze/education-higher-ed/education_he-student-enrolments-pivot_2024.xlsx
University of the Sunshine Coast,Creative Arts,10,domestic,,2020,928,bronze/education-higher-ed/education_he-student-enrolments-pivot_2024.xlsx
University of the Sunshine Coast,Creative Arts,10,domestic,,2021,942,bronze/education-higher-ed/education_he-student-enrolments-pivot_2024.xlsx
University of the Sunshine Coast,Creative Arts,10,domestic,,2022,832,bronze/education-higher-ed/education_he-student-enrolments-pivot_2024.xlsx
University of the Sunshine Coast,Creative Arts,10,domestic,,2023,803,bronze/education-higher-ed/education_he-student-enrolments-pivot_2024.xlsx
University of the Sunshine Coast,Creative Arts,10,domestic,,2024,792,bronze/education-higher-ed/education_he-student-enrolments-pivot_2024.xlsx
University of the Sunshine Coast,Creative Arts,10,international,,2020,35,bronze/education-higher-ed/education_he-student-enrolments-pivot_2024.xlsx
University of the Sunshine Coast,Creative Arts,10,international,,2021,28,bronze/education-higher-ed/education_he-student-enrolments-pivot_2024.xlsx
University of the Sunshine Coast,Creative Arts,10,international,,2022,17,bronze/education-higher-ed/education_he-student-enrolments-pivot_2024.xlsx
University of the Sunshine Coast,Creative Arts,10,international,,2023,20,bronze/education-higher-ed/education_he-student-enrolments-pivot_2024.xlsx
University of the Sunshine Coast,Creative Arts,10,international,,2024,27,bronze/education-higher-ed/education_he-student-enrolments-pivot_2024.xlsx
University of the Sunshine Coast,Education,07,domestic,,2020,1807,bronze/education-higher-ed/education_he-student-enrolments-pivot_2024.xlsx
University of the Sunshine Coast,Education,07,domestic,,2021,1945,bronze/education-higher-ed/education_he-student-enrolments-pivot_2024.xlsx
University of the Sunshine Coast,Education,07,domestic,,2022,1819,bronze/education-higher-ed/education_he-student-enrolments-pivot_2024.xlsx
University of the Sunshine Coast,Education,07,domestic,,2023,1756,bronze/education-higher-ed/education_he-student-enrolments-pivot_2024.xlsx
University of the Sunshine Coast,Education,07,domestic,,2024,1751,bronze/education-higher-ed/education_he-student-enrolments-pivot_2024.xlsx
University of the Sunshine Coast,Education,07,international,,2020,43,bronze/education-higher-ed/education_he-student-enrolments-pivot_2024.xlsx
University of the Sunshine Coast,Education,07,international,,2021,31,bronze/education-higher-ed/education_he-student-enrolments-pivot_2024.xlsx
University of the Sunshine Coast,Education,07,international,,2022,28,bronze/education-higher-ed/education_he-student-enrolments-pivot_2024.xlsx
University of the Sunshine Coast,Education,07,international,,2023,19,bronze/education-higher-ed/education_he-student-enrolments-pivot_2024.xlsx
University of the Sunshine Coast,Education,07,international,,2024,27,bronze/education-higher-ed/education_he-student-enrolments-pivot_2024.xlsx
University of the Sunshine Coast,Engineering and Related Technologies,03,domestic,,2020,444,bronze/education-higher-ed/education_he-student-enrolments-pivot_2024.xlsx
University of the Sunshine Coast,Engineering and Related Technologies,03,domestic,,2021,485,bronze/education-higher-ed/education_he-student-enrolments-pivot_2024.xlsx
University of the Sunshine Coast,Engineering and Related Technologies,03,domestic,,2022,454,bronze/education-higher-ed/education_he-student-enrolments-pivot_2024.xlsx
University of the Sunshine Coast,Engineering and Related Technologies,03,domestic,,2023,525,bronze/education-higher-ed/education_he-student-enrolments-pivot_2024.xlsx
University of the Sunshine Coast,Engineering and Related Technologies,03,domestic,,2024,580,bronze/education-higher-ed/education_he-student-enrolments-pivot_2024.xlsx
University of the Sunshine Coast,Engineering and Related Technologies,03,international,,2020,44,bronze/education-higher-ed/education_he-student-enrolments-pivot_2024.xlsx
University of the Sunshine Coast,Engineering and Related Technologies,03,international,,2021,39,bronze/education-higher-ed/education_he-student-enrolments-pivot_2024.xlsx
University of the Sunshine Coast,Engineering and Related Technologies,03,international,,2022,28,bronze/education-higher-ed/education_he-student-enrolments-pivot_2024.xlsx
University of the Sunshine Coast,Engineering and Related Technologies,03,international,,2023,42,bronze/education-higher-ed/education_he-student-enrolments-pivot_2024.xlsx
University of the Sunshine Coast,Engineering and Related Technologies,03,international,,2024,59,bronze/education-higher-ed/education_he-student-enrolments-pivot_2024.xlsx
University of the Sunshine Coast,Health,06,domestic,,2020,4646,bronze/education-higher-ed/education_he-student-enrolments-pivot_2024.xlsx
University of the Sunshine Coast,Health,06,domestic,,2021,4934,bronze/education-higher-ed/education_he-student-enrolments-pivot_2024.xlsx
University of the Sunshine Coast,Health,06,domestic,,2022,4850,bronze/education-higher-ed/education_he-student-enrolments-pivot_2024.xlsx
University of the Sunshine Coast,Health,06,domestic,,2023,4898,bronze/education-higher-ed/education_he-student-enrolments-pivot_2024.xlsx
University of the Sunshine Coast,Health,06,domestic,,2024,5123,bronze/education-higher-ed/education_he-student-enrolments-pivot_2024.xlsx
University of the Sunshine Coast,Health,06,international,,2020,967,bronze/education-higher-ed/education_he-student-enrolments-pivot_2024.xlsx
University of the Sunshine Coast,Health,06,international,,2021,891,bronze/education-higher-ed/education_he-student-enrolments-pivot_2024.xlsx
University of the Sunshine Coast,Health,06,international,,2022,888,bronze/education-higher-ed/education_he-student-enrolments-pivot_2024.xlsx
University of the Sunshine Coast,Health,06,international,,2023,945,bronze/education-higher-ed/education_he-student-enrolments-pivot_2024.xlsx
University of the Sunshine Coast,Health,06,international,,2024,1145,bronze/education-higher-ed/education_he-student-enrolments-pivot_2024.xlsx
University of the Sunshine Coast,Information Technology,02,domestic,,2020,252,bronze/education-higher-ed/education_he-student-enrolments-pivot_2024.xlsx
University of the Sunshine Coast,Information Technology,02,domestic,,2021,264,bronze/education-higher-ed/education_he-student-enrolments-pivot_2024.xlsx
University of the Sunshine Coast,Information Technology,02,domestic,,2022,290,bronze/education-higher-ed/education_he-student-enrolments-pivot_2024.xlsx
University of the Sunshine Coast,Information Technology,02,domestic,,2023,449,bronze/education-higher-ed/education_he-student-enrolments-pivot_2024.xlsx
University of the Sunshine Coast,Information Technology,02,domestic,,2024,497,bronze/education-higher-ed/education_he-student-enrolments-pivot_2024.xlsx
University of the Sunshine Coast,Information Technology,02,international,,2020,505,bronze/education-higher-ed/education_he-student-enrolments-pivot_2024.xlsx
University of the Sunshine Coast,Information Technology,02,international,,2021,202,bronze/education-higher-ed/education_he-student-enrolments-pivot_2024.xlsx
University of the Sunshine Coast,Information Technology,02,international,,2022,95,bronze/education-higher-ed/education_he-student-enrolments-pivot_2024.xlsx
University of the Sunshine Coast,Information Technology,02,international,,2023,93,bronze/education-higher-ed/education_he-student-enrolments-pivot_2024.xlsx
University of the Sunshine Coast,Information Technology,02,international,,2024,211,bronze/education-higher-ed/education_he-student-enrolments-pivot_2024.xlsx
University of the Sunshine Coast,Management and Commerce,08,domestic,,2020,1401,bronze/education-higher-ed/education_he-student-enrolments-pivot_2024.xlsx
University of the Sunshine Coast,Management and Commerce,08,domestic,,2021,1418,bronze/education-higher-ed/education_he-student-enrolments-pivot_2024.xlsx
University of the Sunshine Coast,Management and Commerce,08,domestic,,2022,1254,bronze/education-higher-ed/education_he-student-enrolments-pivot_2024.xlsx
University of the Sunshine Coast,Management and Commerce,08,domestic,,2023,1246,bronze/education-higher-ed/education_he-student-enrolments-pivot_2024.xlsx
University of the Sunshine Coast,Management and Commerce,08,domestic,,2024,1305,bronze/education-higher-ed/education_he-student-enrolments-pivot_2024.xlsx
University of the Sunshine Coast,Management and Commerce,08,international,,2020,492,bronze/education-higher-ed/education_he-student-enrolments-pivot_2024.xlsx
University of the Sunshine Coast,Management and Commerce,08,international,,2021,260,bronze/education-higher-ed/education_he-student-enrolments-pivot_2024.xlsx
University of the Sunshine Coast,Management and Commerce,08,international,,2022,326,bronze/education-higher-ed/education_he-student-enrolments-pivot_2024.xlsx
University of the Sunshine Coast,Management and Commerce,08,international,,2023,307,bronze/education-higher-ed/education_he-student-enrolments-pivot_2024.xlsx
University of the Sunshine Coast,Management and Commerce,08,international,,2024,240,bronze/education-higher-ed/education_he-student-enrolments-pivot_2024.xlsx
University of the Sunshine Coast,Mixed Field Programmes,12,domestic,,2020,1302,bronze/education-higher-ed/education_he-student-enrolments-pivot_2024.xlsx
University of the Sunshine Coast,Mixed Field Programmes,12,domestic,,2021,1269,bronze/education-higher-ed/education_he-student-enrolments-pivot_2024.xlsx
University of the Sunshine Coast,Mixed Field Programmes,12,domestic,,2022,959,bronze/education-higher-ed/education_he-student-enrolments-pivot_2024.xlsx
University of the Sunshine Coast,Mixed Field Programmes,12,domestic,,2023,1002,bronze/education-higher-ed/education_he-student-enrolments-pivot_2024.xlsx
University of the Sunshine Coast,Mixed Field Programmes,12,domestic,,2024,1162,bronze/education-higher-ed/education_he-student-enrolments-pivot_2024.xlsx
University of the Sunshine Coast,Mixed Field Programmes,12,international,,2021,2,bronze/education-higher-ed/education_he-student-enrolments-pivot_2024.xlsx
University of the Sunshine Coast,Mixed Field Programmes,12,international,,2022,4,bronze/education-higher-ed/education_he-student-enrolments-pivot_2024.xlsx
University of the Sunshine Coast,Mixed Field Programmes,12,international,,2023,1,bronze/education-higher-ed/education_he-student-enrolments-pivot_2024.xlsx
University of the Sunshine Coast,Mixed Field Programmes,12,international,,2024,3,bronze/education-higher-ed/education_he-student-enrolments-pivot_2024.xlsx
University of the Sunshine Coast,Natural and Physical Sciences,01,domestic,,2020,1283,bronze/education-higher-ed/education_he-student-enrolments-pivot_2024.xlsx
University of the Sunshine Coast,Natural and Physical Sciences,01,domestic,,2021,1309,bronze/education-higher-ed/education_he-student-enrolments-pivot_2024.xlsx
University of the Sunshine Coast,Natural and Physical Sciences,01,domestic,,2022,1261,bronze/education-higher-ed/education_he-student-enrolments-pivot_2024.xlsx
University of the Sunshine Coast,Natural and Physical Sciences,01,domestic,,2023,1246,bronze/education-higher-ed/education_he-student-enrolments-pivot_2024.xlsx
University of the Sunshine Coast,Natural and Physical Sciences,01,domestic,,2024,1175,bronze/education-higher-ed/education_he-student-enrolments-pivot_2024.xlsx
University of the Sunshine Coast,Natural and Physical Sciences,01,international,,2020,67,bronze/education-higher-ed/education_he-student-enrolments-pivot_2024.xlsx
University of the Sunshine Coast,Natural and Physical Sciences,01,international,,2021,68,bronze/education-higher-ed/education_he-student-enrolments-pivot_2024.xlsx
University of the Sunshine Coast,Natural and Physical Sciences,01,international,,2022,77,bronze/education-higher-ed/education_he-student-enrolments-pivot_2024.xlsx
University of the Sunshine Coast,Natural and Physical Sciences,01,international,,2023,91,bronze/education-higher-ed/education_he-student-enrolments-pivot_2024.xlsx
University of the Sunshine Coast,Natural and Physical Sciences,01,international,,2024,99,bronze/education-higher-ed/education_he-student-enrolments-pivot_2024.xlsx
University of the Sunshine Coast,Non-Award Courses,,domestic,,2020,283,bronze/education-higher-ed/education_he-student-enrolments-pivot_2024.xlsx
University of the Sunshine Coast,Non-Award Courses,,domestic,,2021,322,bronze/education-higher-ed/education_he-student-enrolments-pivot_2024.xlsx
University of the Sunshine Coast,Non-Award Courses,,domestic,,2022,376,bronze/education-higher-ed/education_he-student-enrolments-pivot_2024.xlsx
University of the Sunshine Coast,Non-Award Courses,,domestic,,2023,539,bronze/education-higher-ed/education_he-student-enrolments-pivot_2024.xlsx
University of the Sunshine Coast,Non-Award Courses,,domestic,,2024,738,bronze/education-higher-ed/education_he-student-enrolments-pivot_2024.xlsx
University of the Sunshine Coast,Non-Award Courses,,international,,2020,52,bronze/education-higher-ed/education_he-student-enrolments-pivot_2024.xlsx
University of the Sunshine Coast,Non-Award Courses,,international,,2021,4,bronze/education-higher-ed/education_he-student-enrolments-pivot_2024.xlsx
University of the Sunshine Coast,Non-Award Courses,,international,,2022,104,bronze/education-higher-ed/education_he-student-enrolments-pivot_2024.xlsx
University of the Sunshine Coast,Non-Award Courses,,international,,2023,187,bronze/education-higher-ed/education_he-student-enrolments-pivot_2024.xlsx
University of the Sunshine Coast,Non-Award Courses,,international,,2024,156,bronze/education-higher-ed/education_he-student-enrolments-pivot_2024.xlsx
University of the Sunshine Coast,Society and Culture,09,domestic,,2020,2975,bronze/education-higher-ed/education_he-student-enrolments-pivot_2024.xlsx
University of the Sunshine Coast,Society and Culture,09,domestic,,2021,3347,bronze/education-higher-ed/education_he-student-enrolments-pivot_2024.xlsx
University of the Sunshine Coast,Society and Culture,09,domestic,,2022,3232,bronze/education-higher-ed/education_he-student-enrolments-pivot_2024.xlsx
University of the Sunshine Coast,Society and Culture,09,domestic,,2023,3228,bronze/education-higher-ed/education_he-student-enrolments-pivot_2024.xlsx
University of the Sunshine Coast,Society and Culture,09,domestic,,2024,3155,bronze/education-higher-ed/education_he-student-enrolments-pivot_2024.xlsx
University of the Sunshine Coast,Society and Culture,09,international,,2020,257,bronze/education-higher-ed/education_he-student-enrolments-pivot_2024.xlsx
University of the Sunshine Coast,Society and Culture,09,international,,2021,112,bronze/education-higher-ed/education_he-student-enrolments-pivot_2024.xlsx
University of the Sunshine Coast,Society and Culture,09,international,,2022,155,bronze/education-higher-ed/education_he-student-enrolments-pivot_2024.xlsx
University of the Sunshine Coast,Society and Culture,09,international,,2023,167,bronze/education-higher-ed/education_he-student-enrolments-pivot_2024.xlsx
University of the Sunshine Coast,Society and Culture,09,international,,2024,212,bronze/education-higher-ed/education_he-student-enrolments-pivot_2024.xlsx
Victoria University,"Agriculture, Environmental and Related Studies",05,domestic,,2020,178,bronze/education-higher-ed/education_he-student-enrolments-pivot_2024.xlsx
Victoria University,"Agriculture, Environmental and Related Studies",05,domestic,,2021,205,bronze/education-higher-ed/education_he-student-enrolments-pivot_2024.xlsx
Victoria University,"Agriculture, Environmental and Related Studies",05,domestic,,2022,195,bronze/education-higher-ed/education_he-student-enrolments-pivot_2024.xlsx
Victoria University,"Agriculture, Environmental and Related Studies",05,domestic,,2023,184,bronze/education-higher-ed/education_he-student-enrolments-pivot_2024.xlsx
Victoria University,"Agriculture, Environmental and Related Studies",05,domestic,,2024,135,bronze/education-higher-ed/education_he-student-enrolments-pivot_2024.xlsx
Victoria University,"Agriculture, Environmental and Related Studies",05,international,,2023,3,bronze/education-higher-ed/education_he-student-enrolments-pivot_2024.xlsx
Victoria University,"Agriculture, Environmental and Related Studies",05,international,,2024,2,bronze/education-higher-ed/education_he-student-enrolments-pivot_2024.xlsx
Victoria University,Architecture and Building,04,domestic,,2020,588,bronze/education-higher-ed/education_he-student-enrolments-pivot_2024.xlsx
Victoria University,Architecture and Building,04,domestic,,2021,737,bronze/education-higher-ed/education_he-student-enrolments-pivot_2024.xlsx
Victoria University,Architecture and Building,04,domestic,,2022,822,bronze/education-higher-ed/education_he-student-enrolments-pivot_2024.xlsx
Victoria University,Architecture and Building,04,domestic,,2023,795,bronze/education-higher-ed/education_he-student-enrolments-pivot_2024.xlsx
Victoria University,Architecture and Building,04,domestic,,2024,799,bronze/education-higher-ed/education_he-student-enrolments-pivot_2024.xlsx
Victoria University,Architecture and Building,04,international,,2020,18,bronze/education-higher-ed/education_he-student-enrolments-pivot_2024.xlsx
Victoria University,Architecture and Building,04,international,,2021,26,bronze/education-higher-ed/education_he-student-enrolments-pivot_2024.xlsx
Victoria University,Architecture and Building,04,international,,2022,23,bronze/education-higher-ed/education_he-student-enrolments-pivot_2024.xlsx
Victoria University,Architecture and Building,04,international,,2023,16,bronze/education-higher-ed/education_he-student-enrolments-pivot_2024.xlsx
Victoria University,Architecture and Building,04,international,,2024,28,bronze/education-higher-ed/education_he-student-enrolments-pivot_2024.xlsx
Victoria University,Creative Arts,10,domestic,,2020,271,bronze/education-higher-ed/education_he-student-enrolments-pivot_2024.xlsx
Victoria University,Creative Arts,10,domestic,,2021,258,bronze/education-higher-ed/education_he-student-enrolments-pivot_2024.xlsx
Victoria University,Creative Arts,10,domestic,,2022,228,bronze/education-higher-ed/education_he-student-enrolments-pivot_2024.xlsx
Victoria University,Creative Arts,10,domestic,,2023,200,bronze/education-higher-ed/education_he-student-enrolments-pivot_2024.xlsx
Victoria University,Creative Arts,10,domestic,,2024,153,bronze/education-higher-ed/education_he-student-enrolments-pivot_2024.xlsx
Victoria University,Creative Arts,10,international,,2020,58,bronze/education-higher-ed/education_he-student-enrolments-pivot_2024.xlsx
Victoria University,Creative Arts,10,international,,2021,30,bronze/education-higher-ed/education_he-student-enrolments-pivot_2024.xlsx
Victoria University,Creative Arts,10,international,,2022,50,bronze/education-higher-ed/education_he-student-enrolments-pivot_2024.xlsx
Victoria University,Creative Arts,10,international,,2023,70,bronze/education-higher-ed/education_he-student-enrolments-pivot_2024.xlsx
Victoria University,Creative Arts,10,international,,2024,55,bronze/education-higher-ed/education_he-student-enrolments-pivot_2024.xlsx
Victoria University,Education,07,domestic,,2020,2977,bronze/education-higher-ed/education_he-student-enrolments-pivot_2024.xlsx
Victoria University,Education,07,domestic,,2021,3399,bronze/education-higher-ed/education_he-student-enrolments-pivot_2024.xlsx
Victoria University,Education,07,domestic,,2022,3878,bronze/education-higher-ed/education_he-student-enrolments-pivot_2024.xlsx
Victoria University,Education,07,domestic,,2023,4207,bronze/education-higher-ed/education_he-student-enrolments-pivot_2024.xlsx
Victoria University,Education,07,domestic,,2024,4466,bronze/education-higher-ed/education_he-student-enrolments-pivot_2024.xlsx
Victoria University,Education,07,international,,2020,520,bronze/education-higher-ed/education_he-student-enrolments-pivot_2024.xlsx
Victoria University,Education,07,international,,2021,730,bronze/education-higher-ed/education_he-student-enrolments-pivot_2024.xlsx
Victoria University,Education,07,international,,2022,1465,bronze/education-higher-ed/education_he-student-enrolments-pivot_2024.xlsx
Victoria University,Education,07,international,,2023,3149,bronze/education-higher-ed/education_he-student-enrolments-pivot_2024.xlsx
Victoria University,Education,07,international,,2024,5423,bronze/education-higher-ed/education_he-student-enrolments-pivot_2024.xlsx
Victoria University,Engineering and Related Technologies,03,domestic,,2020,434,bronze/education-higher-ed/education_he-student-enrolments-pivot_2024.xlsx
Victoria University,Engineering and Related Technologies,03,domestic,,2021,428,bronze/education-higher-ed/education_he-student-enrolments-pivot_2024.xlsx
Victoria University,Engineering and Related Technologies,03,domestic,,2022,376,bronze/education-higher-ed/education_he-student-enrolments-pivot_2024.xlsx
Victoria University,Engineering and Related Technologies,03,domestic,,2023,355,bronze/education-higher-ed/education_he-student-enrolments-pivot_2024.xlsx
Victoria University,Engineering and Related Technologies,03,domestic,,2024,297,bronze/education-higher-ed/education_he-student-enrolments-pivot_2024.xlsx
Victoria University,Engineering and Related Technologies,03,international,,2020,417,bronze/education-higher-ed/education_he-student-enrolments-pivot_2024.xlsx
Victoria University,Engineering and Related Technologies,03,international,,2021,268,bronze/education-higher-ed/education_he-student-enrolments-pivot_2024.xlsx
Victoria University,Engineering and Related Technologies,03,international,,2022,214,bronze/education-higher-ed/education_he-student-enrolments-pivot_2024.xlsx
Victoria University,Engineering and Related Technologies,03,international,,2023,153,bronze/education-higher-ed/education_he-student-enrolments-pivot_2024.xlsx
Victoria University,Engineering and Related Technologies,03,international,,2024,113,bronze/education-higher-ed/education_he-student-enrolments-pivot_2024.xlsx
Victoria University,Health,06,domestic,,2020,5103,bronze/education-higher-ed/education_he-student-enrolments-pivot_2024.xlsx
Victoria University,Health,06,domestic,,2021,5509,bronze/education-higher-ed/education_he-student-enrolments-pivot_2024.xlsx
Victoria University,Health,06,domestic,,2022,5271,bronze/education-higher-ed/education_he-student-enrolments-pivot_2024.xlsx
Victoria University,Health,06,domestic,,2023,5533,bronze/education-higher-ed/education_he-student-enrolments-pivot_2024.xlsx
Victoria University,Health,06,domestic,,2024,5984,bronze/education-higher-ed/education_he-student-enrolments-pivot_2024.xlsx
Victoria University,Health,06,international,,2020,469,bronze/education-higher-ed/education_he-student-enrolments-pivot_2024.xlsx
Victoria University,Health,06,international,,2021,498,bronze/education-higher-ed/education_he-student-enrolments-pivot_2024.xlsx
Victoria University,Health,06,international,,2022,469,bronze/education-higher-ed/education_he-student-enrolments-pivot_2024.xlsx
Victoria University,Health,06,international,,2023,548,bronze/education-higher-ed/education_he-student-enrolments-pivot_2024.xlsx
Victoria University,Health,06,international,,2024,600,bronze/education-higher-ed/education_he-student-enrolments-pivot_2024.xlsx
Victoria University,Information Technology,02,domestic,,2020,280,bronze/education-higher-ed/education_he-student-enrolments-pivot_2024.xlsx
Victoria University,Information Technology,02,domestic,,2021,379,bronze/education-higher-ed/education_he-student-enrolments-pivot_2024.xlsx
Victoria University,Information Technology,02,domestic,,2022,441,bronze/education-higher-ed/education_he-student-enrolments-pivot_2024.xlsx
Victoria University,Information Technology,02,domestic,,2023,460,bronze/education-higher-ed/education_he-student-enrolments-pivot_2024.xlsx
Victoria University,Information Technology,02,domestic,,2024,502,bronze/education-higher-ed/education_he-student-enrolments-pivot_2024.xlsx
Victoria University,Information Technology,02,international,,2020,2914,bronze/education-higher-ed/education_he-student-enrolments-pivot_2024.xlsx
Victoria University,Information Technology,02,international,,2021,2150,bronze/education-higher-ed/education_he-student-enrolments-pivot_2024.xlsx
Victoria University,Information Technology,02,international,,2022,2459,bronze/education-higher-ed/education_he-student-enrolments-pivot_2024.xlsx
Victoria University,Information Technology,02,international,,2023,3177,bronze/education-higher-ed/education_he-student-enrolments-pivot_2024.xlsx
Victoria University,Information Technology,02,international,,2024,2938,bronze/education-higher-ed/education_he-student-enrolments-pivot_2024.xlsx
Victoria University,Management and Commerce,08,domestic,,2020,1761,bronze/education-higher-ed/education_he-student-enrolments-pivot_2024.xlsx
Victoria University,Management and Commerce,08,domestic,,2021,1781,bronze/education-higher-ed/education_he-student-enrolments-pivot_2024.xlsx
Victoria University,Management and Commerce,08,domestic,,2022,1662,bronze/education-higher-ed/education_he-student-enrolments-pivot_2024.xlsx
Victoria University,Management and Commerce,08,domestic,,2023,1403,bronze/education-higher-ed/education_he-student-enrolments-pivot_2024.xlsx
Victoria University,Management and Commerce,08,domestic,,2024,1378,bronze/education-higher-ed/education_he-student-enrolments-pivot_2024.xlsx
Victoria University,Management and Commerce,08,international,,2020,6312,bronze/education-higher-ed/education_he-student-enrolments-pivot_2024.xlsx
Victoria University,Management and Commerce,08,international,,2021,5743,bronze/education-higher-ed/education_he-student-enrolments-pivot_2024.xlsx
Victoria University,Management and Commerce,08,international,,2022,6233,bronze/education-higher-ed/education_he-student-enrolments-pivot_2024.xlsx
Victoria University,Management and Commerce,08,international,,2023,6932,bronze/education-higher-ed/education_he-student-enrolments-pivot_2024.xlsx
Victoria University,Management and Commerce,08,international,,2024,5874,bronze/education-higher-ed/education_he-student-enrolments-pivot_2024.xlsx
Victoria University,Mixed Field Programmes,12,domestic,,2020,85,bronze/education-higher-ed/education_he-student-enrolments-pivot_2024.xlsx
Victoria University,Mixed Field Programmes,12,domestic,,2021,100,bronze/education-higher-ed/education_he-student-enrolments-pivot_2024.xlsx
Victoria University,Mixed Field Programmes,12,domestic,,2022,79,bronze/education-higher-ed/education_he-student-enrolments-pivot_2024.xlsx
Victoria University,Mixed Field Programmes,12,domestic,,2023,118,bronze/education-higher-ed/education_he-student-enrolments-pivot_2024.xlsx
Victoria University,Mixed Field Programmes,12,domestic,,2024,193,bronze/education-higher-ed/education_he-student-enrolments-pivot_2024.xlsx
Victoria University,Natural and Physical Sciences,01,domestic,,2020,555,bronze/education-higher-ed/education_he-student-enrolments-pivot_2024.xlsx
Victoria University,Natural and Physical Sciences,01,domestic,,2021,549,bronze/education-higher-ed/education_he-student-enrolments-pivot_2024.xlsx
Victoria University,Natural and Physical Sciences,01,domestic,,2022,554,bronze/education-higher-ed/education_he-student-enrolments-pivot_2024.xlsx
Victoria University,Natural and Physical Sciences,01,domestic,,2023,550,bronze/education-higher-ed/education_he-student-enrolments-pivot_2024.xlsx
Victoria University,Natural and Physical Sciences,01,domestic,,2024,525,bronze/education-higher-ed/education_he-student-enrolments-pivot_2024.xlsx
Victoria University,Natural and Physical Sciences,01,international,,2020,35,bronze/education-higher-ed/education_he-student-enrolments-pivot_2024.xlsx
Victoria University,Natural and Physical Sciences,01,international,,2021,30,bronze/education-higher-ed/education_he-student-enrolments-pivot_2024.xlsx
Victoria University,Natural and Physical Sciences,01,international,,2022,45,bronze/education-higher-ed/education_he-student-enrolments-pivot_2024.xlsx
Victoria University,Natural and Physical Sciences,01,international,,2023,68,bronze/education-higher-ed/education_he-student-enrolments-pivot_2024.xlsx
Victoria University,Natural and Physical Sciences,01,international,,2024,47,bronze/education-higher-ed/education_he-student-enrolments-pivot_2024.xlsx
Victoria University,Non-Award Courses,,domestic,,2020,118,bronze/education-higher-ed/education_he-student-enrolments-pivot_2024.xlsx
Victoria University,Non-Award Courses,,domestic,,2021,101,bronze/education-higher-ed/education_he-student-enrolments-pivot_2024.xlsx
Victoria University,Non-Award Courses,,domestic,,2022,92,bronze/education-higher-ed/education_he-student-enrolments-pivot_2024.xlsx
Victoria University,Non-Award Courses,,domestic,,2023,83,bronze/education-higher-ed/education_he-student-enrolments-pivot_2024.xlsx
Victoria University,Non-Award Courses,,domestic,,2024,59,bronze/education-higher-ed/education_he-student-enrolments-pivot_2024.xlsx
Victoria University,Non-Award Courses,,international,,2020,189,bronze/education-higher-ed/education_he-student-enrolments-pivot_2024.xlsx
Victoria University,Non-Award Courses,,international,,2021,34,bronze/education-higher-ed/education_he-student-enrolments-pivot_2024.xlsx
Victoria University,Non-Award Courses,,international,,2022,159,bronze/education-higher-ed/education_he-student-enrolments-pivot_2024.xlsx
Victoria University,Non-Award Courses,,international,,2023,274,bronze/education-higher-ed/education_he-student-enrolments-pivot_2024.xlsx
Victoria University,Non-Award Courses,,international,,2024,285,bronze/education-higher-ed/education_he-student-enrolments-pivot_2024.xlsx
Victoria University,Society and Culture,09,domestic,,2020,4922,bronze/education-higher-ed/education_he-student-enrolments-pivot_2024.xlsx
Victoria University,Society and Culture,09,domestic,,2021,5068,bronze/education-higher-ed/education_he-student-enrolments-pivot_2024.xlsx
Victoria University,Society and Culture,09,domestic,,2022,4748,bronze/education-higher-ed/education_he-student-enrolments-pivot_2024.xlsx
Victoria University,Society and Culture,09,domestic,,2023,4649,bronze/education-higher-ed/education_he-student-enrolments-pivot_2024.xlsx
Victoria University,Society and Culture,09,domestic,,2024,4420,bronze/education-higher-ed/education_he-student-enrolments-pivot_2024.xlsx
Victoria University,Society and Culture,09,international,,2020,295,bronze/education-higher-ed/education_he-student-enrolments-pivot_2024.xlsx
Victoria University,Society and Culture,09,international,,2021,266,bronze/education-higher-ed/education_he-student-enrolments-pivot_2024.xlsx
Victoria University,Society and Culture,09,international,,2022,313,bronze/education-higher-ed/education_he-student-enrolments-pivot_2024.xlsx
Victoria University,Society and Culture,09,international,,2023,365,bronze/education-higher-ed/education_he-student-enrolments-pivot_2024.xlsx
Victoria University,Society and Culture,09,international,,2024,359,bronze/education-higher-ed/education_he-student-enrolments-pivot_2024.xlsx
Western Sydney University,"Agriculture, Environmental and Related Studies",05,domestic,,2020,217,bronze/education-higher-ed/education_he-student-enrolments-pivot_2024.xlsx
Western Sydney University,"Agriculture, Environmental and Related Studies",05,domestic,,2021,152,bronze/education-higher-ed/education_he-student-enrolments-pivot_2024.xlsx
Western Sydney University,"Agriculture, Environmental and Related Studies",05,domestic,,2022,93,bronze/education-higher-ed/education_he-student-enrolments-pivot_2024.xlsx
Western Sydney University,"Agriculture, Environmental and Related Studies",05,domestic,,2023,36,bronze/education-higher-ed/education_he-student-enrolments-pivot_2024.xlsx
Western Sydney University,"Agriculture, Environmental and Related Studies",05,domestic,,2024,18,bronze/education-higher-ed/education_he-student-enrolments-pivot_2024.xlsx
Western Sydney University,"Agriculture, Environmental and Related Studies",05,international,,2020,5,bronze/education-higher-ed/education_he-student-enrolments-pivot_2024.xlsx
Western Sydney University,"Agriculture, Environmental and Related Studies",05,international,,2021,7,bronze/education-higher-ed/education_he-student-enrolments-pivot_2024.xlsx
Western Sydney University,"Agriculture, Environmental and Related Studies",05,international,,2022,3,bronze/education-higher-ed/education_he-student-enrolments-pivot_2024.xlsx
Western Sydney University,"Agriculture, Environmental and Related Studies",05,international,,2023,8,bronze/education-higher-ed/education_he-student-enrolments-pivot_2024.xlsx
Western Sydney University,"Agriculture, Environmental and Related Studies",05,international,,2024,2,bronze/education-higher-ed/education_he-student-enrolments-pivot_2024.xlsx
Western Sydney University,Architecture and Building,04,domestic,,2020,2744,bronze/education-higher-ed/education_he-student-enrolments-pivot_2024.xlsx
Western Sydney University,Architecture and Building,04,domestic,,2021,2849,bronze/education-higher-ed/education_he-student-enrolments-pivot_2024.xlsx
Western Sydney University,Architecture and Building,04,domestic,,2022,2771,bronze/education-higher-ed/education_he-student-enrolments-pivot_2024.xlsx
Western Sydney University,Architecture and Building,04,domestic,,2023,2792,bronze/education-higher-ed/education_he-student-enrolments-pivot_2024.xlsx
Western Sydney University,Architecture and Building,04,domestic,,2024,3111,bronze/education-higher-ed/education_he-student-enrolments-pivot_2024.xlsx
Western Sydney University,Architecture and Building,04,international,,2020,78,bronze/education-higher-ed/education_he-student-enrolments-pivot_2024.xlsx
Western Sydney University,Architecture and Building,04,international,,2021,79,bronze/education-higher-ed/education_he-student-enrolments-pivot_2024.xlsx
Western Sydney University,Architecture and Building,04,international,,2022,71,bronze/education-higher-ed/education_he-student-enrolments-pivot_2024.xlsx
Western Sydney University,Architecture and Building,04,international,,2023,84,bronze/education-higher-ed/education_he-student-enrolments-pivot_2024.xlsx
Western Sydney University,Architecture and Building,04,international,,2024,83,bronze/education-higher-ed/education_he-student-enrolments-pivot_2024.xlsx
Western Sydney University,Creative Arts,10,domestic,,2020,1963,bronze/education-higher-ed/education_he-student-enrolments-pivot_2024.xlsx
Western Sydney University,Creative Arts,10,domestic,,2021,1989,bronze/education-higher-ed/education_he-student-enrolments-pivot_2024.xlsx
Western Sydney University,Creative Arts,10,domestic,,2022,1901,bronze/education-higher-ed/education_he-student-enrolments-pivot_2024.xlsx
Western Sydney University,Creative Arts,10,domestic,,2023,1675,bronze/education-higher-ed/education_he-student-enrolments-pivot_2024.xlsx
Western Sydney University,Creative Arts,10,domestic,,2024,1452,bronze/education-higher-ed/education_he-student-enrolments-pivot_2024.xlsx
Western Sydney University,Creative Arts,10,international,,2020,119,bronze/education-higher-ed/education_he-student-enrolments-pivot_2024.xlsx
Western Sydney University,Creative Arts,10,international,,2021,105,bronze/education-higher-ed/education_he-student-enrolments-pivot_2024.xlsx
Western Sydney University,Creative Arts,10,international,,2022,154,bronze/education-higher-ed/education_he-student-enrolments-pivot_2024.xlsx
Western Sydney University,Creative Arts,10,international,,2023,238,bronze/education-higher-ed/education_he-student-enrolments-pivot_2024.xlsx
Western Sydney University,Creative Arts,10,international,,2024,324,bronze/education-higher-ed/education_he-student-enrolments-pivot_2024.xlsx
Western Sydney University,Education,07,domestic,,2020,1943,bronze/education-higher-ed/education_he-student-enrolments-pivot_2024.xlsx
Western Sydney University,Education,07,domestic,,2021,2017,bronze/education-higher-ed/education_he-student-enrolments-pivot_2024.xlsx
Western Sydney University,Education,07,domestic,,2022,1926,bronze/education-higher-ed/education_he-student-enrolments-pivot_2024.xlsx
Western Sydney University,Education,07,domestic,,2023,1960,bronze/education-higher-ed/education_he-student-enrolments-pivot_2024.xlsx
Western Sydney University,Education,07,domestic,,2024,2273,bronze/education-higher-ed/education_he-student-enrolments-pivot_2024.xlsx
Western Sydney University,Education,07,international,,2020,375,bronze/education-higher-ed/education_he-student-enrolments-pivot_2024.xlsx
Western Sydney University,Education,07,international,,2021,345,bronze/education-higher-ed/education_he-student-enrolments-pivot_2024.xlsx
Western Sydney University,Education,07,international,,2022,346,bronze/education-higher-ed/education_he-student-enrolments-pivot_2024.xlsx
Western Sydney University,Education,07,international,,2023,435,bronze/education-higher-ed/education_he-student-enrolments-pivot_2024.xlsx
Western Sydney University,Education,07,international,,2024,645,bronze/education-higher-ed/education_he-student-enrolments-pivot_2024.xlsx
Western Sydney University,Engineering and Related Technologies,03,domestic,,2020,2110,bronze/education-higher-ed/education_he-student-enrolments-pivot_2024.xlsx
Western Sydney University,Engineering and Related Technologies,03,domestic,,2021,2092,bronze/education-higher-ed/education_he-student-enrolments-pivot_2024.xlsx
Western Sydney University,Engineering and Related Technologies,03,domestic,,2022,1936,bronze/education-higher-ed/education_he-student-enrolments-pivot_2024.xlsx
Western Sydney University,Engineering and Related Technologies,03,domestic,,2023,1758,bronze/education-higher-ed/education_he-student-enrolments-pivot_2024.xlsx
Western Sydney University,Engineering and Related Technologies,03,domestic,,2024,1684,bronze/education-higher-ed/education_he-student-enrolments-pivot_2024.xlsx
Western Sydney University,Engineering and Related Technologies,03,international,,2020,1041,bronze/education-higher-ed/education_he-student-enrolments-pivot_2024.xlsx
Western Sydney University,Engineering and Related Technologies,03,international,,2021,774,bronze/education-higher-ed/education_he-student-enrolments-pivot_2024.xlsx
Western Sydney University,Engineering and Related Technologies,03,international,,2022,773,bronze/education-higher-ed/education_he-student-enrolments-pivot_2024.xlsx
Western Sydney University,Engineering and Related Technologies,03,international,,2023,785,bronze/education-higher-ed/education_he-student-enrolments-pivot_2024.xlsx
Western Sydney University,Engineering and Related Technologies,03,international,,2024,818,bronze/education-higher-ed/education_he-student-enrolments-pivot_2024.xlsx
Western Sydney University,Health,06,domestic,,2020,8591,bronze/education-higher-ed/education_he-student-enrolments-pivot_2024.xlsx
Western Sydney University,Health,06,domestic,,2021,8946,bronze/education-higher-ed/education_he-student-enrolments-pivot_2024.xlsx
Western Sydney University,Health,06,domestic,,2022,8639,bronze/education-higher-ed/education_he-student-enrolments-pivot_2024.xlsx
Western Sydney University,Health,06,domestic,,2023,8826,bronze/education-higher-ed/education_he-student-enrolments-pivot_2024.xlsx
Western Sydney University,Health,06,domestic,,2024,9302,bronze/education-higher-ed/education_he-student-enrolments-pivot_2024.xlsx
Western Sydney University,Health,06,international,,2020,2118,bronze/education-higher-ed/education_he-student-enrolments-pivot_2024.xlsx
Western Sydney University,Health,06,international,,2021,2066,bronze/education-higher-ed/education_he-student-enrolments-pivot_2024.xlsx
Western Sydney University,Health,06,international,,2022,2211,bronze/education-higher-ed/education_he-student-enrolments-pivot_2024.xlsx
Western Sydney University,Health,06,international,,2023,2470,bronze/education-higher-ed/education_he-student-enrolments-pivot_2024.xlsx
Western Sydney University,Health,06,international,,2024,2628,bronze/education-higher-ed/education_he-student-enrolments-pivot_2024.xlsx
Western Sydney University,Information Technology,02,domestic,,2020,1481,bronze/education-higher-ed/education_he-student-enrolments-pivot_2024.xlsx
Western Sydney University,Information Technology,02,domestic,,2021,1457,bronze/education-higher-ed/education_he-student-enrolments-pivot_2024.xlsx
Western Sydney University,Information Technology,02,domestic,,2022,1375,bronze/education-higher-ed/education_he-student-enrolments-pivot_2024.xlsx
Western Sydney University,Information Technology,02,domestic,,2023,1264,bronze/education-higher-ed/education_he-student-enrolments-pivot_2024.xlsx
Western Sydney University,Information Technology,02,domestic,,2024,1154,bronze/education-higher-ed/education_he-student-enrolments-pivot_2024.xlsx
Western Sydney University,Information Technology,02,international,,2020,689,bronze/education-higher-ed/education_he-student-enrolments-pivot_2024.xlsx
Western Sydney University,Information Technology,02,international,,2021,592,bronze/education-higher-ed/education_he-student-enrolments-pivot_2024.xlsx
Western Sydney University,Information Technology,02,international,,2022,751,bronze/education-higher-ed/education_he-student-enrolments-pivot_2024.xlsx
Western Sydney University,Information Technology,02,international,,2023,970,bronze/education-higher-ed/education_he-student-enrolments-pivot_2024.xlsx
Western Sydney University,Information Technology,02,international,,2024,1306,bronze/education-higher-ed/education_he-student-enrolments-pivot_2024.xlsx
Western Sydney University,Management and Commerce,08,domestic,,2020,5861,bronze/education-higher-ed/education_he-student-enrolments-pivot_2024.xlsx
Western Sydney University,Management and Commerce,08,domestic,,2021,5628,bronze/education-higher-ed/education_he-student-enrolments-pivot_2024.xlsx
Western Sydney University,Management and Commerce,08,domestic,,2022,4867,bronze/education-higher-ed/education_he-student-enrolments-pivot_2024.xlsx
Western Sydney University,Management and Commerce,08,domestic,,2023,4230,bronze/education-higher-ed/education_he-student-enrolments-pivot_2024.xlsx
Western Sydney University,Management and Commerce,08,domestic,,2024,4172,bronze/education-higher-ed/education_he-student-enrolments-pivot_2024.xlsx
Western Sydney University,Management and Commerce,08,international,,2020,1927,bronze/education-higher-ed/education_he-student-enrolments-pivot_2024.xlsx
Western Sydney University,Management and Commerce,08,international,,2021,1809,bronze/education-higher-ed/education_he-student-enrolments-pivot_2024.xlsx
Western Sydney University,Management and Commerce,08,international,,2022,2387,bronze/education-higher-ed/education_he-student-enrolments-pivot_2024.xlsx
Western Sydney University,Management and Commerce,08,international,,2023,3294,bronze/education-higher-ed/education_he-student-enrolments-pivot_2024.xlsx
Western Sydney University,Management and Commerce,08,international,,2024,3590,bronze/education-higher-ed/education_he-student-enrolments-pivot_2024.xlsx
Western Sydney University,Mixed Field Programmes,12,domestic,,2020,224,bronze/education-higher-ed/education_he-student-enrolments-pivot_2024.xlsx
Western Sydney University,Mixed Field Programmes,12,domestic,,2021,245,bronze/education-higher-ed/education_he-student-enrolments-pivot_2024.xlsx
Western Sydney University,Mixed Field Programmes,12,domestic,,2022,168,bronze/education-higher-ed/education_he-student-enrolments-pivot_2024.xlsx
Western Sydney University,Mixed Field Programmes,12,domestic,,2023,250,bronze/education-higher-ed/education_he-student-enrolments-pivot_2024.xlsx
Western Sydney University,Mixed Field Programmes,12,domestic,,2024,214,bronze/education-higher-ed/education_he-student-enrolments-pivot_2024.xlsx
Western Sydney University,Mixed Field Programmes,12,international,,2020,157,bronze/education-higher-ed/education_he-student-enrolments-pivot_2024.xlsx
Western Sydney University,Mixed Field Programmes,12,international,,2021,7,bronze/education-higher-ed/education_he-student-enrolments-pivot_2024.xlsx
Western Sydney University,Mixed Field Programmes,12,international,,2024,3,bronze/education-higher-ed/education_he-student-enrolments-pivot_2024.xlsx
Western Sydney University,Natural and Physical Sciences,01,domestic,,2020,3317,bronze/education-higher-ed/education_he-student-enrolments-pivot_2024.xlsx
Western Sydney University,Natural and Physical Sciences,01,domestic,,2021,3388,bronze/education-higher-ed/education_he-student-enrolments-pivot_2024.xlsx
Western Sydney University,Natural and Physical Sciences,01,domestic,,2022,3147,bronze/education-higher-ed/education_he-student-enrolments-pivot_2024.xlsx
Western Sydney University,Natural and Physical Sciences,01,domestic,,2023,2800,bronze/education-higher-ed/education_he-student-enrolments-pivot_2024.xlsx
Western Sydney University,Natural and Physical Sciences,01,domestic,,2024,2718,bronze/education-higher-ed/education_he-student-enrolments-pivot_2024.xlsx
Western Sydney University,Natural and Physical Sciences,01,international,,2020,410,bronze/education-higher-ed/education_he-student-enrolments-pivot_2024.xlsx
Western Sydney University,Natural and Physical Sciences,01,international,,2021,428,bronze/education-higher-ed/education_he-student-enrolments-pivot_2024.xlsx
Western Sydney University,Natural and Physical Sciences,01,international,,2022,584,bronze/education-higher-ed/education_he-student-enrolments-pivot_2024.xlsx
Western Sydney University,Natural and Physical Sciences,01,international,,2023,813,bronze/education-higher-ed/education_he-student-enrolments-pivot_2024.xlsx
Western Sydney University,Natural and Physical Sciences,01,international,,2024,842,bronze/education-higher-ed/education_he-student-enrolments-pivot_2024.xlsx
Western Sydney University,Non-Award Courses,,domestic,,2020,137,bronze/education-higher-ed/education_he-student-enrolments-pivot_2024.xlsx
Western Sydney University,Non-Award Courses,,domestic,,2021,119,bronze/education-higher-ed/education_he-student-enrolments-pivot_2024.xlsx
Western Sydney University,Non-Award Courses,,domestic,,2022,127,bronze/education-higher-ed/education_he-student-enrolments-pivot_2024.xlsx
Western Sydney University,Non-Award Courses,,domestic,,2023,228,bronze/education-higher-ed/education_he-student-enrolments-pivot_2024.xlsx
Western Sydney University,Non-Award Courses,,domestic,,2024,138,bronze/education-higher-ed/education_he-student-enrolments-pivot_2024.xlsx
Western Sydney University,Non-Award Courses,,international,,2020,41,bronze/education-higher-ed/education_he-student-enrolments-pivot_2024.xlsx
Western Sydney University,Non-Award Courses,,international,,2021,13,bronze/education-higher-ed/education_he-student-enrolments-pivot_2024.xlsx
Western Sydney University,Non-Award Courses,,international,,2022,33,bronze/education-higher-ed/education_he-student-enrolments-pivot_2024.xlsx
Western Sydney University,Non-Award Courses,,international,,2023,50,bronze/education-higher-ed/education_he-student-enrolments-pivot_2024.xlsx
Western Sydney University,Non-Award Courses,,international,,2024,35,bronze/education-higher-ed/education_he-student-enrolments-pivot_2024.xlsx
Western Sydney University,Society and Culture,09,domestic,,2020,12610,bronze/education-higher-ed/education_he-student-enrolments-pivot_2024.xlsx
Western Sydney University,Society and Culture,09,domestic,,2021,12644,bronze/education-higher-ed/education_he-student-enrolments-pivot_2024.xlsx
Western Sydney University,Society and Culture,09,domestic,,2022,11575,bronze/education-higher-ed/education_he-student-enrolments-pivot_2024.xlsx
Western Sydney University,Society and Culture,09,domestic,,2023,10434,bronze/education-higher-ed/education_he-student-enrolments-pivot_2024.xlsx
Western Sydney University,Society and Culture,09,domestic,,2024,9961,bronze/education-higher-ed/education_he-student-enrolments-pivot_2024.xlsx
Western Sydney University,Society and Culture,09,international,,2020,895,bronze/education-higher-ed/education_he-student-enrolments-pivot_2024.xlsx
Western Sydney University,Society and Culture,09,international,,2021,895,bronze/education-higher-ed/education_he-student-enrolments-pivot_2024.xlsx
Western Sydney University,Society and Culture,09,international,,2022,1042,bronze/education-higher-ed/education_he-student-enrolments-pivot_2024.xlsx
Western Sydney University,Society and Culture,09,international,,2023,1209,bronze/education-higher-ed/education_he-student-enrolments-pivot_2024.xlsx
Western Sydney University,Society and Culture,09,international,,2024,1422,bronze/education-higher-ed/education_he-student-enrolments-pivot_2024.xlsx
